:020000040800F2
:100000000000022049970008E9930008EF930008D8
:10001000F5930008FB93000801940008000000001D
:10002000000000000000000000000000079400082D
:100030001594000800000000239400083194000883
:1000400099970008999700089997000899970008D0
:1000500099970008999700089997000899970008C0
:100060009997000899970008999700083D9400080F
:100070005194000899970008659400089997000822
:10008000799400088D9400089997000899970008C2
:10009000A19400089997000899970008999700087B
:1000A00099970008B5940008999700089997000857
:1000B000C994000899970008999700089997000833
:1000C0009997000899970008999700089997000850
:1000D00099970008DD940008F59400080D95000834
:1000E00099970008999700089997000829950008A2
:1000F0003D950008999700089997000851950008C8
:100100009997000899970008659500089997000845
:1001100099970008799500088D950008A195000829
:1001200099970008B5950008C995000899970008A7
:10013000999700080000000000000000999700084F
:1001400099970008DD95000899970008999700088D
:10015000999700089997000899970008F195000869
:1001600099970008999700089997000899970008AF
:10017000999700089997000800000000000000000F
:08018000999700089997000807
:100190000348044B834202D0034B03B11847704716
:1001A000840000208400002000000000054806496B
:1001B0000B1AD90F01EBA301491002D0034B03B175
:1001C00018477047840000208400002000000000D1
:1001D00010B5064C237843B9FFF7DAFF044B13B18F
:1001E0000448AFF300800123237010BD8800002075
:1001F00000000000A828010808B5044B1BB1044901
:100200000448AFF30080BDE80840CFE700000000DD
:100210008C000020A828010808B52DED028BB0EE57
:10022000408A00F02FF8144B93F900300133F0EEC0
:10023000408A0FD0B4EE488AF1EE10FA0AD6B0EE3A
:10024000480A00F0A3FAF7EE007AB4EEE70AF1EEFE
:1002500010FA04DCB0EE680ABDEC028B08BD01F0B8
:10026000D3F8BDEC028B034621221A600348BDE897
:10027000084000F093BA00BF00000020DC33010802
:1002800000F006B938B510EE105A25F00044B4F16C
:100290007E5F2DED048B00F085807ADCB4F17C5F0D
:1002A0000FDAB4F1485F80F29C80DFED697A70EE7E
:1002B000277AB7EE007AF4EEC77AF1EE10FA00F37F
:1002C0008D8000F063FAF7EE007A37EEC00AB6EEE2
:1002D000008A20EE088A9FED5F7ADFED5F6A9FED6E
:1002E0005F6A9FED5F5ADFED5F5ADFED5F8AE8EEF0
:1002F000076A9FED5E7AA8EE067A9FED5D6AA6EE2C
:10030000885AA7EE086A9FED5B7ADFED5B6AE5EE3F
:10031000085AA6EE087AE5EE886AE7EE087AE6EE75
:10032000888AB0EE480AB0EE679A00F057F9534B4E
:100330009C4268EE888A42DC10EE103A23F47F6318
:1003400023F00F0306EE903AA6EEE68A70EE267AC8
:1003500088EE895AC8EE274A9FED497ADFED497A3F
:10036000B0EE006AA4EEC67A30EE000AF0EE675AEC
:10037000E6EEC65A90EE057A37EE657A37EEC77A22
:10038000002D0ADCBDEC048BB1EE477AB0EE470AD3
:1003900038BD70EE407A87EEA77ABDEC048BB0EEE4
:1003A000470A38BD9FED367ADFED377A20EE077ABF
:1003B000BDEC048BA0EE277AB0EE470A38BD88EE7C
:1003C000896A9FED327ADFED307AA0EE060AF0EE10
:1003D000006AA0EE267A37EEC77AD1E7B0EE407A0F
:1003E000DBE760EE007A9FED1B7ADFED1B6A9FED85
:1003F0001C6ADFED1A5A9FED1B5AE7EE876ABDECC7
:10040000048BA6EEA76A9FED197ADFED196AA7EEB5
:10041000A57AA6EE275AE7EE276ADFED175A9FED79
:10042000156A9FED117AE5EE275AA6EEA76AA5EEAA
:10043000A77AF7EE006AE6EE276A67EE277AB0EE53
:10044000407A87EEA66AA0EE067AB0EE470A38BD7B
:10045000CAF2497108EF1138047F4F3A2EC69D3D0C
:10046000461124BDA80A4E3EABAA2A3E613330BFD6
:100470002D57014039D119C090B0A6BE9999793F46
:100480002EBD3BB3DB0F493FDB0FC93F2EBD3B33D6
:1004900010B582B0CDED010A019B23F00042B2F10C
:1004A000FF4FF0EE407A30DC10EE100A20F00041F1
:1004B000B1F1FF4F29DCB3F17E5F42D09C1704F00D
:1004C000020444EAD07431B37AB3B2F1FF4F40D0A2
:1004D000B1F1FF4F29D08A1AB2F1F45F4FEAE2512D
:1004E00034DA002B42DA3C3140DA9FED340A012C39
:1004F0004ED0022C43D064B19FED317ADFED317ADA
:1005000030EE070A30EE670A03E09DED017A37EE20
:10051000270A02B010BD022C10D09FED2B0A032C2D
:1005200018BFB0EE670A02B010BD9FED280ADFEDDC
:10053000287A0028B8BFB0EE670AEAE79FED210AE3
:10054000E7E702B0BDE8104000F04CB89FED1F0A8D
:10055000CDE7B1F1FF4F04F1FF3420D0022C26D8B3
:100560001C4B03EB840494ED030AD2E79DED017A62
:1005700087EE870A00F00AF900F034F8B7E79FED3C
:10058000107ADFED107A30EE070A37EEC00AC0E7C6
:1005900010EE103A03F1004300EE103AB9E7022CD6
:1005A00008D80C4B03EB840494ED000AB1E79FEDEF
:1005B000030AAEE79FED080AABE700BF00000000AA
:1005C0002EBDBB33DB0F4940DB0F49C0DB0FC93FFA
:1005D000DB0FC9BF90300108DB0F493FB1EEC00A05
:1005E000704700BF38B510EE105A25F00044B4F142
:1005F000A14FF0EE407A0BDBB4F1FF4F58DCDFED9A
:10060000517A9FED510A002DC8BFB0EE670A38BD80
:100610004E4B9C425BDCB4F1445F4CDB4FF0FF324D
:1006200067EEA76ADFED4A4ADFED4A5A9FED4A5A64
:100630009FED4A4A26EEA67AB0EE666AE7EE245AA5
:10064000531CDFED474ADFED476AA5EE875AE7EE18
:10065000246ADFED455ADFED454AE6EE875AA5EEFE
:10066000074A9FED435ADFED436AA5EE875AE4EE51
:10067000074ADFED415AE4EE876AE5EE075A66EE77
:10068000866A25EE877A37D03C4B03EB820376EE01
:10069000876A93ED000A93ED047A96EEA70A002D7F
:1006A00070EE677A37EE670AB1DAB1EE400A38BD0C
:1006B00030EE000A38BD9FED327A30EE077AF7EE61
:1006C000006AB4EEE67AF1EE10FAA7DD38BD00F06C
:1006D0005DF82C4B9C4216DCA3F5D0039C4227DC32
:1006E000F0EE007ABFEE007AA0EE277A002230EE1C
:1006F000270AC7EE007A93E776EE876AE6EEE77A96
:10070000B0EE670A38BD204B9C420BDCF7EE087A4E
:10071000B7EE007AA0EE277A022230EE670AC0EE2A
:10072000077A7DE7BFEE007AC7EE007A032277E70B
:10073000F7EE007A30EE677A30EE270A0122C7EE34
:10074000007A6DE7DB0FC93FDB0FC9BFFFFFDF3E5C
:10075000D769853C59DA4B3D356B883D6E2EBA3DE5
:1007600021A215BD6BF16EBD95879DBD2549123E39
:10077000388EE3BDABAAAA3ECDCC4CBEA830010852
:10078000CAF24971FFFF973FFFFF1B4010EE103A7E
:1007900023F0004300EE103A704700BF9FED010ABE
:1007A000704700BF0000C07F81F0004102E000BF41
:1007B00083F0004330B54FEA41044FEA430594EA21
:1007C000050F08BF90EA020F1FBF54EA000C55EA5C
:1007D000020C7FEA645C7FEA655C00F0E2804FEA2D
:1007E0005454D4EB5555B8BF6D420CDD2C4480EA0F
:1007F000020281EA030382EA000083EA010180EA3F
:10080000020281EA0303362D88BF30BD11F0004F8C
:100810004FEA01314FF4801C4CEA113102D04042C2
:1008200061EB410113F0004F4FEA03334CEA1333FD
:1008300002D0524263EB430394EA050F00F0A78015
:10084000A4F10104D5F1200E0DDB02FA0EFC22FA10
:1008500005F2801841F1000103FA0EF2801843FA04
:1008600005F359410EE0A5F120050EF1200E012AF5
:1008700003FA0EFC28BF4CF0020C43FA05F3C01833
:1008800051EBE37101F0004507D54FF0000EDCF1AC
:10089000000C7EEB00006EEB0101B1F5801F1BD355
:1008A000B1F5001F0CD349085FEA30004FEA3C0C59
:1008B00004F101044FEA445212F5800F80F09A804F
:1008C000BCF1004F08BF5FEA500C50F1000041EB53
:1008D000045141EA050130BD5FEA4C0C404141EB57
:1008E0000101013C28BFB1F5801FE9D291F0000F52
:1008F00004BF01460020B1FA81F308BF2033A3F101
:100900000B03B3F120020CDA0C3208DD02F1140CF7
:10091000C2F10C0201FA0CF021FA02F10CE002F132
:100920001402D8BFC2F1200C01FA02F120FA0CFC2B
:10093000DCBF41EA0C019040E41AA2BF01EB045174
:10094000294330BD6FEA04041F3C1CDA0C340EDC72
:1009500004F11404C4F1200220FA04F001FA02F3B5
:1009600040EA030021FA04F345EA030130BDC4F173
:100970000C04C4F1200220FA02F001FA04F340EA68
:100980000300294630BD21FA04F0294630BD94F019
:10099000000F83F4801306BF81F480110134013D00
:1009A0004EE77FEA645C18BF7FEA655C29D094EA71
:1009B000050F08BF90EA020F05D054EA000C04BFEF
:1009C0001946104630BD91EA030F1EBF00210020DA
:1009D00030BD5FEA545C05D14000494128BF41F079
:1009E000004130BD14F580043CBF01F5801130BDDD
:1009F00001F0004545F0FE4141F470014FF0000068
:100A000030BD7FEA645C1ABF194610467FEA655C18
:100A10001CBF0B46024650EA013406BF52EA0335BA
:100A200091EA030F41F4002130BD00BF90F0000FA8
:100A300004BF0021704730B54FF4806404F13204E4
:100A40004FF000054FF0000150E700BF90F0000F9D
:100A500004BF0021704730B54FF4806404F13204C4
:100A600010F0004548BF40424FF000013EE700BF94
:100A700042004FEAE2014FEA31014FEA02701FBF24
:100A800012F07F4393F07F4F81F06051704732F056
:100A90007F4208BF704793F07F4F04BF41F40021AD
:100AA000704730B54FF4607401F0004521F000410B
:100AB0001CE700BF50EA010208BF704730B54FF095
:100AC00000050AE050EA010208BF704730B511F096
:100AD000004502D5404261EB41014FF4806404F1CE
:100AE00032045FEA915C3FF4D8AE4FF003025FEA54
:100AF000DC0C18BF03325FEADC0C18BF033202EBD8
:100B0000DC02C2F1200300FA03FC20FA02F001FA31
:100B100003FE40EA0E0021FA02F11444BDE600BFD4
:100B200070B54FF0FF0C4CF4E06C1CEA11541DBF83
:100B30001CEA135594EA0C0F95EA0C0F00F0DEF84E
:100B40002C4481EA030621EA4C5123EA4C5350EA33
:100B5000013518BF52EA033541F4801143F4801384
:100B600038D0A0FB02CE4FF00005E1FB02E506F015
:100B70000042E0FB03E54FF00006E1FB03569CF06A
:100B8000000F18BF4EF0010EA4F1FF04B6F5007F70
:100B900064F5407404D25FEA4E0E6D4146EB0606E2
:100BA00042EAC62141EA55514FEAC52040EA5E506B
:100BB0004FEACE2EB4F1FD0C88BFBCF5E06F1ED815
:100BC000BEF1004F08BF5FEA500E50F1000041EB4C
:100BD000045170BD06F0004646EA010140EA0200F9
:100BE00081EA0301B4EB5C04C2BFD4EB0C0541EA1B
:100BF000045170BD41F480114FF0000E013C00F330
:100C0000AB8014F1360FDEBF002001F0004170BD53
:100C1000C4F10004203C35DA0C341BDC04F114046C
:100C2000C4F1200500FA05F320FA04F001FA05F2F8
:100C300040EA020001F0004221F0004110EBD370C5
:100C400021FA04F642EB06015EEA430E08BF20EAF1
:100C5000D37070BDC4F10C04C4F1200500FA04F394
:100C600020FA05F001FA04F240EA020001F0004126
:100C700010EBD37041F100015EEA430E08BF20EA99
:100C8000D37070BDC4F1200500FA05F24EEA020EE1
:100C900020FA04F301FA05F243EA020321FA04F010
:100CA00001F0004121FA04F220EA020000EBD370C7
:100CB0005EEA430E08BF20EAD37070BD94F0000FC7
:100CC0000FD101F00046400041EB010111F4801FFB
:100CD00008BF013CF7D041EA060195F0000F18BFAC
:100CE000704703F00046520043EB030313F4801FE8
:100CF00008BF013DF7D043EA0603704794EA0C0FA2
:100D00000CEA135518BF95EA0C0F0CD050EA4106B7
:100D100018BF52EA4306D1D181EA030101F0004134
:100D20004FF0000070BD50EA410606BF104619465C
:100D300052EA430619D094EA0C0F02D150EA013668
:100D400013D195EA0C0F05D152EA03361CBF1046A9
:100D500019460AD181EA030101F0004141F0FE4148
:100D600041F470014FF0000070BD41F0FE4141F4CC
:100D7000780170BD70B54FF0FF0C4CF4E06C1CEACC
:100D800011541DBF1CEA135594EA0C0F95EA0C0F81
:100D900000F0A7F8A4EB050481EA030E52EA03353C
:100DA0004FEA013100F088804FEA03334FF080555D
:100DB00045EA131343EA12634FEA022245EA11158A
:100DC00045EA10654FEA00260EF000419D4208BF3B
:100DD000964244F1FD0404F5407402D25B084FEAE8
:100DE0003202B61A65EB03055B084FEA32024FF494
:100DF00080104FF4002CB6EB020E75EB030E22BFF1
:100E0000B61A754640EA0C005B084FEA3202B6EBB0
:100E1000020E75EB030E22BFB61A754640EA5C005F
:100E20005B084FEA3202B6EB020E75EB030E22BFEF
:100E3000B61A754640EA9C005B084FEA3202B6EBF0
:100E4000020E75EB030E22BFB61A754640EADC00AF
:100E500055EA060E18D04FEA051545EA16754FEA11
:100E600006164FEAC30343EA52734FEAC2025FEA2F
:100E70001C1CC0D111F4801F0BD141EA00014FF0BE
:100E800000004FF0004CB6E711F4801F04BF01438F
:100E90000020B4F1FD0C88BFBCF5E06F3FF6AFAEAB
:100EA000B5EB030C04BFB6EB020C5FEA500C50F13B
:100EB000000041EB045170BD0EF0004E4EEA1131BE
:100EC00014EB5C04C2BFD4EB0C0541EA045170BDC5
:100ED00041F480114FF0000E013C90E645EA060E09
:100EE0008DE60CEA135594EA0C0F08BF95EA0C0F37
:100EF0003FF43BAF94EA0C0F0AD150EA01347FF47F
:100F000034AF95EA0C0F7FF425AF104619462CE755
:100F100095EA0C0F06D152EA03353FF4FDAE1046B8
:100F2000194622E750EA410618BF52EA43067FF409
:100F3000C5AE50EA41047FF40DAF52EA43057FF499
:100F4000EBAE12E74FF0FF3C06E000BF4FF0010CA4
:100F500002E000BF4FF0010C4DF804CD4FEA410C08
:100F60007FEA6C5C4FEA430C18BF7FEA6C5C1BD0D5
:100F700001B050EA410C0CBF52EA430C91EA030F56
:100F800002BF90EA020F0020704710F1000F91EAB3
:100F9000030F58BF994208BF90422CBFD8176FEA81
:100FA000E37040F0010070474FEA410C7FEA6C5C4F
:100FB00002D150EA013C07D14FEA430C7FEA6C5C56
:100FC000D6D152EA033CD3D05DF8040B704700BF82
:100FD0008446104662468C461946634600E000BFD0
:100FE00001B5FFF7B7FF002848BF10F1000F01BDA2
:100FF0004DF808EDFFF7F4FF0CBF012000205DF86D
:1010000008FB00BF4DF808EDFFF7EAFF34BF0120F1
:1010100000205DF808FB00BF4DF808EDFFF7E0FF8A
:1010200094BF012000205DF808FB00BF4DF808EDDB
:10103000FFF7CEFF94BF012000205DF808FB00BF42
:101040004DF808EDFFF7C4FF34BF012000205DF824
:1010500008FB00BF4FEA4102B2F1E04324BFB3F501
:10106000001CDCF1FE5C0DD901F0004C4FEAC0021F
:101070004CEA5070B2F1004F40EB830008BF20F003
:101080000100704711F0804F21D113F13872BCBFBD
:1010900001F00040704741F480114FEA5252C2F112
:1010A0001802C2F1200C10FA0CF320FA02F018BF5B
:1010B00040F001004FEAC1234FEAD32303FA0CFCAE
:1010C00040EA0C0023FA02F34FEA4303CCE77FEA3D
:1010D000625307D150EA01331EBF4FF0FE4040F487
:1010E0004000704701F0004040F0FE4040F4000036
:1010F000704700BF53B94AB9002908BF00281CBF78
:101100004FF0FF314FF0FF3000F074B9ADF1080C33
:101110006DE904CE00F006F8DDF804E0DDE9022315
:1011200004B070472DE9F047089D04468E46002B19
:101130004DD18A42944669D9B2FA82F252B101FA8B
:1011400002F3C2F1200120FA01F10CFA02FC41EA9B
:10115000030E94404FEA1C48210CBEFBF8F61FFA20
:101160008CF708FB16E341EA034306FB07F19942BB
:101170000AD91CEB030306F1FF3080F01F8199426E
:1011800040F21C81023E63445B1AA4B2B3FBF8F048
:1011900008FB103344EA034400FB07F7A7420AD9CF
:1011A0001CEB040400F1FF3380F00A81A74240F2F7
:1011B00007816444023840EA0640E41B00261DB162
:1011C000D4400023C5E900433146BDE8F0878B4297
:1011D00009D9002D00F0EF800026C5E90001304656
:1011E0003146BDE8F087B3FA83F6002E4AD18B4230
:1011F00002D3824200F2F980841A61EB03030120DA
:101200009E46002DE0D0C5E9004EDDE702B9FFDEC5
:10121000B2FA82F2002A40F09280A1EB0C014FEA70
:101220001C471FFA8CFE0126200CB1FBF7F307FBCD
:10123000131140EA01410EFB03F0884208D91CEB70
:10124000010103F1FF3802D2884200F2CB8043460D
:10125000091AA4B2B1FBF7F007FB101144EA0144EC
:101260000EFB00FEA64508D91CEB040400F1FF317B
:1012700002D2A64500F2BB800846A4EB0E0440EA69
:1012800003409CE7C6F12007B34022FA07FC4CEA72
:10129000030C20FA07F401FA06F31C43F9404FEA65
:1012A0001C4900FA06F3B1FBF9F8200C1FFA8CFE7A
:1012B00009FB181140EA014108FB0EF0884202FACE
:1012C00006F20BD91CEB010108F1FF3A80F088808F
:1012D000884240F28580A8F102086144091AA4B24C
:1012E000B1FBF9F009FB101144EA014100FB0EFECD
:1012F0008E4508D91CEB010100F1FF346CD28E45FC
:101300006AD90238614440EA0840A0FB0294A1EB8C
:101310000E01A142C846A64656D353D05DB1B3EBE9
:10132000080261EB0E0101FA07F722FA06F3F14019
:101330001F43C5E9007100263146BDE8F087C2F1C0
:101340002003D8400CFA02FC21FA03F39140014338
:101350004FEA1C471FFA8CFEB3FBF7F007FB103671
:101360000B0C43EA064300FB0EF69E4204FA02F41D
:1013700008D91CEB030300F1FF382FD29E422DD970
:10138000023863449B1B89B2B3FBF7F607FB1633A5
:1013900041EA034106FB0EF38B4208D91CEB010125
:1013A00006F1FF3816D28B4214D9023E6144C91AA5
:1013B00046EA004638E72E46284605E70646E3E6B5
:1013C0001846F8E64B45A9D2B9EB020864EB0C0EBF
:1013D0000138A3E74646EAE7204694E74046D1E7CE
:1013E000D0467BE7023B614432E7304609E764447C
:1013F000023842E7704700BF08B5062000F08CFABB
:10140000012008F097F900BF014B1868704700BF32
:101410000400002070B50D4E0D4D761BB61006D0A1
:10142000002455F8043B01349847A642F9D1094EEF
:10143000094D761B11F038FAB61006D0002455F885
:10144000043B01349847A642F9D170BDFC33010832
:10145000FC33010830340108FC330108024B01461B
:10146000186800F059B900BF04000020024B014683
:10147000186800F0EFB800BF04000020844641EA7D
:10148000000313F003036DD1403A41D351F8043BFC
:1014900040F8043B51F8043B40F8043B51F8043B4E
:1014A00040F8043B51F8043B40F8043B51F8043B3E
:1014B00040F8043B51F8043B40F8043B51F8043B2E
:1014C00040F8043B51F8043B40F8043B51F8043B1E
:1014D00040F8043B51F8043B40F8043B51F8043B0E
:1014E00040F8043B51F8043B40F8043B51F8043BFE
:1014F00040F8043B51F8043B40F8043B51F8043BEE
:1015000040F8043B51F8043B40F8043B403ABDD25C
:10151000303211D351F8043B40F8043B51F8043BFE
:1015200040F8043B51F8043B40F8043B51F8043BBD
:1015300040F8043B103AEDD20C3205D351F8043B8D
:1015400040F8043B043AF9D2043208D0D2071CBF59
:1015500011F8013B00F8013B01D30B880380604682
:10156000704700BF082A13D38B078DD010F00303F8
:101570008AD0C3F10403D21ADB071CBF11F8013B68
:1015800000F8013B80D331F8023B20F8023B7BE7B7
:10159000043AD9D3013A11F8013B00F8013BF9D2E2
:1015A0000B7803704B7843708B788370604670477C
:1015B000830730B548D0541E002A3FD0CAB2034634
:1015C00001E0013C3AD303F8012B9D07F9D1032C2C
:1015D0002DD9CDB245EA05250F2C45EA054536D96A
:1015E000A4F1100222F00F0C03F1200EE6444FEAA2
:1015F000121C03F1100242E9045542E9025510326F
:101600007245F8D10CF1010214F00C0F03EB021239
:1016100004F00F0C13D0ACF1040323F003030433E4
:10162000134442F8045B9342FBD10CF003042CB149
:10163000CAB21C4403F8012B9C42FBD130BD644666
:101640001346002CF4D1F9E703461446BFE71A46C7
:10165000A446E0E7002958D030B551F8043C83B0E7
:10166000002BA1F10404B8BFE418019000F048FA7F
:10167000284A0198136833B1A3420DD9216804EBBD
:10168000010C63452FD06360146003B0BDE83040A7
:1016900000F038BAA34210D81A465B68002BF9D183
:1016A000116802EB010C644519D02FD363605460BC
:1016B00003B0BDE8304000F025BA116802EB010C20
:1016C000A44516D022D8216804EB010C6345EDD166
:1016D0001D685B682944C4E900135460D5E723689A
:1016E00019441160D1E71D685B682944C4E90013FF
:1016F000CAE7246821445418A3421160C5D1D3E934
:1017000000432144C2E90013BFE770470C23036084
:10171000BBE700BFA4000020F8B5CD1C25F00305F1
:1017200008350C2D38BF0C25002D064623DBA942B9
:1017300021D8254F00F0E4F93A6822B3144603E0BB
:1017400063682246FBB11C4623685B1BF8D40B2B55
:1017500015D8636894420CBF3B605360304600F07C
:10176000D1F904F10B00231D20F00700C21A01D0AB
:101770001B1AA350F8BD0C2333600020F8BD236072
:101780001C442560EAE77968C9B12946304600F073
:101790001DF8431C0CD0C41C24F00304A04205D047
:1017A000211A304600F012F8013001D02560D5E74B
:1017B0000C233046336000F0A5F90020F8BD304618
:1017C00000F004F87860E0E7A400002038B5074D89
:1017D0000022044608462A6007F05EFF431C00D042
:1017E00038BD2B68002BFBD0236038BDAC00002037
:1017F00038B5446C0CB1002038BD80210546FFF798
:101800008BFF0246686430B1031F7C3243F8044FFB
:101810009342FBD1EFE74FF0FF3038BD1F29F8B5F9
:10182000054608D8466C0C4617464EB156F82400BB
:1018300046F82470F8BD162303604FF0FF30F8BD62
:101840008021FFF769FF0646686440B1031F00F17D
:101850007C05002143F8041F9D42FBD1E6E74FF0D1
:10186000FF30F8BD1F2938B5054620D8426C0C461C
:101870006AB152F8213053B1012B16D0591C10D047
:101880000025204642F824509847284638BD28466F
:1018900000F0F8F8224601462846BDE8384000F03E
:1018A000DBB816230360012038BD002038BD1623A5
:1018B00003604FF0FF3038BD1F292AD8426C38B57D
:1018C0000C46054682B152F8243002EB84024BB13B
:1018D000591C19D0012B15D00025204615609847BA
:1018E000284638BD012038BD8021FFF715FF02468C
:1018F000686458B1031F00217C3043F8041F9842EC
:10190000FBD1E0E7032038BD022038BD4FF0FF30A7
:1019100038BD4FF0FF30704738B5144B1F281D6895
:101920001FD86A6C044662B152F820304BB1012BCB
:1019300015D0591C0FD0002542F820509847284652
:1019400038BD284600F09EF8224601462846BDE8EC
:10195000384000F081B816232B60012038BD0020EC
:1019600038BD16232B604FF0FF3038BD0400002037
:10197000124B1F2870B51E6808D80D46716C0446BE
:1019800049B151F8240041F8245070BD162333604A
:101990004FF0FF3070BD80213046FFF7BDFE01469D
:1019A000706440B1031F00F17C0C002243F8042F47
:1019B0006345FBD1E5E74FF0FF3070BD0400002028
:1019C00038B50B4B1D686C6C0CB1002038BD802104
:1019D0002846FFF7A1FE686438B1031F00F17C02BE
:1019E00043F8044F9342FBD1EFE74FF0FF3038BD8F
:1019F0000400002038B5174B1F281D6826D86A6CD4
:101A0000044682B152F8243002EB84024BB1591CD7
:101A10001AD0012B16D0002520461560984728467D
:101A200038BD012038BD80212846FFF775FE0246EB
:101A3000686458B1031F00217C3043F8041F8342BF
:101A4000FBD1DFE7032038BD022038BD4FF0FF3067
:101A500038BD00BF0400002070B50C46084D034699
:101A60000026204611461C462E6007F053FE431CFC
:101A700000D070BD2B68002BFBD0236070BD00BF71
:101A8000AC00002007F03EBE0CB410B59CB01EABFD
:101A90006FF00044CDE906140291084953F8042B75
:101AA000059102A90193049400F00CF9029B002215
:101AB0001A701CB0BDE8104002B070470802FFFF6A
:101AC0000EB410B59DB06FF000411FABCDE906011B
:101AD0000491094953F8042B0290084C08680193BB
:101AE00002A9059400F0EEF8029B00221A701DB0C6
:101AF000BDE8104003B07047040000200802FFFF5B
:101B0000704700BF704700BF2DE9F0478F689F42C4
:101B10000C461D46164638D88246888910F4906FC8
:101B20000ED108683D462A46314600F029FCA268DD
:101B30002368D21B2B44A26023600020BDE8F087FD
:101B40004B69096903EB4308236808EBD878A3EBDA
:101B500001096B1C4FEA68084B444345424684BF69
:101B600098464246430513D511465046FFF7D4FD2B
:101B7000074608B321694A46FFF780FCA38923F48E
:101B8000906343F08003A38107E008681F46CAE71B
:101B9000504600F071FC074650B107EB0900A8EB76
:101BA00009032761C4F81480A36020602F46BAE7B8
:101BB00021695046FFF74EFD0C23CAF80030A38977
:101BC00043F040034FF0FF30A381B7E72DE9F04F1A
:101BD000936883B09146002B6ED017688D6880465D
:101BE0000C460868083744E0A38913F4906F2ED0A0
:101BF000D4E90415A0EB010A05EB450505EBD57505
:101C00000AEB06006D100130A8422A4684BF054643
:101C10002A465B0537D511464046FFF77DFD002873
:101C20003BD0524621690190FFF728FCA289019B15
:101C300022F4906242F08002A281A5EB0A0203EB3B
:101C40000A006561A260236120603546B2465946AC
:101C5000524600F095FBA068D9F808102368451B90
:101C60008E1B03EB0A00A5602060C9F808601EB354
:101C7000083757E902B6002EFAD0B542AA46B3D9C2
:101C80003546B246E3E7404600F0F6FB034600283F
:101C9000D3D121694046FFF7DDFC0C23C8F80030A2
:101CA000A389002243F040034FF0FF30A381C9E92C
:101CB000012203B0BDE8F08F0020C9F8040003B092
:101CC000BDE8F08F2DE9F04F92468A8915069DB048
:101CD000884681461C4603D50A69002A00F0EF8039
:101CE000002209929AF800307E4D039420228DF84C
:101CF000292030228DF82A200126002B72D054464C
:101D000003E014F8013F002B76D0252BF9D1B4EB7A
:101D10000A0B74D12278002A64D000234FF0FF32DE
:101D2000CDE90523049307938DF853301A930134BA
:101D300004E0049A06FA03F313430493A24605222F
:101D400014F8011B284600F0CBFA431B0028F0D101
:101D5000049BD80644BF20228DF8532019079AF817
:101D6000001044BF2B228DF853202A2954D1039A06
:101D700011680432002903927CDB07919AF8011064
:101D80000AF1010A2E2959D0574C0322204600F0AF
:101D9000A7FA40B1049B001B402404FA00F003435F
:101DA00004930AF1010A1AF8011B50488DF8281013
:101DB000062200F095FA002862D04D4B002B52D03D
:101DC00003AA00924B4B424604A94846AFF3008059
:101DD00007467A1C06D0099B3B4409939AF80030C9
:101DE000002B8CD1B8F80C305B0654BF09984FF02B
:101DF000FF301DB0BDE8F08FB4EB0A0BF2D05B46AC
:101E0000524641464846FFF77FFE0130EAD0099B23
:101E100022785B4409937EE7A1F13002092AB1D808
:101E2000079B1AF8011F03EB830302EB4303A1F1A5
:101E30003002092AF5D92E290793A5D19AF8011065
:101E40002A2927D1039B9AF802101A6805920433B5
:101E5000002A0AF102000393B8BF4FF0FF33824615
:101E6000B8BF059390E7039B073323F007030833BC
:101E70000393B0E7494243F00203079104937DE7DF
:101E800003AA00921B4B424604A9484600F0CAF838
:101E900007469EE7A1F130020023092A05930AF1C3
:101EA000010A3FF671AF1AF8011F03EB830302EB3F
:101EB0004303A1F13002092AF5D9059364E74021D3
:101EC000FFF72AFCC8F80000C8F8100018B140223B
:101ED000C8F8142004E70C23C9F800304FF0FF3095
:101EE00087E700BFB8330108C0330108C4330108D5
:101EF00000000000091B00082DE9F84F92461F461C
:101F00000A698B68DDF828909A42B8BF1A46CAF869
:101F1000002091F843300C46064613B10132CAF84E
:101F20000020226891065DD5DAF800300233CAF845
:101F30000030226812F0060F11461ED1E168CB1A5C
:101F4000002BD8BF114618DD04F1190B4FF0000823
:101F500005E0E568DAF80030ED1A45450CDD0123AF
:101F60005A4639463046C847013008F10108F0D1D9
:101F70004FF0FF30BDE8F88F216894F84330003B04
:101F800018BF01238A060AD5E1185A1C302081F8AF
:101F90004300224494F8451082F84310023304F1C0
:101FA000430239463046C8470130E1D0236803F088
:101FB0000603042B1DD0A3682269934225DD4FF050
:101FC00000089B1A98441A34002501E045451CDAA4
:101FD0000123224639463046C847013005F1010544
:101FE000F4D1C5E712F0060F12D0003B18BF012351
:101FF000D5E7DAF80030E1682269C91AA36893428C
:1020000021EAE178DDDC0029DDDC0020BDE8F88F85
:10201000E168DAF80030CB1A002BD8BF114693DC08
:10202000ABE700BF2DE9F0470C4684B09046227E16
:102030000C990746994604F14300002A33D0A2F1D7
:102040005803DDB2202D67D8202B65D8DFE813F0C8
:10205000DE006400640064006400640064006400E6
:10206000640064006400A3006E0064006400640007
:1020700064006E00640064006400640021007F005E
:10208000C00064006400AE0064007F00640064006F
:10209000E50023681A0640F104810B6862691D1D82
:1020A0000D601B681A60002382462361CDF8009002
:1020B000434603AA21463846FFF71EFF013020D0D1
:1020C0002369524641463846C847013019D0236833
:1020D000E068039E9B0719D5831B002B16DD04F1D6
:1020E000190A002504E0E068039E831BAB420DDD66
:1020F0000123524641463846C847013005F10105E3
:10210000F1D14FF0FF3004B0BDE8F087B042B8BF66
:10211000304604B0BDE8F087012384F842202361F3
:1021200004F1420A002384F84330BFE723681A060B
:1021300002D45E0600F1C1800D682A6804350D6086
:102140001546002A6BDBDFF884C10A2610E02368FD
:102150001D0640F19C800B681D1D0D601D68DFF899
:102160006CC16F2A0CBF08260A26002384F843306E
:102170006268A260002A7FDB236823F004032360E7
:10218000002D5BD1002A79D18246082E65D0A0EBC4
:102190000A0020618AE70B680122186804330B608B
:1021A00004F1420A84F842002261BBE70B686268CE
:1021B000181D0860D3F800A00021504600F090F8E8
:1021C000002800F08180A0EB0A0060602061A9E790
:1021D000236843F0200323607822DFF8F4C084F8FA
:1021E00045200A68151D0D601D0643D4590641D5CA
:1021F0001588DE0744BF43F020032360002D44D13F
:10220000236823F0200323601026AEE7582384F8C8
:102210004530DFF8B8C02368E3E72368DCE762688D
:10222000A2602D21002AC5F1000584F8431002DBCD
:1022300023F004032360DFF894C00A268246B5FB2E
:10224000F6F306FB13512A461CF801100AF8011D8B
:10225000B2421D46F3D2082E99D12368D90796D5EC
:10226000626823699A4292DC30230AF8013C0AF141
:10227000FF3A8CE71568BCE7002DDFD19CF80030F1
:1022800084F8423004F1420A7FE710266DE713F02C
:10229000400F0B6803F104050D600CBF1D681D881D
:1022A0005DE713F0400F0B68626903F104050D60F0
:1022B0001B6814BF1A801A60F5E60A68B2F900506C
:1022C00004320A602A463CE760687FE7CC330108A5
:1022D000E0330108000000000000000000000000E2
:1022E00001F0FF01102A2BDB10F0070F08D010F8C7
:1022F000013B013A8B422DD010F0070F42B3F6D1CB
:10230000F0B441EA012141EA014122F007047FF0E3
:1023100000070023F0E80256083C85EA010586EA3A
:10232000010685FA47F5A3FA87F586FA47F6A5FA76
:1023300087F68EB9EED1F0BC01F0FF0102F0070282
:1023400032B110F8013B013A83EA010313B1F8D12D
:102350000020704701387047002D06BF354603380E
:10236000073815F0010F07D1013015F4807F02BF47
:10237000013015F4C03F0130F0BC0138704700BF98
:1023800088420DD98B1883420AD900EB020CBAB1EE
:10239000624613F801CD02F801CD9942F9D1704798
:1023A0000F2A0ED8034602F1FF3C4AB10CF1010C92
:1023B000013B8C4411F8012B03F8012F6145F9D141
:1023C000704740EA01039B0750D1A2F1100370B59A
:1023D00001F1200C23F00F0501F1100E00F11004A3
:1023E000AC441B095EF8105C44F8105C5EF80C5CB1
:1023F00044F80C5C5EF8085C44F8085C5EF8045C29
:1024000044F8045C0EF1100EE64504F11004E9D125
:10241000013312F00C0F01EB031102F00F0400EB7B
:10242000031327D0043C24F003064FEA940C1E4407
:102430001C1F8E465EF8045B44F8045FB442F9D179
:102440000CF1010402F0030203EB840301EB8401AD
:1024500002F1FF3C4AB10CF1010C013B8C4411F834
:10246000012B03F8012F6145F9D170BD02F1FF3C4A
:1024700003469BE72246EBE7F8B51446F9B1CAB12B
:1024800006460D4600F020F8A04202D32F463846FB
:10249000F8BD21463046FFF73FF907460028F6D041
:1024A00022462946FEF7EAFF30462946FFF7D2F8D2
:1024B0003846F8BD2746FFF7CDF83846F8BDBDE8E9
:1024C000F8401146FFF728B951F8040C0028A0F194
:1024D0000400BCBF0B58C018704700BF80B400AFE9
:1024E000064BD3F88830054A43F47003C2F88830AD
:1024F00000BFBD465DF8047B704700BF00ED00E003
:1025000080B584B000AF78607B68002B01D10123D7
:10251000EDE07B6893F82030DBB2002B02D17868C5
:1025200005F0A8FE7B681B681A687B681B6842F090
:1025300001021A6002F0FCF9F86012E002F0F8F90A
:102540000246FB68D31A0A2B0BD97B685B6A43F4FB
:1025500000327B685A627B68052283F820200123C1
:10256000C5E07B681B685B6803F00103002BE5D0C6
:102570007B681B681A687B681B6822F002021A607D
:1025800002F0D6F9F86012E002F0D2F90246FB68D8
:10259000D31A0A2B0BD97B685B6A43F400327B6841
:1025A0005A627B68052283F8202001239FE07B6824
:1025B0001B685B6803F00203002BE5D17B681B7E80
:1025C000012B08D17B681B681A687B681B6842F086
:1025D00080021A6007E07B681B681A687B681B68CA
:1025E00022F080021A607B685B7E012B08D17B6839
:1025F0001B681A687B681B6842F040021A6007E09B
:102600007B681B681A687B681B6822F040021A60AE
:102610007B689B7E012B08D17B681B681A687B68EE
:102620001B6842F020021A6007E07B681B681A688A
:102630007B681B6822F020021A607B68DB7E012B1E
:1026400008D17B681B681A687B681B6822F010023F
:102650001A6007E07B681B681A687B681B6842F099
:1026600010021A607B681B7F012B08D17B681B68F6
:102670001A687B681B6842F008021A6007E07B68F2
:102680001B681A687B681B6822F008021A607B6866
:102690005B7F012B08D17B681B681A687B681B680D
:1026A00042F004021A6007E07B681B681A687B68C6
:1026B0001B6822F004021A607B689A687B68DB68FA
:1026C0001A437B681B691A437B685B6942EA030112
:1026D0007B685B685A1E7B681B680A43DA617B680B
:1026E00000225A627B68012283F8202000231846CA
:1026F0001037BD4680BD000080B487B000AF786061
:1027000039607B6893F82030FB75FB7D012B03D08B
:10271000FB7D022B40F0BE80654B3B613B69D3F8EB
:10272000003243F001023B69C3F800223B69D3F851
:10273000003223F47C523B69C3F800223B69D3F892
:1027400000223B685B6A1B021A433B69C3F8002204
:102750003B685B6903F01F03012202FA03F3FB608D
:102760003B69D3F81C22FB68DB431A403B69C3F882
:102770001C223B68DB69002B23D13B69D3F80C2278
:10278000FB68DB431A403B69C3F80C223B68DB68FB
:1027900019043B685B689BB23A68526919433B690C
:1027A000483243F832103B689B6819043B681B6849
:1027B0009AB23B685B690A4339694833DB000B44D2
:1027C0005A603B68DB69012B22D13B69D3F80C22AC
:1027D000FB681A433B69C3F80C223B681B68190469
:1027E0003B685B689BB23A68526919433B6948325F
:1027F00043F832103B689B6819043B68DB689AB267
:102800003B685B690A4339694833DB000B445A6013
:102810003B689B69002B09D13B69D3F80422FB6814
:10282000DB431A403B69C3F8042207E03B69D3F855
:102830000422FB681A433B69C3F804223B681B6906
:10284000002B09D13B69D3F81422FB68DB431A4003
:102850003B69C3F8142207E03B69D3F81422FB68F4
:102860001A433B69C3F814223B681B6A012B07D14A
:102870003B69D3F81C22FB681A433B69C3F81C224E
:102880003B69D3F8003223F001023B69C3F8002210
:10289000002306E07B685B6A43F480227B685A620F
:1028A000012318461C37BD465DF8047B704700BF06
:1028B0000064004080B584B000AF78607B6893F816
:1028C0002030DBB2012B2ED17B68022283F820203E
:1028D0007B681B681A687B681B6822F001021A601B
:1028E00002F026F8F86012E002F022F80246FB68D7
:1028F000D31A0A2B0BD97B685B6A43F400327B68DE
:102900005A627B68052283F82020012312E07B684D
:102910001B685B6803F00103002BE5D17B68002294
:102920005A62002306E07B685B6A43F400227B68FE
:102930005A62012318461037BD4680BD80B489B065
:1029400000AFF860B9607A603B60FB6893F82030B4
:10295000FB77FB681B689B68BB61FB7F012B03D087
:10296000FB7F022B40F0AD80BB6903F08063002B3E
:102970000AD1BB6903F00063002B05D1BB6903F0EA
:102980008053002B00F09580BB691B0E03F00303FE
:102990007B6101227B699A403B681A60BB689B6837
:1029A000002B0DD1BB681B685A05BB68DB68F96852
:1029B00009681A437B6918331B010B441A600FE046
:1029C000BB685B68DA00BB689B681A43BB68DB685E
:1029D000F96809681A437B6918331B010B441A60B4
:1029E000FB681968BB681A697B6918331B010B44C3
:1029F00004331A60BB681B7D012B11D1FB681A6878
:102A00007B6918331B01134404331B68FA6811688F
:102A100043F480727B6918331B010B4404331A6042
:102A20007B6807331B781A067B6806331B781B0408
:102A30001A437B6805331B781B0213437A68043200
:102A400012781046FA68116843EA00027B691B019C
:102A50000B4403F5C6731A607B6803331B781A06B0
:102A60007B6802331B781B041A437B6801331B7895
:102A70001B0213437A6812781046FA68116843EA19
:102A800000027B691B010B4403F5C4731A60FB68E9
:102A90001A687B6918331B0113441B68FA681168B4
:102AA00043F001027B6918331B010B441A600023B9
:102AB0000EE0FB685B6A43F40012FB685A62012374
:102AC00006E0FB685B6A43F48022FB685A620123DC
:102AD00018462437BD465DF8047B704780B485B046
:102AE00000AF78600023FB607B6893F82030FB72B6
:102AF000FB7A012B02D0FB7A022B1DD17B681B686D
:102B00009B6803F08063002B02D0FB680133FB60FD
:102B10007B681B689B6803F00063002B02D0FB6896
:102B20000133FB607B681B689B6803F08053002BBC
:102B300002D0FB680133FB60FB6818461437BD46C2
:102B40005DF8047B704780B487B000AFF860B9606F
:102B50007A603B60FB6893F82030FB75FB7D012BAE
:102B600003D0FB7D022B40F00381BB68002B0ED10C
:102B7000FB681B68DB6803F00303002B16D1FB68BE
:102B80005B6A43F40012FB685A620123F7E0FB68BA
:102B90001B681B6903F00303002B07D1FB685B6A0A
:102BA00043F40012FB685A620123E8E0FB681A68EC
:102BB000BB681B331B0113441B6803F004027B68D2
:102BC0009A607B689B68002B0CD1FB681A68BB6815
:102BD0001B331B0113441B685B0DC3F30A027B68A4
:102BE0001A600BE0FB681A68BB681B331B011344B7
:102BF0001B68DB0823F060427B685A60FB681A6838
:102C0000BB681B331B0113441B6803F002027B6883
:102C1000DA60FB681A68BB681B331B01134404337A
:102C20001B6803F00803002B03D07B6808221A619D
:102C30000BE0FB681A68BB681B331B0113440433A9
:102C40001B6803F00F027B681A61FB681A68BB6897
:102C50001B331B01134404331B681B0ADAB27B6865
:102C60009A61FB681A68BB681B331B011344043369
:102C70001B681B0C9AB27B685A61FB681A68BB68B8
:102C80001B01134403F5DC731B68DAB23B681A704E
:102C9000FB681A68BB681B01134403F5DC731B68EF
:102CA0001A0A3B680133D2B21A70FB681A68BB6813
:102CB0001B01134403F5DC731B681A0C3B680233D9
:102CC000D2B21A70FB681A68BB681B01134403F583
:102CD000DC731B681A0E3B680333D2B21A70FB68B0
:102CE0001A68BB681B01134403F5DE731A683B685E
:102CF0000433D2B21A70FB681A68BB681B01134414
:102D000003F5DE731B681A0A3B680533D2B21A70EA
:102D1000FB681A68BB681B01134403F5DE731B686C
:102D20001A0C3B680633D2B21A70FB681A68BB688B
:102D30001B01134403F5DE731B681A0E3B6807334F
:102D4000D2B21A70BB68002B08D1FB681B68DA6826
:102D5000FB681B6842F02002DA6007E0FB681B6832
:102D60001A69FB681B6842F020021A61002306E022
:102D7000FB685B6A43F48022FB685A6201231846B1
:102D80001C37BD465DF8047B704780B485B000AF4A
:102D9000786039607B6893F82030FB73FB7B012BF4
:102DA00002D0FB7B022B09D17B681B6859697B68C9
:102DB0001B683A680A435A61002306E07B685B6A35
:102DC00043F480227B685A62012318461437BD46BB
:102DD0005DF8047B704780B58AB000AF786000234F
:102DE0007B627B681B685B693B627B681B685B6816
:102DF000FB617B681B689B68BB617B681B68DB6849
:102E00007B617B681B681B693B617B681B689B69F6
:102E1000FB603B6A03F00103002B7CD0BB6903F02D
:102E20000103002B23D07B681B6801229A60BB69D9
:102E300003F00203002B03D0786800F083F916E05A
:102E4000BB6903F00403002B04D07B6A43F40063E6
:102E50007B620CE0BB6903F00803002B04D07B6AA3
:102E600043F480537B6202E0786800F089F9BB6923
:102E700003F48073002B24D07B681B684FF48072AE
:102E80009A60BB6903F40073002B03D0786800F0EC
:102E900063F916E0BB6903F48063002B04D07B6AFE
:102EA00043F400537B620CE0BB6903F40063002B26
:102EB00004D07B6A43F480437B6202E0786800F0D0
:102EC00069F9BB6903F48033002B24D07B681B684D
:102ED0004FF480329A60BB6903F40033002B03D0B7
:102EE000786800F043F916E0BB6903F48023002BF7
:102EF00004D07B6A43F400437B620CE0BB6903F4BB
:102F00000023002B04D07B6A43F480337B6202E011
:102F1000786800F049F93B6A03F00803002B0CD0F5
:102F20007B6903F01003002B07D07B6A43F4007326
:102F30007B627B681B681022DA603B6A03F0040343
:102F4000002B0BD07B6903F00803002B06D07B68B5
:102F50001B680822DA60786800F030F93B6A03F0F9
:102F60000203002B09D07B681B68DB6803F00303B6
:102F7000002B02D078680FF03EFC3B6A03F0400360
:102F8000002B0CD03B6903F01003002B07D07B6AA9
:102F900043F480637B627B681B6810221A613B6A82
:102FA00003F02003002B0BD03B6903F00803002B38
:102FB00006D07B681B6808221A61786800F008F95F
:102FC0003B6A03F01003002B09D07B681B681B6968
:102FD00003F00303002B02D078680FF017FC3B6A64
:102FE00003F40033002B0BD0FB6903F01003002B1C
:102FF00006D07B681B6810225A60786800F0F2F8EF
:103000003B6A03F48033002B0BD0FB6903F0080309
:10301000002B06D07B681B6808225A60786800F095
:10302000EBF83B6A03F40043002B7BD0FB6903F011
:103030000403002B72D03B6A03F48073002B08D08A
:10304000FB6803F00103002B03D07B6A43F001030C
:103050007B623B6A03F40073002B08D0FB6803F02B
:103060000203002B03D07B6A43F002037B623B6ABE
:1030700003F48063002B08D0FB6803F00403002BEB
:1030800003D07B6A43F004037B623B6A03F4006372
:10309000002B43D0FB6803F07003002B3ED0FB688D
:1030A00003F07003602B2BD0602B2ED8502B22D036
:1030B000502B2AD8402B19D0402B26D8302B10D09B
:1030C000302B22D8102B02D0202B05D01DE07B6A9C
:1030D00043F008037B6219E07B6A43F010037B62D4
:1030E00014E07B6A43F020037B620FE07B6A43F0CD
:1030F00040037B620AE07B6A43F080037B6205E069
:103100007B6A43F480737B6200E000BF7B681B68CE
:103110009A697B681B6822F070029A617B681B6861
:1031200004225A607B6A002B08D07B685A6A7B6A4B
:103130001A437B685A62786800F068F800BF283745
:10314000BD4680BD80B483B000AF786000BF0C374F
:10315000BD465DF8047B704780B483B000AF7860F3
:1031600000BF0C37BD465DF8047B704780B483B068
:1031700000AF786000BF0C37BD465DF8047B704738
:1031800080B483B000AF786000BF0C37BD465DF8F7
:10319000047B704780B483B000AF786000BF0C3709
:1031A000BD465DF8047B704780B483B000AF7860A3
:1031B00000BF0C37BD465DF8047B704780B483B018
:1031C00000AF786000BF0C37BD465DF8047B7047E8
:1031D00080B483B000AF786000BF0C37BD465DF8A7
:1031E000047B704780B483B000AF786000BF0C37B9
:1031F000BD465DF8047B704780B483B000AF786053
:1032000000BF0C37BD465DF8047B704780B483B0C7
:1032100000AF786000BF0C37BD465DF8047B704797
:1032200080B586B000AF78607B68002B01D10123A8
:1032300067E27B681B6803F00103002B75D0884BA5
:103240009B6803F00C03042B0CD0854B9B6803F0A8
:103250000C03082B12D1824B5B6803F48003B3F597
:10326000800F0BD17E4B1B6803F40033002B5BD027
:103270007B685B68002B57D1012342E27B685B6867
:10328000B3F5803F06D1764B1B68754A43F4803313
:1032900013601DE07B685B68B3F5A02F0CD1704B09
:1032A0001B686F4A43F4802313606D4B1B686C4AA4
:1032B00043F4803313600BE0694B1B68684A23F4C6
:1032C00080331360664B1B68654A23F480231360C8
:1032D0007B685B68002B13D001F02AFB386108E0A3
:1032E00001F026FB02463B69D31A642B01D9032364
:1032F00007E25B4B1B6803F40033002BF0D014E0B3
:1033000001F016FB386108E001F012FB02463B6950
:10331000D31A642B01D90323F3E1514B1B6803F447
:103320000033002BF0D100E000BF7B681B6803F086
:103330000203002B63D04A4B9B6803F00C03002B65
:103340000BD0474B9B6803F00C03082B1CD1444B5C
:103350005B6803F48003002B16D1414B1B6803F01C
:103360000203002B05D07B68DB68012B01D0012311
:10337000C7E13B4B1B6823F0F8027B681B69DB004D
:10338000374913430B603AE07B68DB68002B20D0A1
:10339000344B01221A6001F0CBFA386108E001F0E9
:1033A000C7FA02463B69D31A022B01D90323A8E1CD
:1033B0002B4B1B6803F00203002BF0D0284B1B683B
:1033C00023F0F8027B681B69DB00254913430B607F
:1033D00015E0244B00221A6001F0AAFA386108E0D7
:1033E00001F0A6FA02463B69D31A022B01D9032346
:1033F00087E11B4B1B6803F00203002BF0D17B68B5
:103400001B6803F00803002B36D07B685B69002B38
:1034100016D0154B01221A6001F08AFA386108E0D3
:1034200001F086FA02463B69D31A022B01D9032325
:1034300067E10B4B5B6F03F00203002BF0D01BE046
:10344000094B00221A6001F073FA38610EE001F0B6
:103450006FFA02463B69D31A022B07D9032350E1C6
:103460000038024000004742800E4742884B5B6FA5
:1034700003F00203002BEAD17B681B6803F004030E
:10348000002B00F097800023FB75814B1B6C03F031
:103490008053002B0FD10023BB607D4B1B6C7C4AFB
:1034A00043F0805313647A4B1B6C03F08053BB6072
:1034B000BB680123FB75774B1B6803F48073002BFB
:1034C00018D1744B1B68734A43F48073136001F086
:1034D0002FFA386108E001F02BFA02463B69D31A53
:1034E000022B01D903230CE16A4B1B6803F48073A0
:1034F000002BF0D07B689B68012B06D1644B1B6FBF
:10350000634A43F0010313671CE07B689B68052B4B
:103510000CD15F4B1B6F5E4A43F0040313675C4B97
:103520001B6F5B4A43F0010313670BE0584B1B6FA3
:10353000574A23F001031367554B1B6F544A23F07E
:10354000040313677B689B68002B15D001F0F0F92A
:1035500038610AE001F0ECF902463B69D31A41F206
:103560008832934201D90323CBE0494B1B6F03F010
:103570000203002BEED014E001F0DAF938610AE022
:1035800001F0D6F902463B69D31A41F288329342E0
:1035900001D90323B5E03E4B1B6F03F00203002B60
:1035A000EED1FB7D012B05D1394B1B6C384A23F042
:1035B000805313647B689B69002B00F0A180344B1F
:1035C0009B6803F00C03082B5CD07B689B69022B83
:1035D00041D1314B00221A6001F0AAF9386108E0AC
:1035E00001F0A6F902463B69D31A022B01D9032345
:1035F00087E0274B1B6803F00073002BF0D17B683A
:10360000DA697B681B6A1A437B685B6A9B011A4311
:103610007B689B6A5B08013B1B041A437B68DB6A7F
:103620001B061B4913434B601B4B01221A6001F020
:103630007FF9386108E001F07BF902463B69D31A53
:10364000022B01D903235CE0114B1B6803F00073CC
:10365000002BF0D054E0104B00221A6001F068F902
:10366000386108E001F064F902463B69D31A022B85
:1036700001D9032345E0064B1B6803F00073002BC0
:10368000F0D13DE07B689B69012B07D1012338E035
:103690000038024000700040600047421B4B5B68EE
:1036A000FB607B689B69012B28D0FB6803F48002D8
:1036B0007B68DB699A4221D1FB6803F03F027B689B
:1036C0001B6A9A421AD1FA6847F6C07313407A68A7
:1036D000526A9201934211D1FB6803F440327B6835
:1036E0009B6A5B08013B1B049A4207D1FB6803F00D
:1036F00070627B68DB6A1B069A4201D0012300E0FE
:10370000002318461837BD4680BD00BF0038024070
:1037100080B584B000AF786039607B68002B01D140
:103720000123CCE0684B1B6803F007033A689A4218
:103730000CD9654B3A68D2B21A70634B1B6803F020
:1037400007033A689A4201D00123B8E07B681B68FE
:1037500003F00203002B20D07B681B6803F00403F6
:10376000002B05D0594B9B68584A43F4E0539360B3
:103770007B681B6803F00803002B05D0534B9B6844
:10378000524A43F460439360504B9B6823F0F0022D
:103790007B689B684D4913438B607B681B6803F013
:1037A0000103002B44D07B685B68012B07D1474B9A
:1037B0001B6803F40033002B19D101237FE07B68E1
:1037C0005B68022B03D07B685B68032B07D13F4B00
:1037D0001B6803F00073002B09D101236FE03B4B02
:1037E0001B6803F00203002B01D1012367E0374B74
:1037F0009B6823F003027B685B68344913438B604A
:1038000001F096F8F8600AE001F092F80246FB68D1
:10381000D31A41F28832934201D903234FE02B4B54
:103820009B6803F00C027B685B689B009A42EBD1BB
:10383000254B1B6803F007033A689A420CD2224BCF
:103840003A68D2B21A70204B1B6803F007033A683B
:103850009A4201D0012332E07B681B6803F0040325
:10386000002B08D0194B9B6823F4E0527B68DB687F
:10387000164913438B607B681B6803F00803002B19
:1038800009D0124B9B6823F460427B681B69DB0004
:103890000E4913438B6000F021F802460B4B9B68E6
:1038A0001B0903F00F030A49CB5C22FA03F3094A10
:1038B0001360094B1B68184600F0F6FF00231846FA
:1038C0001037BD4680BD00BF003C024000380240BA
:1038D00028310108680000206C0000202DE9B04F5D
:1038E00090B000AF00237B630023FB6300233B63A6
:1038F0000023BB63594B9B6803F00C03082B0DD0CE
:10390000082B00F2A180002B02D0042B03D09BE0F7
:10391000534BBB639BE0534BBB6398E04F4B5B68DF
:1039200003F03F037B634D4B5B6803F48003002B84
:1039300028D04A4B5B689B0900223B627A623B6A53
:10394000C3F308000021474B03FB01F2002300FBF7
:1039500003F31344434AA0FB0212FA620A46BA6216
:10396000FA6A1344FB627B6B0022BB61FA61D7E900
:103970000623D7E90A01FDF7BDFB02460B461346B5
:10398000FB6353E0354B5B689B0900223B617A6126
:103990003B69C3F3080A4FF0000B52465B464FF0F9
:1039A00000004FF00001590141EAD2615001024686
:1039B0000B46B2EB0A0863EB0B094FF000024FF025
:1039C00000034FEA891343EA98634FEA8812B2EB87
:1039D000080463EB09054FF000024FF00003EB0011
:1039E00043EA5473E20014461D4614EB0A033B609D
:1039F00045EB0B037B604FF000024FF00003D7E96B
:103A0000004529468B02214643EA915321468A020A
:103A1000104619467B6B0022BB60FA60D7E902238F
:103A2000FDF768FB02460B461346FB630B4B5B68D6
:103A30001B0C03F0030301335B003B63FA6B3B6B2E
:103A4000B2FBF3F3BB6302E0054BBB6300BFBB6B90
:103A500018464037BD46BDE8B08F00BF0038024071
:103A60000024F40040787D0180B400AF034B1B6854
:103A70001846BD465DF8047B704700BF6800002013
:103A800080B500AFFFF7F0FF0246054B9B689B0A2D
:103A900003F007030349CB5C22FA03F3184680BD09
:103AA000003802403831010880B500AFFFF7DCFF75
:103AB0000246054B9B685B0B03F007030349CB5C95
:103AC00022FA03F3184680BD00380240383101085D
:103AD00080B489B000AF7860396000237B61002337
:103AE0003B610023BB610023FB616BE10122FB69A9
:103AF00002FA03F37B613B681B687A6913403B6100
:103B00003A697B699A4240F05A813B685B6803F0EE
:103B10000303012B05D03B685B6803F00303022B12
:103B200030D17B689B68BB61FB695B00032202FAB2
:103B300003F3DB43BA691340BB613B68DA68FB6996
:103B40005B0002FA03F3BA691343BB617B68BA698D
:103B50009A607B685B68BB610122FB6902FA03F330
:103B6000DB43BA691340BB613B685B681B0903F028
:103B70000102FB6902FA03F3BA691343BB617B6874
:103B8000BA695A603B685B6803F00303032B17D0E4
:103B90007B68DB68BB61FB695B00032202FA03F30D
:103BA000DB43BA691340BB613B689A68FB695B0001
:103BB00002FA03F3BA691343BB617B68BA69DA603E
:103BC0003B685B6803F00303022B23D1FB69DA082F
:103BD0007B68083253F82230BB61FB6903F00703AE
:103BE0009B000F2202FA03F3DB43BA691340BB6167
:103BF0003B681A69FB6903F007039B0002FA03F3B1
:103C0000BA691343BB61FB69DA087B680832B9699A
:103C100043F822107B681B68BB61FB695B000322D1
:103C200002FA03F3DB43BA691340BB613B685B688C
:103C300003F00302FB695B0002FA03F3BA69134362
:103C4000BB617B68BA691A603B685B6803F4403308
:103C5000002B00F0B4800023FB60604B5B6C5F4A7C
:103C600043F4804353645D4B5B6C03F48043FB601F
:103C7000FB685B4AFB699B08023352F82330BB6147
:103C8000FB6903F003039B000F2202FA03F3DB43FB
:103C9000BA691340BB617B68524A93422BD07B6860
:103CA000514A934225D07B68504A93421FD07B688B
:103CB0004F4A934219D07B684E4A934213D07B6897
:103CC0004D4A93420DD07B684C4A934207D07B68A3
:103CD0004B4A934201D107230EE008230CE0062350
:103CE0000AE0052308E0042306E0032304E002239E
:103CF00002E0012300E00023FA6902F003029200CF
:103D00009340BA691343BB613549FB699B08023391
:103D1000BA6941F823203B4B9B68BB613B69DB439D
:103D2000BA691340BB613B685B6803F48013002BE6
:103D300003D0BA693B691343BB61324ABB699360E4
:103D4000304BDB68BB613B69DB43BA691340BB6145
:103D50003B685B6803F40013002B03D0BA693B692E
:103D60001343BB61274ABB69D360264B5B68BB61C9
:103D70003B69DB43BA691340BB613B685B6803F492
:103D80000033002B03D0BA693B691343BB611D4A62
:103D9000BB6953601B4B1B68BB613B69DB43BA6962
:103DA0001340BB613B685B6803F48033002B03D096
:103DB000BA693B691343BB61124ABB691360FB6973
:103DC0000133FB61FB690F2B7FF690AE00BF00BF94
:103DD0002437BD465DF8047B704700BF00380240C1
:103DE0000038014000000240000402400008024088
:103DF000000C024000100240001402400018024073
:103E0000001C0240003C014080B483B000AF7860E9
:103E10000B467B8013467B707B78002B03D07A881F
:103E20007B689A6103E07B881A047B689A6100BF13
:103E30000C37BD465DF8047B7047000080B586B046
:103E400000AF786000237B6100F072FD38617B6811
:103E5000002B01D1012399E07B68022283F83520F1
:103E60007B68002283F834207B681B681A687B68B3
:103E70001B6822F001021A600FE000F059FD0246B3
:103E80003B69D31A052B08D97B6820225A657B68C9
:103E9000032283F83520032378E07B681B681B68C6
:103EA00003F00103002BE8D17B681B681B687B6172
:103EB0007A69384B13407B617B685A687B689B68E2
:103EC0001A437B68DB681A437B681B691A437B686B
:103ED0005B691A437B689B691A437B68DB691A43F9
:103EE0007B681B6A13437A6913437B617B685B6A57
:103EF000042B07D17B68DA6A7B681B6B13437A69F2
:103F000013437B617B681B687A691A607B681B6856
:103F10005B697B617B6923F007037B617B685B6A7C
:103F20007A6913437B617B685B6A042B17D17B68DA
:103F30009B6A7A6913437B617B68DB6A002B0ED036
:103F4000786800F001FB0346002B08D07B68402214
:103F50005A657B68012283F83520012316E07B68CF
:103F60001B687A695A61786800F0B8FA0346FB600A
:103F70007B68DB6D3F229A40FB689A607B68002279
:103F80005A657B68012283F83520002318461837CC
:103F9000BD4680BD3F8010F080B586B000AFF860B0
:103FA000B9607A603B600023FB75FB689B6D3B61E9
:103FB000FB6893F83430012B01D1022340E0FB6809
:103FC000012283F83420FB6893F83530DBB2012BF3
:103FD0002FD1FB68022283F83520FB6800225A6546
:103FE0003B687A68B968F86800F04AFAFB68DB6DEC
:103FF0003F229A403B699A60FB681B681A68FB681D
:104000001B6842F016021A60FB681B6C002B07D07D
:10401000FB681B681A68FB681B6842F008021A609C
:10402000FB681B681A68FB681B6842F001021A6093
:1040300005E0FB68002283F834200223FB75FB7D3A
:1040400018461837BD4680BD80B584B000AF786093
:104050007B689B6DFB6000F06BFCB8607B6893F83D
:104060003530DBB2022B08D07B6880225A657B6832
:10407000002283F83420012352E07B681B681A6811
:104080007B681B6822F016021A607B681B685A69FD
:104090007B681B6822F080025A617B681B6C002BD6
:1040A00003D17B689B6C002B07D07B681B681A6868
:1040B0007B681B6822F008021A607B681B681A681C
:1040C0007B681B6822F001021A6013E000F030FCEC
:1040D0000246BB68D31A052B0CD97B6820225A658F
:1040E0007B68032283F835207B68002283F8342024
:1040F000032315E07B681B681B6803F00103002B9A
:10410000E4D17B68DB6D3F229A40FB689A607B6854
:10411000012283F835207B68002283F834200023B5
:1041200018461037BD4680BD80B483B000AF7860BC
:104130007B6893F83530DBB2022B04D07B68802299
:104140005A6501230CE07B68052283F835207B68E3
:104150001B681A687B681B6822F001021A60002342
:1041600018460C37BD465DF8047B704780B586B0B5
:1041700000AF78600023BB608E4B1B688E4AA2FBA9
:1041800003239B0A7B617B689B6D3B613B691B68DA
:10419000FB607B68DB6D08229A40FB681340002BB4
:1041A0001AD07B681B681B6803F00403002B13D034
:1041B0007B681B681A687B681B6822F004021A601F
:1041C0007B68DB6D08229A403B699A607B685B6D77
:1041D00043F001027B685A657B68DB6D01229A40DF
:1041E000FB681340002B12D07B681B685B6903F0EF
:1041F0008003002B0BD07B68DB6D01229A403B696A
:104200009A607B685B6D43F002027B685A657B684D
:10421000DB6D04229A40FB681340002B12D07B68B0
:104220001B681B6803F00203002B0BD07B68DB6D5F
:1042300004229A403B699A607B685B6D43F00402FC
:104240007B685A657B68DB6D10229A40FB681340DF
:10425000002B43D07B681B681B6803F00803002B0E
:104260003CD07B68DB6D10229A403B699A607B688A
:104270001B681B6803F48023002B18D07B681B6825
:104280001B6803F40023002B08D17B681B6C002BF8
:1042900024D07B681B6C786898471FE07B689B6C18
:1042A000002B1BD07B689B6C7868984716E07B6876
:1042B0001B681B6803F48073002B07D17B681B68A5
:1042C0001A687B681B6822F008021A607B681B6C06
:1042D000002B03D07B681B6C786898477B68DB6D8C
:1042E00020229A40FB681340002B00F08F807B68EF
:1042F0001B681B6803F01003002B00F087807B68AD
:10430000DB6D20229A403B699A607B6893F83530D8
:10431000DBB2052B36D17B681B681A687B681B688B
:1043200022F016021A607B681B685A697B681B685A
:1043300022F080025A617B681B6C002B03D17B68E2
:104340009B6C002B07D07B681B681A687B681B6816
:1043500022F008021A607B68DB6D3F229A403B69BD
:104360009A607B68012283F835207B68002283F8FD
:1043700034207B681B6D002B7ED07B681B6D7868BA
:10438000984779E07B681B681B6803F48023002B47
:104390001DD07B681B681B6803F40023002B0DD124
:1043A0007B685B6C002B31D07B685B6C78689847CE
:1043B0002CE000BF68000020B5814E1B7B68DB6BE2
:1043C000002B23D07B68DB6B786898471EE07B6806
:1043D0001B681B6803F48073002B0FD17B681B687C
:1043E0001A687B681B6822F010021A607B68012241
:1043F00083F835207B68002283F834207B68DB6BF0
:10440000002B03D07B68DB6B786898477B685B6D1B
:10441000002B32D07B685B6D03F00103002B22D0B0
:104420007B68052283F835207B681B681A687B68E7
:104430001B6822F001021A60BB680133BB607A6915
:104440009A4207D37B681B681B6803F00103002BAB
:10445000F2D100E000BF7B68012283F835207B6841
:10446000002283F834207B68DB6C002B05D07B684E
:10447000DB6C7868984700E000BF1837BD4680BD08
:1044800080B485B000AFF860B9607A603B60FB68CB
:104490001B681A68FB681B6822F480221A60FB689C
:1044A0001B683A685A60FB689B68402B08D1FB6820
:1044B0001B687A689A60FB681B68BA68DA6007E074
:1044C000FB681B68BA689A60FB681B687A68DA60E8
:1044D00000BF1437BD465DF8047B704780B485B0DB
:1044E00000AF78607B681B68DBB2103B144AA2FB0C
:1044F00003231B09FB60134AFB6813441B781A460D
:104500007B68DA65FB68032B09D97B681B6823F499
:104510007F7323F003031A1D7B689A6507E07B68AD
:104520001B6823F47F7323F003037A6893657B6829
:104530009B6D18461437BD465DF8047B704700BF7D
:10454000ABAAAAAA4031010880B485B000AF786058
:104550000023FB737B689B6ABB607B689B69002BB5
:104560001FD1BB68032B56D801A252F823F000BF1D
:10457000814500089345000881450008174600085A
:104580007B68DB6A03F08073002B46D00123FB734A
:1045900043E07B68DB6AB3F1C07F40D10123FB734A
:1045A0003DE07B689B69B3F5005F21D1BB68032BBD
:1045B00037D801A252F823F0C9450008CF450008BA
:1045C000C9450008E14500080123FB7330E07B6822
:1045D000DB6A03F08073002B25D00123FB7322E0FC
:1045E0007B68DB6AB3F1C07F1FD10123FB731CE042
:1045F000BB68022B03D9BB68032B03D018E001234F
:10460000FB7315E07B68DB6A03F08073002B0ED030
:104610000123FB730BE000BF0AE000BF08E000BF0E
:1046200006E000BF04E000BF02E000BF00E000BF02
:10463000FB7B18461437BD465DF8047B704700BF0E
:1046400080B485B000AF78607B6803F00703FB603F
:104650000C4BDB68BB60BA684FF6FF031340BB60CE
:10466000FB681A02BB68134343F0BF6343F4003393
:10467000BB60044ABB68D36000BF1437BD465DF819
:10468000047B704700ED00E080B400AF044BDB68B2
:104690001B0A03F007031846BD465DF8047B70470C
:1046A00000ED00E080B483B000AF0346FB7197F9E2
:1046B0000730002B0BDBFB7903F01F02074997F94A
:1046C00007305B09012000FA02F241F8232000BF05
:1046D0000C37BD465DF8047B704700BF00E100E089
:1046E00080B483B000AF03463960FB7197F907309F
:1046F000002B0ADB3B68DAB20C4997F9073012014C
:10470000D2B20B4483F800230AE03B68DAB20849CE
:10471000FB7903F00F03043B1201D2B20B441A766B
:1047200000BF0C37BD465DF8047B704700E100E038
:1047300000ED00E080B489B000AFF860B9607A6045
:10474000FB6803F00703FB61FB69C3F10703042B5C
:1047500028BF0423BB61FB690433062B02D9FB6924
:10476000033B00E000237B614FF0FF32BB6902FA9C
:1047700003F3DA43BB681A407B699A404FF0FF317C
:104780007B6901FA03F3D9437B680B401343184656
:104790002437BD465DF8047B7047000080B582B0C9
:1047A00000AF78607B68013BB3F1807F01D30123C8
:1047B0000FE00A4A7B68013B53600F214FF0FF3046
:1047C000FFF78EFF054B00229A60044B07221A6008
:1047D000002318460837BD4680BD00BF10E000E04A
:1047E00080B582B000AF78607868FFF729FF00BF1E
:1047F0000837BD4680BD80B586B000AF0346B960BE
:104800007A60FB7300237B61FFF73EFF78617A6873
:10481000B9687869FFF78EFF024697F90F301146A5
:104820001846FFF75DFF00BF1837BD4680BD80B555
:1048300082B000AF0346FB7197F907301846FFF7C7
:1048400031FF00BF0837BD4680BD80B582B000AFE4
:1048500078607868FFF7A2FF034618460837BD4620
:1048600080BD000080B500AF0E4B1B680D4A43F4BD
:10487000007313600B4B1B680A4A43F48063136098
:10488000084B1B68074A43F4807313600320FFF74B
:10489000A7FF0F2000F008F804F0D6FE002318460A
:1048A00080BD00BF003C024080B582B000AF7860A0
:1048B000124B1A68124B1B7819464FF47A73B3FBEC
:1048C000F1F3B2FBF3F31846FFF7BFFF0346002BEB
:1048D00001D001230EE07B680F2B0AD800227968F3
:1048E0004FF0FF30FFF787FF064A7B681360002315
:1048F00000E0012318460837BD4680BD680000204F
:10490000700000206C00002080B400AF064B1B78C4
:104910001A46064B1B681344044A136000BFBD4689
:104920005DF8047B704700BF70000020B0000020DD
:1049300080B400AF034B1B681846BD465DF8047B8E
:10494000704700BFB000002080B584B000AF786031
:10495000FFF7EEFFB8607B68FB60FB68B3F1FF3FD9
:1049600005D00A4B1B781A46FB681344FB6000BF56
:10497000FFF7DEFF0246BB68D31AFA689A42F7D8FF
:1049800000BF00BF1037BD4680BD00BF70000020D3
:1049900080B582B000AF78607B68002B01D1012325
:1049A0007BE07B685B6A002B08D17B685B68B3F5B2
:1049B000827F09D07B680022DA6105E07B680022F3
:1049C0001A617B6800225A617B6800229A627B68C8
:1049D00093F85130DBB2002B06D17B68002283F8BC
:1049E0005020786803F094FD7B68022283F8512000
:1049F0007B681B681A687B681B6822F040021A609B
:104A00007B685B6803F482727B689B6803F40443F1
:104A10001A437B68DB6803F400631A437B681B69F5
:104A200003F002031A437B685B6903F001031A4336
:104A30007B689B6903F400731A437B68DB6903F0AE
:104A400038031A437B681B6A03F0800342EA0301C0
:104A50007B689B6A03F400527B681B680A431A60F8
:104A60007B689B691B0C03F004017B685B6A03F0A5
:104A700010027B681B680A435A607B681B68DA690E
:104A80007B681B6822F40062DA617B6800225A6549
:104A90007B68012283F85120002318460837BD4661
:104AA00080BD80B588B000AFF860B9603B60134648
:104AB000FB80FFF73DFFF861FB887B83FB6893F881
:104AC0005130DBB2012B01D002232AE1BB68002B5D
:104AD00002D0FB88002B01D1012322E1FB6893F86F
:104AE0005030012B01D102231BE1FB68012283F826
:104AF0005020FB68032283F85120FB6800225A658E
:104B0000FB68BA681A63FB68FA889A86FB68FA88B9
:104B1000DA86FB6800229A63FB6800229A87FB68AA
:104B20000022DA87FB6800225A64FB6800221A64BC
:104B3000FB689B68B3F5004F0FD1FB681B681A68D0
:104B4000FB681B6822F040021A60FB681B681A6849
:104B5000FB681B6842F480421A60FB681B681B6894
:104B600003F04003402B07D0FB681B681A68FB6802
:104B70001B6842F040021A60FB68DB68B3F5006F07
:104B800052D1FB685B68002B02D07B8B012B45D197
:104B9000FB681B6B1A88FB681B68DA60FB681B6B81
:104BA0009A1CFB681A63FB68DB8E9BB2013B9AB2CE
:104BB000FB68DA8632E0FB681B689B6803F002033F
:104BC000022B12D1FB681B6B1A88FB681B68DA602A
:104BD000FB681B6B9A1CFB681A63FB68DB8E9BB23D
:104BE000013B9AB2FB68DA8618E0FFF7A1FE0246A5
:104BF000FB69D31A3A689A4203D83B68B3F1FF3F86
:104C000002D13B68002B09D1FB68012283F85120B7
:104C1000FB68002283F85020032382E0FB68DB8ED0
:104C20009BB2002BC7D153E0FB685B68002B02D01E
:104C30007B8B012B47D1FB681A6BFB681B680C331D
:104C400012781A70FB681B6B5A1CFB681A63FB68AE
:104C5000DB8E9BB2013B9AB2FB68DA8633E0FB68DD
:104C60001B689B6803F00203022B13D1FB681A6BCD
:104C7000FB681B680C3312781A70FB681B6B5A1C9C
:104C8000FB681A63FB68DB8E9BB2013B9AB2FB6840
:104C9000DA8618E0FFF74CFE0246FB69D31A3A6841
:104CA0009A4203D83B68B3F1FF3F02D13B68002B27
:104CB00009D1FB68012283F85120FB68002283F8A8
:104CC000502003232DE0FB68DB8E9BB2002BC6D166
:104CD000FA693968F86800F0D9FB0346002B02D066
:104CE000FB6820225A65FB689B68002B0AD10023D1
:104CF0007B61FB681B68DB687B61FB681B689B68EA
:104D00007B617B69FB68012283F85120FB680022EC
:104D100083F85020FB685B6D002B01D0012300E07D
:104D2000002318462037BD4680BD80B588B002AF4D
:104D3000F860B9603B601346FB80FB6893F8513024
:104D4000DBB2012B01D0022304E1BB68002B02D0AF
:104D5000FB88002B01D10123FCE0FB685B68B3F505
:104D6000827F12D1FB689B68002B0ED1FB68042266
:104D700083F85120FA883B6800931346BA68B968F3
:104D8000F86800F0EBF80346E4E0FFF7D1FD786146
:104D9000FB6893F85030012B01D10223DAE0FB6865
:104DA000012283F85020FB68042283F85120FB681D
:104DB00000225A65FB68BA689A63FB68FA889A878A
:104DC000FB68FA88DA87FB6800221A63FB68002216
:104DD0009A86FB680022DA86FB6800221A64FB6868
:104DE00000225A64FB689B68B3F5004F0FD1FB6843
:104DF0001B681A68FB681B6822F040021A60FB6897
:104E00001B681A68FB681B6822F480421A60FB6802
:104E10001B681B6803F04003402B07D0FB681B682E
:104E20001A68FB681B6842F040021A60FB68DB6886
:104E3000002B70D135E0FB681B689B6803F0010311
:104E4000012B15D1FB681B6803F10C02FB689B6BFF
:104E50001278D2B21A70FB689B6B5A1CFB689A637B
:104E6000FB68DB8F9BB2013B9AB2FB68DA8718E0E4
:104E7000FFF75EFD02467B69D31A3A689A4203D86F
:104E80003B68B3F1FF3F02D13B68002B09D1FB68BF
:104E9000012283F85120FB68002283F8502003236D
:104EA00058E0FB68DB8F9BB2002BC4D138E0FB6875
:104EB0001B689B6803F00103012B13D1FB681B687F
:104EC000DA68FB689B6B92B21A80FB689B6B9A1C3A
:104ED000FB689A63FB68DB8F9BB2013B9AB2FB686D
:104EE000DA8718E0FFF724FD02467B69D31A3A6897
:104EF0009A4203D83B68B3F1FF3F02D13B68002BD5
:104F000009D1FB68012283F85120FB68002283F855
:104F1000502003231EE0FB68DB8F9BB2002BC6D121
:104F20007A693968F86800F04BFA0346002B02D022
:104F3000FB6820225A65FB68012283F85120FB6838
:104F4000002283F85020FB685B6D002B01D0012309
:104F500000E0002318461837BD4680BD80B58AB0F2
:104F600000AFF860B9607A607B8001237B62FFF755
:104F7000DFFC3862FB6893F85130FB77FB685B68B5
:104F8000BB617B88FB82FB7F012B0CD0BB69B3F537
:104F9000827F06D1FB689B68002B02D1FB7F042B2C
:104FA00001D002237FE1BB68002B05D07B68002B7A
:104FB00002D07B88002B01D1012374E1FB6893F8B8
:104FC0005030012B01D102236DE1FB68012283F8EF
:104FD0005020FB6893F85130DBB2042B03D0FB6800
:104FE000052283F85120FB6800225A65FB687A6825
:104FF0009A63FB687A88DA87FB687A889A87FB6805
:10500000BA681A63FB687A88DA86FB687A889A86B7
:10501000FB6800221A64FB6800225A64FB681B6864
:105020001B6803F04003402B07D0FB681B681A681D
:10503000FB681B6842F040021A60FB68DB68B3F54E
:10504000006F7ED1FB685B68002B02D0FB8A012BCE
:105050006CD1FB681B6B1A88FB681B68DA60FB6805
:105060001B6B9A1CFB681A63FB68DB8E9BB2013BCF
:105070009AB2FB68DA8659E0FB681B689B6803F00C
:105080000203022B1BD1FB68DB8E9BB2002B16D0D8
:105090007B6A012B13D1FB681B6B1A88FB681B68AA
:1050A000DA60FB681B6B9A1CFB681A63FB68DB8E7B
:1050B0009BB2013B9AB2FB68DA8600237B62FB68F5
:1050C0001B689B6803F00103012B19D1FB68DB8F80
:1050D0009BB2002B14D0FB681B68DA68FB689B6BE3
:1050E00092B21A80FB689B6B9A1CFB689A63FB6800
:1050F000DB8F9BB2013B9AB2FB68DA8701237B62AC
:10510000FFF716FC02463B6AD31A3A6B9A420DD857
:105110003B6BB3F1FF3F09D0FB68012283F85120BC
:10512000FB68002283F850200323BCE0FB68DB8E81
:105130009BB2002BA0D1FB68DB8F9BB2002B9BD1D5
:1051400082E0FB685B68002B02D0FB8A012B71D1E7
:10515000FB681A6BFB681B680C3312781A70FB68CB
:105160001B6B5A1CFB681A63FB68DB8E9BB2013B0E
:105170009AB2FB68DA865DE0FB681B689B6803F007
:105180000203022B1CD1FB68DB8E9BB2002B17D0D5
:105190007B6A012B14D1FB681A6BFB681B680C330C
:1051A00012781A70FB681B6B5A1CFB681A63FB6849
:1051B000DB8E9BB2013B9AB2FB68DA8600237B62EE
:1051C000FB681B689B6803F00103012B19D1FB6886
:1051D000DB8F9BB2002B14D0FB681B68DA68FB687E
:1051E0009B6BD2B21A70FB689B6B5A1CFB689A636C
:1051F000FB68DB8F9BB2013B9AB2FB68DA87012325
:105200007B62FFF795FB02463B6AD31A3A6B9A42E0
:1052100003D83B6BB3F1FF3F02D13B6B002B09D1AD
:10522000FB68012283F85120FB68002283F850209C
:10523000032338E0FB68DB8E9BB2002B9CD1FB681C
:10524000DB8F9BB2002B97D13A6A396BF86800F07C
:105250001DF90346002B08D0FB6820225A65FB6825
:10526000002283F8502001231DE0FB689B68002B7F
:105270000AD100233B61FB681B68DB683B61FB686C
:105280001B689B683B613B69FB68012283F85120E6
:10529000FB68002283F85020FB685B6D002B01D077
:1052A000012300E0002318462837BD4680BD0000DA
:1052B00080B588B000AFF860B9603B601346FB7101
:1052C000FFF736FB0246BB6A9B1A3A681344FB6140
:1052D000FFF72EFBB861394B1B685B011B0DFA69A8
:1052E00002FB03F37B6155E03B68B3F1FF3F51D014
:1052F000FFF71EFB0246BB69D31AFA699A4202D92C
:10530000FB69002B3DD1FB681B685A68FB681B6872
:1053100022F0E0025A60FB685B68B3F5827F11D12E
:10532000FB689B68B3F5004F04D0FB689B68B3F53E
:10533000806F07D1FB681B681A68FB681B6822F046
:1053400040021A60FB689B6AB3F5005F0FD1FB68EF
:105350001B681A68FB681B6822F400521A60FB681D
:105360001B681A68FB681B6842F400521A60FB68ED
:10537000012283F85120FB68002283F85020032388
:1053800018E07B69002B02D10023FB6102E07B69FE
:10539000013B7B61FB681B689A68BB681340BA6875
:1053A0009A420CBF01230023DBB21A46FB799A42D2
:1053B0009AD1002318462037BD4680BD68000020E2
:1053C00080B586B002AFF860B9607A60FB685B6850
:1053D000B3F5827F11D1FB689B68B3F5004F04D011
:1053E000FB689B68B3F5806F07D1FB681B681A6880
:1053F000FB681B6822F040021A60FB685B68B3F52B
:10540000827F2AD1FB689B68B3F5806F12D07B68DE
:105410000093BB6800228021F868FFF749FF03462C
:10542000002B2DD0FB685B6D43F02002FB685A65B2
:10543000032326E07B680093BB6800220121F86803
:10544000FFF736FF0346002B1AD0FB685B6D43F075
:105450002002FB685A65032313E07B680093BB6856
:1054600000220121F868FFF723FF0346002B07D035
:10547000FB685B6D43F02002FB685A65032300E084
:10548000002318461037BD4680BD000080B588B0A7
:1054900002AFF860B9607A607B680093BB68012254
:1054A0000221F868FFF704FF0346002B07D0FB68D2
:1054B0005B6D43F02002FB685A65032332E01B4B0F
:1054C0001B681B4AA2FB03235B0D4FF47A7202FB9D
:1054D00003F37B61FB685B68B3F5827F12D17B6865
:1054E0000093BB6800228021F868FFF7E1FE0346C5
:1054F000002B16D0FB685B6D43F02002FB685A65F9
:1055000003230FE07B69002B0AD07B69013B7B61A1
:10551000FB681B689B6803F08003802BF2D000E0DF
:1055200000BF002318461837BD4680BD6800002024
:10553000819F5E1680B582B000AF78607B68002BDB
:1055400001D1012341E07B6893F83D30DBB2002BB1
:1055500006D17B68002283F83C20786803F03CFA8F
:105560007B68022283F83D207B681A687B680433DD
:105570001946104600F062FC7B68012283F8462041
:105580007B68012283F83E207B68012283F83F205C
:105590007B68012283F840207B68012283F8412048
:1055A0007B68012283F842207B68012283F8432034
:1055B0007B68012283F844207B68012283F8452020
:1055C0007B68012283F83D20002318460837BD463A
:1055D00080BD000080B485B000AF78607B6893F830
:1055E0003D30DBB2012B01D001234EE07B6802226B
:1055F00083F83D207B681B68DA687B681B6842F093
:105600000102DA607B681B68234A934222D07B68E0
:105610001B68B3F1804F1DD07B681B681F4A934203
:1056200018D07B681B681E4A934213D07B681B68A6
:105630001C4A93420ED07B681B681B4A934209D0D8
:105640007B681B68194A934204D07B681B68184A20
:10565000934211D17B681B689B6803F00703FB60D2
:10566000FB68062B10D07B681B681A687B681B6878
:1056700042F001021A6007E07B681B681A687B68C9
:105680001B6842F001021A60002318461437BD4619
:105690005DF8047B704700BF00000140000400403B
:1056A00000080040000C00400004014000400140A0
:1056B0000018004080B582B000AF78607B68002B96
:1056C00001D1012341E07B6893F83D30DBB2002B30
:1056D00006D17B68002283F83C20786800F039F816
:1056E0007B68022283F83D207B681A687B6804335C
:1056F0001946104600F0A2FB7B68012283F8462081
:105700007B68012283F83E207B68012283F83F20DA
:105710007B68012283F840207B68012283F84120C6
:105720007B68012283F842207B68012283F84320B2
:105730007B68012283F844207B68012283F845209E
:105740007B68012283F83D20002318460837BD46B8
:1057500080BD80B483B000AF786000BF0C37BD4619
:105760005DF8047B7047000080B584B000AF7860BE
:1057700039603B68002B09D17B6893F83E30DBB27F
:10578000012B14BF01230023DBB222E03B68042B72
:1057900009D17B6893F83F30DBB2012B14BF0123A2
:1057A0000023DBB215E03B68082B09D17B6893F836
:1057B0004030DBB2012B14BF01230023DBB208E031
:1057C0007B6893F84130DBB2012B14BF0123002327
:1057D000DBB2002B01D001237CE03B68002B04D11D
:1057E0007B68022283F83E2013E03B68042B04D13F
:1057F0007B68022283F83F200BE03B68082B04D132
:105800007B68022283F8402003E07B68022283F851
:1058100041207B681B6801223968184600F0FEFDB4
:105820007B681B682D4A934204D07B681B682C4A16
:10583000934201D1012300E00023002B07D07B68B5
:105840001B685A6C7B681B6842F400425A647B6890
:105850001B68224A934222D07B681B68B3F1804FB9
:105860001DD07B681B681F4A934218D07B681B6859
:105870001D4A934213D07B681B681C4A93420ED08A
:105880007B681B68164A934209D07B681B68184ADC
:10589000934204D07B681B68164A934211D17B68FF
:1058A0001B689B6803F00703FB60FB68062B10D0A6
:1058B0007B681B681A687B681B6842F001021A60EB
:1058C00007E07B681B681A687B681B6842F001026E
:1058D0001A60002318461037BD4680BD0000014005
:1058E000000401400004004000080040000C00409B
:1058F000004001400018004080B584B000AF7860DF
:105900007B681B68DB68FB607B681B681B69BB608E
:10591000BB6803F00203002B20D0FB6803F00203F6
:10592000002B1BD07B681B686FF002021A617B683A
:1059300001221A777B681B689B6903F00303002B25
:1059400003D0786800F05BFA05E0786800F04DFA63
:10595000786800F05EFA7B6800221A77BB6803F073
:105960000403002B20D0FB6803F00403002B1BD0A2
:105970007B681B686FF004021A617B6802221A7749
:105980007B681B689B6903F44073002B03D0786825
:1059900000F035FA05E0786800F027FA786800F042
:1059A00038FA7B6800221A77BB6803F00803002BE3
:1059B00020D0FB6803F00803002B1BD07B681B681A
:1059C0006FF008021A617B6804221A777B681B68F3
:1059D000DB6903F00303002B03D0786800F00FFAB3
:1059E00005E0786800F001FA786800F012FA7B6848
:1059F00000221A77BB6803F01003002B20D0FB684D
:105A000003F01003002B1BD07B681B686FF01002A3
:105A10001A617B6808221A777B681B68DB6903F4CC
:105A20004073002B03D0786800F0E9F905E078684E
:105A300000F0DBF9786800F0ECF97B6800221A7757
:105A4000BB6803F00103002B0CD0FB6803F00103DB
:105A5000002B07D07B681B686FF001021A61786821
:105A60000CF0DFFEBB6803F08003002B0CD0FB685A
:105A700003F08003002B07D07B681B686FF0800267
:105A80001A61786800F076FDBB6803F04003002BD4
:105A90000CD0FB6803F04003002B07D07B681B6829
:105AA0006FF040021A61786800F0BDF9BB6803F03E
:105AB0002003002B0CD0FB6803F02003002B07D041
:105AC0007B681B686FF020021A61786800F048FD5F
:105AD00000BF1037BD4680BD80B586B000AFF8600E
:105AE000B9607A600023FB75FB6893F83C30012BAA
:105AF00001D10223AEE0FB68012283F83C207B68E1
:105B00000C2B00F29F8001A252F823F0415B0008A9
:105B1000455C0008455C0008455C0008815B0008A6
:105B2000455C0008455C0008455C0008C35B000854
:105B3000455C0008455C0008455C0008035C000803
:105B4000FB681B68B968184600F01EFAFB681B6802
:105B50009A69FB681B6842F008029A61FB681B683F
:105B60009A69FB681B6822F004029A61FB681B6853
:105B70009969BB681A69FB681B680A439A6164E00B
:105B8000FB681B68B968184600F06EFAFB681B6872
:105B90009A69FB681B6842F400629A61FB681B68A3
:105BA0009A69FB681B6822F480629A61FB681B6833
:105BB0009969BB681B691A02FB681B680A439A61F2
:105BC00043E0FB681B68B968184600F0C3FAFB683D
:105BD0001B68DA69FB681B6842F00802DA61FB683F
:105BE0001B68DA69FB681B6822F00402DA61FB6853
:105BF0001B68D969BB681A69FB681B680A43DA61CC
:105C000023E0FB681B68B968184600F017FBFB68C7
:105C10001B68DA69FB681B6842F40062DA61FB68A2
:105C20001B68DA69FB681B6822F48062DA61FB6832
:105C30001B68D969BB681B691A02FB681B680A43A9
:105C4000DA6102E00123FB7500BFFB68002283F8E4
:105C50003C20FB7D18461837BD4680BD80B584B01A
:105C600000AF786039600023FB737B6893F83C30A9
:105C7000012B01D10223B4E07B68012283F83C2090
:105C80007B68022283F83D207B681B689B68BB60B1
:105C9000BB6823F07703BB60BB6823F47F43BB6022
:105CA0007B681B68BA689A603B681B68B3F5005F45
:105CB0003ED0B3F5005F00F28780B3F5805F00F05F
:105CC0008680B3F5805F7FD8702B1AD0702B7BD87D
:105CD000602B50D0602B77D8502B3CD0502B73D8F2
:105CE000402B58D0402B6FD8302B64D0302B6BD842
:105CF000202B60D0202B67D8002B5CD0102B5AD0E3
:105D000062E07B6818683B6899683B685A683B6842
:105D1000DB6800F063FB7B681B689B68BB60BB684B
:105D200043F07703BB607B681B68BA689A604FE0FA
:105D30007B6818683B6899683B685A683B68DB6811
:105D400000F04CFB7B681B689A687B681B6842F418
:105D500080429A603CE07B6818683B6859683B6801
:105D6000DB681A4600F0C0FA7B681B6850211846B1
:105D700000F019FB2CE07B6818683B6859683B68A9
:105D8000DB681A4600F0DFFA7B681B686021184662
:105D900000F009FB1CE07B6818683B6859683B68A9
:105DA000DB681A4600F0A0FA7B681B6840211846A1
:105DB00000F0F9FA0CE07B681A683B681B6819462A
:105DC000104600F0F0FA03E00123FB7300E000BF8F
:105DD0007B68012283F83D207B68002283F83C2009
:105DE000FB7B18461037BD4680BD80B483B000AF42
:105DF000786000BF0C37BD465DF8047B704780B407
:105E000083B000AF786000BF0C37BD465DF8047BFF
:105E1000704780B483B000AF786000BF0C37BD46D8
:105E20005DF8047B704780B483B000AF786000BF3A
:105E30000C37BD465DF8047B7047000080B485B028
:105E400000AF786039607B681B68FB607B68434A01
:105E5000934213D07B68B3F1804F0FD07B68404AE8
:105E600093420BD07B683F4A934207D07B683E4AFF
:105E7000934203D07B683D4A934208D1FB6823F0EC
:105E80007003FB603B685B68FA681343FB607B68E8
:105E9000324A93422BD07B68B3F1804F27D07B6886
:105EA0002F4A934223D07B682E4A93421FD07B68AF
:105EB0002D4A93421BD07B682C4A934217D07B68B3
:105EC0002B4A934213D07B682A4A93420FD07B68B7
:105ED000294A93420BD07B68284A934207D07B68BB
:105EE000274A934203D07B68264A934208D1FB6835
:105EF00023F44073FB603B68DB68FA681343FB6084
:105F0000FB6823F080023B685B691343FB603B68DE
:105F10009A687B68DA623B681A687B689A627B6879
:105F20000E4A934203D07B68104A934203D13B68E8
:105F30001A697B681A637B681B6843F004027B68FC
:105F40001A607B6801225A617B68FA681A6000BF98
:105F50001437BD465DF8047B704700BF0000014068
:105F60000004004000080040000C00400004014014
:105F7000004001400044014000480140001800403A
:105F8000001C00400020004080B487B000AF786063
:105F900039607B681B6A7B617B681B6A23F00102A6
:105FA0007B681A627B685B683B617B689B69FB600E
:105FB000FB6823F07003FB60FB6823F00303FB60C6
:105FC0003B681B68FA681343FB607B6923F002039C
:105FD0007B613B689B687A6913437B617B68204ADD
:105FE000934203D07B681F4A93420CD17B6923F014
:105FF00008037B613B68DB687A6913437B617B69DB
:1060000023F004037B617B68154A934203D07B68CD
:10601000144A934211D13B6923F480733B613B697D
:1060200023F400733B613B685B693A6913433B614E
:106030003B689B693A6913433B617B683A695A60E4
:106040007B68FA689A613B685A687B685A637B6828
:106050007A691A6200BF1C37BD465DF8047B704741
:10606000000001400004014080B487B000AF7860B8
:1060700039607B681B6A7B617B681B6A23F01002B6
:106080007B681A627B685B683B617B689B69FB602D
:10609000FB6823F4E043FB60FB6823F44073FB6080
:1060A0003B681B681B02FA681343FB607B6923F0A3
:1060B00020037B613B689B681B017A6913437B610A
:1060C0007B68224A934203D07B68214A93420DD1D8
:1060D0007B6923F080037B613B68DB681B017A6985
:1060E00013437B617B6923F040037B617B68174A24
:1060F000934203D07B68164A934213D13B6923F441
:1061000080633B613B6923F400633B613B685B69EF
:106110009B003A6913433B613B689B699B003A696A
:1061200013433B617B683A695A607B68FA689A61FD
:106130003B685A687B689A637B687A691A6200BF19
:106140001C37BD465DF8047B704700BF000001406E
:106150000004014080B487B000AF786039607B688C
:106160001B6A7B617B681B6A23F480727B681A62FE
:106170007B685B683B617B68DB69FB60FB6823F0E5
:106180007003FB60FB6823F00303FB603B681B6844
:10619000FA681343FB607B6923F400737B613B68FF
:1061A0009B681B027A6913437B617B68214A934297
:1061B00003D07B68204A93420DD17B6923F40063AE
:1061C0007B613B68DB681B027A6913437B617B69F7
:1061D00023F480637B617B68164A934203D07B681B
:1061E000154A934213D13B6923F480533B613B69C9
:1061F00023F400533B613B685B691B013A6913431D
:106200003B613B689B691B013A6913433B617B68B7
:106210003A695A607B68FA68DA613B685A687B6859
:10622000DA637B687A691A6200BF1C37BD465DF885
:10623000047B7047000001400004014080B487B037
:1062400000AF786039607B681B6A3B617B681B6AC2
:1062500023F480527B681A627B685B687B617B6891
:10626000DB69FB60FB6823F4E043FB60FB6823F41D
:106270004073FB603B681B681B02FA681343FB60BA
:106280003B6923F400533B613B689B681B033A69FD
:1062900013433B617B68124A934203D07B68114AE7
:1062A000934209D17B6923F480437B613B685B693E
:1062B0009B017A6913437B617B687A695A607B68CA
:1062C000FA68DA613B685A687B681A647B683A69E5
:1062D0001A6200BF1C37BD465DF8047B704700BFE3
:1062E000000001400004014080B487B000AFF860B6
:1062F000B9607A60FB681B6A7B61FB681B6A23F0EC
:106300000102FB681A62FB689B693B613B6923F0F1
:10631000F0033B617B681B013A6913433B617B6976
:1063200023F00A037B617A69BB6813437B61FB68D6
:106330003A699A61FB687A691A6200BF1C37BD46E8
:106340005DF8047B704780B487B000AFF860B96037
:106350007A60FB681B6A7B61FB681B6A23F0100292
:10636000FB681A62FB689B693B613B6923F47043DD
:106370003B617B681B033A6913433B617B6923F0F4
:10638000A0037B61BB681B017A6913437B61FB68D7
:106390003A699A61FB687A691A6200BF1C37BD4688
:1063A0005DF8047B704780B485B000AF78603960D9
:1063B0007B689B68FB60FB6823F07003FB603A68B6
:1063C000FB68134343F00703FB607B68FA689A603D
:1063D00000BF1437BD465DF8047B704780B487B0BA
:1063E00000AFF860B9607A603B60FB689B687B61D6
:1063F0007B6923F47F437B613B681A027B681A4305
:10640000BB6813437A6913437B61FB687A699A60BE
:1064100000BF1C37BD465DF8047B704780B487B071
:1064200000AFF860B9607A60BB6803F01F03012217
:1064300002FA03F37B61FB681A6A7B69DB431A404B
:10644000FB681A62FB681A6ABB6803F01F0379686D
:1064500001FA03F31A43FB681A6200BF1C37BD46FA
:106460005DF8047B7047000080B485B000AF7860B1
:1064700039607B6893F83C30012B01D102235AE04C
:106480007B68012283F83C207B68022283F83D2050
:106490007B681B685B68FB607B681B689B68BB60F4
:1064A000FB6823F07003FB603B681B68FA681343CA
:1064B000FB607B681B68FA685A607B681B68214A2E
:1064C000934222D07B681B68B3F1804F1DD07B685C
:1064D0001B681D4A934218D07B681B681B4A934275
:1064E00013D07B681B681A4A93420ED07B681B68E6
:1064F000184A934209D07B681B68174A934204D01C
:106500007B681B68154A93420CD1BB6823F080035B
:10651000BB603B685B68BA681343BB607B681B6801
:10652000BA689A607B68012283F83D207B6800226C
:1065300083F83C20002318461437BD465DF8047BE1
:10654000704700BF00000140000400400008004008
:10655000000C0040000401400040014000180040D1
:1065600080B483B000AF786000BF0C37BD465DF8E3
:10657000047B704780B483B000AF786000BF0C37F5
:10658000BD465DF8047B704780B582B000AF78608F
:106590007B68002B01D1012342E07B6893F84130F6
:1065A000DBB2002B06D17B68002283F8402078689C
:1065B00002F0FAFB7B68242283F841207B681B6889
:1065C000DA687B681B6822F40052DA60786801F0B0
:1065D00057FA7B681B681A697B681B6822F4904233
:1065E0001A617B681B685A697B681B6822F02A0263
:1065F0005A617B681B68DA687B681B6842F400524A
:10660000DA607B6800225A647B68202283F841208C
:106610007B68202283F842207B6800225A63002393
:1066200018460837BD4680BD80B58AB002AFF86015
:10663000B9603B601346FB8000237B61FB6893F8E5
:106640004130DBB2202B75D1BB68002B02D0FB8818
:10665000002B01D101236EE0FB6800225A64FB6825
:10666000212283F84120FEF763F97861FB68FA88FC
:106670009A84FB68FA88DA84FB689B68B3F5805FCC
:1066800008D1FB681B69002B04D10023FB61BB68A8
:10669000BB6103E0BB68FB610023BB612EE03B688C
:1066A00000937B6900228021F86800F0C8FE034651
:1066B000002B05D0FB68202283F8412003233AE019
:1066C000FB69002B0BD1BB691B881A46FB681B6852
:1066D000C2F308025A60BB690233BB6107E0FB6981
:1066E0001A78FB681B685A60FB690133FB61FB6821
:1066F000DB8C9BB2013B9AB2FB68DA84FB68DB8CD3
:106700009BB2002BCBD13B6800937B6900224021D8
:10671000F86800F094FE0346002B05D0FB682022A9
:1067200083F84120032306E0FB68202283F8412000
:10673000002300E0022318462037BD4680BD00003C
:1067400080B58CB000AFF860B9601346FB80FB6881
:1067500093F84130DBB2202B62D1BB68002B02D012
:10676000FB88002B01D101235BE0BA68FB681A6249
:10677000FB68FA889A84FB68FA88DA84FB6800224E
:106780005A64FB68212283F84120FB689B6B274AEF
:10679000DA63FB689B6B264A1A64FB689B6B254A8D
:1067A000DA64FB689B6B00221A6507F10803FB6241
:1067B000FB68986BFB6A1968FB681B6804331A4610
:1067C000FB88FDF7E9FB0346002B08D0FB6810228D
:1067D0005A64FB68202283F84120012321E0FB68F2
:1067E0001B686FF040021A60FB681B681433BB61C2
:1067F000BB6953E8003F7B617B6943F08003BB6268
:10680000FB681B681433BA6A7A623B62396A7A6A37
:1068100041E80023FB61FB69002BE5D1002300E088
:10682000022318463037BD4680BD00BF8D71000879
:1068300027720008AB73000880B584B000AFF86021
:10684000B9601346FB80FB6893F84230DBB2202B23
:1068500012D1BB68002B02D0FB88002B01D1012391
:106860000BE0FB6800221A63FB881A46B968F868D7
:1068700000F03EFE034600E0022318461037BD46F6
:1068800080BD80B590B000AF78600023FB637B686B
:106890001B685B6903F08003802B0CBF012300237E
:1068A000DBB2FB637B6893F84130DBB2212B28D14C
:1068B000FB6B002B25D07B681B6814337B627B6AE3
:1068C00053E8003F3B623B6A23F08003BB637B6875
:1068D0001B681433BA6B3A63FB62F96A3A6B41E89E
:1068E0000023BB62BB6A002BE5D17B689B6B002B4E
:1068F00004D07B689B6B1846FDF7A6FB786800F018
:106900009DFE7B681B685B6903F04003402B0CBF56
:1069100001230023DBB2FB637B6893F84230DBB2D8
:10692000222B28D1FB6B002B25D07B681B681433EE
:106930003B613B6953E8003FFB60FB6823F0400389
:106940007B637B681B6814337A6BFA61BB61B9693E
:10695000FA6941E800237B617B69002BE5D17B6804
:10696000DB6B002B04D07B68DB6B1846FDF76CFB00
:10697000786800F08BFE002318464037BD4680BD86
:1069800080B5A2B000AF78600123C7F884307B687F
:106990001B680C333B663B6E53E8003FFB65FB6DA9
:1069A00023F4F073C7F880307B681B680C33D7F88A
:1069B0008020FA66BB66B96EFA6E41E800237B66FA
:1069C0007B6E002BE3D17B681B681433FB64FB6C8C
:1069D00053E8003FBB64BB6C23F00103FB677B689B
:1069E0001B681433FA6FBA657B65796DBA6D41E83F
:1069F00000233B653B6D002BE5D17B681B6B012BB6
:106A000019D17B681B680C33BB63BB6B53E8003F39
:106A10007B637B6B23F01003BB677B681B680C33C5
:106A2000BA6F7A643B64396C7A6C41E80023FB638B
:106A3000FB6B002BE5D17B689B6B002B0FD07B6839
:106A40001B685B6903F08003802B04D17B689B6B20
:106A5000534A1A6503E07B689B6B00221A657B68CA
:106A6000DB6B002B0FD07B681B685B6903F0400376
:106A7000402B04D17B68DB6B4A4A1A6503E07B68D4
:106A8000DB6B00221A657B681B685B6903F080037F
:106A9000802B2DD17B681B6814337B627B6A53E8A3
:106AA000003F3B623B6A23F080037B677B681B6887
:106AB00014337A6F3A63FB62F96A3A6B41E8002358
:106AC000BB62BB6A002BE5D17B689B6B002B0FD0B0
:106AD0007B689B6B1846FDF727FB0346002B04D011
:106AE0007B689B6B00221A6502E00023C7F88430A4
:106AF0007B681B685B6903F04003402B30D17B68E7
:106B00001B6814333B613B6953E8003FFB60FB6843
:106B100023F040033B677B681B6814333A6FFA61CC
:106B2000BB61B969FA6941E800237B617B69002B8D
:106B3000E5D17B68DB6B002B12D07B68DB6B1846E2
:106B4000FDF7F2FA0346002B07D07B68DB6B0022CF
:106B50001A650123C7F8843002E00023C7F88430A7
:106B6000D7F88430012B16D17B680022DA847B6849
:106B70000022DA857B6800225A647B68202283F831
:106B800041207B68202283F842207B6800221A6320
:106B9000786800F0E5FA002318468837BD4680BDC6
:106BA00075770008D577000880B5BAB000AF786077
:106BB0007B681B681B68C7F8E4307B681B68DB6870
:106BC000C7F8E0307B681B685B69C7F8DC300023DE
:106BD000C7F8D8300023C7F8D430D7F8E43003F032
:106BE0000F03C7F8D830D7F8D830002B0FD1D7F81B
:106BF000E43003F02003002B09D0D7F8E03003F095
:106C00002003002B03D0786800F07CFE73E2D7F8F5
:106C1000D830002B00F0DE80D7F8DC3003F0010321
:106C2000002B06D1D7F8E03003F49073002B00F06E
:106C3000D180D7F8E43003F00103002B0BD0D7F854
:106C4000E03003F48073002B05D07B685B6C43F06D
:106C500001027B685A64D7F8E43003F00403002B88
:106C60000BD0D7F8DC3003F00103002B05D07B6894
:106C70005B6C43F002027B685A64D7F8E43003F09F
:106C80000203002B0BD0D7F8DC3003F00103002BFC
:106C900005D07B685B6C43F004027B685A64D7F8CC
:106CA000E43003F00803002B11D0D7F8E03003F0F4
:106CB0002003002B05D1D7F8DC3003F00103002BB3
:106CC00005D07B685B6C43F008027B685A647B6884
:106CD0005B6C002B00F00A82D7F8E43003F020034D
:106CE000002B08D0D7F8E03003F02003002B02D0AF
:106CF000786800F007FE7B681B685B6903F040035F
:106D0000402B0CBF01230023DBB2C7F8D4307B68D3
:106D10005B6C03F00803002B03D1D7F8D430002BB1
:106D20004FD0786800F0B2FC7B681B685B6903F0A9
:106D30004003402B41D17B681B681433C7F89C305B
:106D4000D7F89C3053E8003FC7F89830D7F8983010
:106D500023F04003C7F8D0307B681B681433D7F8A2
:106D6000D020C7F8A820C7F8A430D7F8A410D7F8C7
:106D7000A82041E80023C7F8A030D7F8A030002BA6
:106D8000D9D17B68DB6B002B13D07B68DB6B8A4A25
:106D90001A657B68DB6B1846FDF7C6F90346002BC6
:106DA00016D07B68DB6B1B6D7A68D26B10469847F8
:106DB0000EE0786800F0CAF90AE0786800F0C6F9D9
:106DC00006E0786800F0C2F97B6800225A648DE121
:106DD00000BF8BE17B681B6B012B40F06781D7F80C
:106DE000E43003F01003002B00F06081D7F8E030AE
:106DF00003F01003002B00F059810023BB607B6877
:106E00001B681B68BB607B681B685B68BB60BB68FA
:106E10007B681B685B6903F04003402B40F0CE8029
:106E20007B68DB6B1B685B68A7F8BE30B7F8BE30C9
:106E3000002B00F0A9807B689B8DB7F8BE209A429A
:106E400080F0A2807B68B7F8BE20DA857B68DB6BB8
:106E5000DB69B3F5807F00F088807B681B680C33AA
:106E6000C7F88830D7F8883053E8003FC7F8843037
:106E7000D7F8843023F48073C7F8B8307B681B6878
:106E80000C33D7F8B820C7F89420C7F89030D7F85B
:106E90009010D7F8942041E80023C7F88C30D7F839
:106EA0008C30002BD9D17B681B6814337B677B6FD8
:106EB00053E8003F3B673B6F23F00103C7F8B43052
:106EC0007B681B681433D7F8B420C7F88020FB67B1
:106ED000F96FD7F8802041E80023BB67BB6F002B18
:106EE000E1D17B681B6814333B663B6E53E8003F7F
:106EF000FB65FB6D23F04003C7F8B0307B681B686F
:106F00001433D7F8B020FA66BB66B96EFA6E41E862
:106F100000237B667B6E002BE3D17B68202283F805
:106F200042207B6800221A637B681B680C33FB6479
:106F3000FB6C53E8003FBB64BB6C23F01003C7F845
:106F4000AC307B681B680C33D7F8AC20BA657B6526
:106F5000796DBA6D41E800233B653B6D002BE3D1B1
:106F60007B68DB6B1846FDF76FF87B6802225A637B
:106F70007B689A8D7B68DB8D9BB2D31A9BB21946D6
:106F8000786800F0F7F8B3E07B689B8DB7F8BE2017
:106F90009A4240F0AD807B68DB6BDB69B3F5807FA4
:106FA00040F0A6807B6802225A637B689B8D19465D
:106FB000786800F0DFF89BE0537700087B689A8DD3
:106FC0007B68DB8D9BB2D31AA7F8CE307B68DB8D54
:106FD0009BB2002B00F08E80B7F8CE30002B00F073
:106FE00089807B681B680C33BB63BB6B53E8003F35
:106FF0007B637B6B23F49073C7F8C8307B681B6896
:107000000C33D7F8C8207A643B64396C7A6C41E859
:107010000023FB63FB6B002BE3D17B681B681433FD
:107020007B627B6A53E8003F3B623B6A23F00103CB
:10703000C7F8C4307B681B681433D7F8C4203A63A0
:10704000FB62F96A3A6B41E80023BB62BB6A002B22
:10705000E3D17B68202283F842207B6800221A63F8
:107060007B681B680C333B613B6953E8003FFB6066
:10707000FB6823F01003C7F8C0307B681B680C3333
:10708000D7F8C020FA61BB61B969FA6941E8002309
:107090007B617B69002BE3D17B6802225A63B7F8DE
:1070A000CE301946786800F065F823E0D7F8E43070
:1070B00003F08003002B09D0D7F8E03003F0800301
:1070C000002B03D0786800F0B5FB14E0D7F8E4306B
:1070D00003F04003002B0ED0D7F8E03003F040035C
:1070E000002B08D0786800F0F5FB04E000BF02E058
:1070F00000BF00E000BFE837BD4680BD80B483B06C
:1071000000AF786000BF0C37BD465DF8047B704768
:1071100080B483B000AF786000BF0C37BD465DF827
:10712000047B704780B483B000AF786000BF0C3739
:10713000BD465DF8047B704780B483B000AF7860D3
:1071400000BF0C37BD465DF8047B704780B483B048
:1071500000AF786000BF0C37BD465DF8047B704718
:1071600080B483B000AF786000BF0C37BD465DF8D7
:10717000047B704780B483B000AF78600B467B809F
:1071800000BF0C37BD465DF8047B704780B590B0FA
:1071900000AF78607B689B6BFB637B681B681B6838
:1071A00003F48073002B37D1FB6B0022DA84FB6B76
:1071B0001B6814337B627B6A53E8003F3B623B6A87
:1071C00023F08003BB63FB6B1B681433BA6B3A6319
:1071D000FB62F96A3A6B41E80023BB62BB6A002B91
:1071E000E5D1FB6B1B680C333B613B6953E8003F07
:1071F000FB60FB6843F040037B63FB6B1B680C3355
:107200007A6BFA61BB61B969FA6941E800237B6175
:107210007B69002BE5D102E0F86BFFF76FFF00BF41
:107220004037BD4680BD80B584B000AF78607B68D4
:107230009B6BFB60F868FFF76BFF00BF1037BD4624
:1072400080BD80B59CB000AF78607B689B6BFB66AF
:107250007B681B681B6803F48073002B72D1FB6E84
:107260000022DA85FB6E1B680C33FB64FB6C53E871
:10727000003FBB64BB6C23F48073BB66FB6E1B6872
:107280000C33BA6EBA657B65796DBA6D41E800233F
:107290003B653B6D002BE5D1FB6E1B681433BB6374
:1072A000BB6B53E8003F7B637B6B23F001037B6682
:1072B000FB6E1B6814337A6E7A643B64396C7A6CAB
:1072C00041E80023FB63FB6B002BE5D1FB6E1B68E1
:1072D00014337B627B6A53E8003F3B623B6A23F0D6
:1072E00040033B66FB6E1B6814333A6E3A63FB62E5
:1072F000F96A3A6B41E80023BB62BB6A002BE5D117
:10730000FB6E202283F84220FB6E1B6B012B19D1F0
:10731000FB6E1B680C333B613B6953E8003FFB602D
:10732000FB6823F01003FB65FB6E1B680C33FA6DE2
:10733000FA61BB61B969FA6941E800237B617B6945
:10734000002BE5D1FB6E00225A63FB6E1B6B012BF9
:1073500006D1FB6E9B8D1946F86EFFF70BFF02E01E
:10736000F86EFFF7DFFE00BF7037BD4680BD80B509
:1073700084B000AF78607B689B6BFB60FB68012288
:107380005A63FB681B6B012B08D1FB689B8D5B0864
:107390009BB21946F868FFF7EDFE02E0F868FFF7C8
:1073A000CBFE00BF1037BD4680BD80B584B000AFB6
:1073B00078600023FB607B689B6BBB60BB681B68CD
:1073C0005B6903F08003802B0CBF01230023DBB239
:1073D000FB60BB6893F84130DBB2212B08D1FB681E
:1073E000002B05D0BB680022DA84B86800F026F9CB
:1073F000BB681B685B6903F04003402B0CBF012393
:107400000023DBB2FB60BB6893F84230DBB2222B77
:1074100008D1FB68002B05D0BB680022DA85B8686C
:1074200000F034F9BB685B6C43F01002BB685A642F
:10743000B868FFF78BFE00BF1037BD4680BD80B532
:1074400086B000AFF860B9603B601346FB713BE06B
:107450003B6AB3F1FF3F37D0FDF76AFA02463B685B
:10746000D31A3A6A9A4202D33B6A002B01D1032312
:107470003AE0FB681B68DB6803F00403002B23D0B1
:10748000BB68802B20D0BB68402B1DD0FB681B68DD
:107490001B6803F00803082B16D100237B61FB68EF
:1074A0001B681B687B61FB681B685B687B617B6991
:1074B000F86800F0EBF8FB6808225A64FB680022C9
:1074C00083F8402001230FE0FB681B681A68BB6843
:1074D0001340BA689A420CBF01230023DBB21A465C
:1074E000FB799A42B4D0002318461837BD4680BDB8
:1074F00080B598B000AFF860B9601346FB80BA68F9
:10750000FB689A62FB68FA889A85FB6800225A64D5
:10751000FB68222283F84220FB68DB6B444ADA6373
:10752000FB68DB6B434A1A64FB68DB6B424ADA6434
:10753000FB68DB6B00221A6507F10803FB65FB683B
:10754000D86BFB681B6804331946FB6D1A68FB880F
:10755000FCF722FD0346002B08D0FB6810225A647A
:10756000FB68202283F8422001235DE000233B6179
:10757000FB681B681B683B61FB681B685B683B61C1
:107580003B69FB681B69002B19D0FB681B680C3337
:107590003B643B6C53E8003FFB63FB6B43F480733D
:1075A000BB65FB681B680C33BA6DFA64BB64B96CCD
:1075B000FA6C41E800237B647B6C002BE5D1FB680F
:1075C0001B681433FB62FB6A53E8003FBB62BB6A73
:1075D00043F001037B65FB681B6814337A6DBA6363
:1075E0007B63796BBA6B41E800233B633B6B002BF9
:1075F000E5D1FB681B681433BB61BB6953E8003FEE
:107600007B617B6943F040033B65FB681B68143377
:107610003A6D7A623B62396A7A6A41E80023FB611B
:10762000FB69002BE5D1002318466037BD4680BDBD
:10763000437200086F730008AB73000880B489B010
:1076400000AF78607B681B680C33FB60FB6853E815
:10765000003FBB60BB6823F0C003FB617B681B6815
:107660000C33FA69BA617B617969BA6941E8002330
:107670003B613B69002BE5D17B68202283F84120E8
:1076800000BF2437BD465DF8047B704780B495B0D9
:1076900000AF78607B681B680C337B637B6B53E8BF
:1076A000003F3B633B6B23F49073FB647B681B6878
:1076B0000C33FA6C3A64FB63F96B3A6C41E80023D3
:1076C000BB63BB6B002BE5D17B681B6814333B624B
:1076D0003B6A53E8003FFB61FB6923F00103BB6495
:1076E0007B681B681433BA6CFA62BB62B96AFA6AC7
:1076F00041E800237B627B6A002BE5D17B681B6B32
:10770000012B19D17B681B680C33FB60FB6853E8C5
:10771000003FBB60BB6823F010037B647B681B6881
:107720000C337A6CBA617B617969BA6941E80023EC
:107730003B613B69002BE5D17B68202283F8422026
:107740007B6800221A6300BF5437BD465DF8047B96
:10775000704780B584B000AF78607B689B6BFB603E
:10776000FB680022DA85F868FFF7F0FC00BF1037ED
:10777000BD4680BD80B584B000AF78607B689B6BF0
:10778000FB60FB689B6B00221A65FB68DB6B002BC0
:1077900004D0FB68DB6B1B6D002B17D1FB6800224C
:1077A000DA84FB680022DA85FB6800225A64FB68F1
:1077B000202283F84120FB68202283F84220FB68C6
:1077C00000221A63F868FFF7CBFC00E000BF103717
:1077D000BD4680BD80B584B000AF78607B689B6B90
:1077E000FB60FB68DB6B00221A65FB689B6B002B60
:1077F00004D0FB689B6B1B6D002B17D1FB6800222C
:10780000DA84FB680022DA85FB6800225A64FB6890
:10781000202283F84120FB68202283F84220FB6865
:1078200000221A63F868FFF79BFC00E000BF1037E6
:10783000BD4680BD80B485B000AF78607B6893F8AA
:107840004130DBB2212B3ED17B689B68B3F5805F72
:1078500014D17B681B69002B10D17B681B6AFB600D
:10786000FB681B881A467B681B68C2F308025A60D3
:107870007B681B6A9A1C7B681A6208E07B681B6A3B
:10788000591C7A6811621A787B681B685A607B6899
:10789000DB8C9BB2013B9BB27A681946D184002BEA
:1078A0000FD17B681B68DA687B681B6822F0800256
:1078B000DA607B681B68DA687B681B6842F040020C
:1078C000DA60002300E0022318461437BD465DF855
:1078D000047B704780B582B000AF78607B681B681E
:1078E000DA687B681B6822F04002DA607B6820223D
:1078F00083F841207868FFF701FC00231846083719
:10790000BD4680BD80B58CB000AF78600023FB62BF
:107910000023BB627B6893F84230DBB2222B40F03D
:10792000AA807B689B68B3F5805F15D17B681B6973
:10793000002B11D17B689B6ABB627B681B685B680C
:107940009BB2C3F308039AB2BB6A1A807B689B6A36
:107950009A1C7B689A6224E07B689B6AFB627B6866
:107960009B68B3F5805F07D07B689B68002B0AD1CA
:107970007B681B69002B06D17B681B685B68DAB2E9
:10798000FB6A1A7008E07B681B685B68DBB203F077
:107990007F03DAB2FB6A1A707B689B6A5A1C7B68A9
:1079A0009A627B68DB8D9BB2013B9BB27A68194679
:1079B000D185002B5DD17B681B68DA687B681B680A
:1079C00022F02002DA607B681B68DA687B681B683B
:1079D00022F48072DA607B681B685A697B681B68D6
:1079E00022F001025A617B68202283F842207B68E2
:1079F00000225A637B681B6B012B35D17B68002208
:107A00001A637B681B680C337B617B6953E8003F1A
:107A10003B613B6923F010037B627B681B680C337E
:107A20007A6A3A62FB61F9693A6A41E80023BB610C
:107A3000BB69002BE5D17B681B681B6803F0100352
:107A4000102B0AD10023FB607B681B681B68FB605E
:107A50007B681B685B68FB60FB687B689B8D1946D5
:107A60007868FFF787FB02E07868FFF75BFB00238D
:107A700002E0002300E0022318463037BD4680BDF7
:107A80002DE9B04FC0B000AFC7F8F400D7F8F4301C
:107A90001B681B6923F44050D7F8F430D968D7F835
:107AA000F4301A6840EA01031361D7F8F4309A6899
:107AB000D7F8F4301B691A43D7F8F4305B691A43DE
:107AC000D7F8F430DB691343C7F8F830D7F8F4304F
:107AD0001B68DB6823F4164121F00C01D7F8F43061
:107AE0001A68D7F8F8300B43D360D7F8F4301B6826
:107AF0005B6923F44070D7F8F4309969D7F8F43013
:107B00001A6840EA01035361D7F8F4301A688F4BC2
:107B10009A4205D0D7F8F4301A688D4B9A4204D1B6
:107B2000FBF7C2FFC7F8FC0003E0FBF7A9FFC7F8AB
:107B3000FC00D7F8F430DB69B3F5004F40F00C815E
:107B4000D7F8FC300022C7F8E830C7F8EC20D7E9B6
:107B50003A4522462B469118B9655B41FB65D7E94A
:107B60001623214612EB0108294643EB01094FF089
:107B700000024FF000034FEAC90343EA58734FEA8B
:107B8000C80290469946234618EB0303C7F8E03035
:107B90002B4649EB0303C7F8E430D7F8F4305B68B1
:107BA0000022C7F8D830C7F8DC20D7E936120B46D8
:107BB000DB183B65134642EB03037B65D7E91423CF
:107BC000D7E93801F9F796FA02460B46614BA3FB59
:107BD00002235B091C01D7F8FC300022C7F8D03023
:107BE000C7F8D420D7E9348942464B469118B96486
:107BF0005B41FB64D7E91223414612EB010A494677
:107C000043EB010B4FF000024FF000034FEACB03B0
:107C100043EA5A734FEACA0292469B4643461AEB1E
:107C20000303C7F8C8304B464BEB0303C7F8CC300F
:107C3000D7F8F4305B680022C7F8C030C7F8C4201A
:107C4000D7E930120B46DB183B64134642EB0303C3
:107C50007B64D7E91023D7E93201F9F74BFA0246E2
:107C60000B4611463B4BA3FB01235B09642202FB3D
:107C700003F3CB1ADB0003F13202364BA3FB0223E2
:107C80005B095B0003F4F8731C44D7F8FC30002256
:107C9000C7F8B830C7F8BC20D7E92E8942464B4612
:107CA0009118B9635B41FB63D7E90E234146511834
:107CB000396349464B417B634FF000024FF00003AC
:107CC000D7E90CAB5946CB00514643EA51735146B4
:107CD000CA0010461946034642469B18C7F8B03002
:107CE0004B460A4642EB0303C7F8B430D7F8F430EA
:107CF0005B680022C7F8A830C7F8AC20D7E92A1281
:107D00000B46DB18BB62134642EB0303FB62D7E969
:107D10000A23D7E92C01F9F7EDF902460B460D4B82
:107D2000A3FB02135B09642101FB03F3D31ADB00FD
:107D30003233084AA2FB03235B0903F00702D7F89A
:107D4000F4301B6822449A6005E100BF0010014036
:107D5000001401401F85EB51D7F8FC300022C7F812
:107D6000A030C7F8A420D7E9288942464B4691188D
:107D700039625B417B62D7E9082341465418494682
:107D800043EB01054FF000024FF00003EB0043EA24
:107D90005473E20014461D464346E318C7F8983072
:107DA0004B4645EB0303C7F89C30D7F8F4305B68CB
:107DB0000022C7F89030C7F894204FF000024FF02F
:107DC0000003D7E9244529468B00214643EA9173F5
:107DD00021468A00D7E92601F9F78CF902460B46BD
:107DE000604BA3FB02235B091C01D7F8FC30002287
:107DF000C7F88830C7F88C20D7E9228942464B461D
:107E00009118B9615B41FB61D7E9062341465118DE
:107E1000396149464B417B614FF000024FF000034E
:107E2000D7E904AB5946CB00514643EA517351465A
:107E3000CA0010461946034642469B18C7F88030D0
:107E40004B460A4642EB0303C7F88430D7F8F430B8
:107E50005B680022BB67FA674FF000024FF0000337
:107E6000D7E91E8949468B00414643EA9173414652
:107E70008A00D7E92001F9F73DF902460B46394B54
:107E8000A3FB02135B09642101FB03F3D31A1B015B
:107E90003233344AA2FB03235B0903F0F0031C4492
:107EA000D7F8FC3000223B677A67D7E91C89424645
:107EB0004B469118B9605B41FB60D7E9022341460C
:107EC0005118396049464B417B604FF000024FF03A
:107ED0000003D7E900AB5946CB00514643EA517342
:107EE0005146CA0010461946034642469B18BB66D7
:107EF0004B460A4642EB0303FB66D7F8F4305B6857
:107F000000223B667A664FF000024FF00003D7E98B
:107F1000188949468B00414643EA917341468A00DD
:107F2000D7E91A01F9F7E6F802460B460D4BA3FB19
:107F300002135B09642101FB03F3D31A1B013233E3
:107F4000084AA2FB03235B0903F00F02D7F8F430C1
:107F50001B6822449A6000BF07F58077BD46BDE8E4
:107F6000B08F00BF1F85EB5180B594B000AF07F113
:107F70002003302200211846F9F71AFB07F10C0301
:107F800000221A605A609A60DA601A610023BB60AE
:107F9000284B1B6C274A43F080531364254B1B6C02
:107FA00003F08053BB60BB6800237B60224B1B68DF
:107FB000214A43F4804313601F4B1B6803F4804342
:107FC0007B607B6802233B620123FB6210233B63DF
:107FD0000223BB630023FB6308233B64A8237B6469
:107FE0000223BB640423FB6407F120031846FBF75C
:107FF00017F90346002B01D000F020F80F23FB6097
:1080000002233B6100237B614FF4A053BB614FF41B
:108010008053FB6107F10C0305211846FBF778FB41
:108020000346002B01D000F009F800BF5037BD46D1
:1080300080BD00BF003802400070004080B400AF37
:1080400072B600BFFEE7000080B58AB000AF07F14E
:10805000140300221A605A609A60DA601A610023E1
:108060003B614A4B1B6B494A43F080031363474B08
:108070001B6B03F080033B613B690023FB60434BB8
:108080001B6B424A43F001031363404B1B6B03F02D
:108090000103FB60FB680023BB603C4B1B6B3B4A4E
:1080A00043F004031363394B1B6B03F00403BB6001
:1080B000BB6800237B60354B1B6B344A43F00203E3
:1080C0001363324B1B6B03F002037B607B6800235E
:1080D0003B602E4B1B6B2D4A43F0080313632B4B65
:1080E0001B6B03F008033B603B680022102128480B
:1080F000FBF78AFE002210212648FBF785FE0122AD
:1081000020212448FBF780FE002264212248FBF74F
:108110007BFE10237B610123BB610023FB610323F2
:108120003B6207F1140319461948FBF7D1FC1023F1
:108130007B610123BB610023FB6103233B6207F1E9
:10814000140319461348FBF7C3FC20237B6101236A
:10815000BB610123FB6103233B6207F11403194652
:108160000C48FBF7B5FC64237B610123BB61002352
:10817000FB6100233B6207F1140319460648FBF735
:10818000A7FC00BF2837BD4680BD00BF00380240B5
:1081900000000240000802400004024080B500AF29
:1081A000174B184A1A60164B06225A60144B0022CD
:1081B0009A60134B0022DA60114B4FF440321A617F
:1081C0000F4B4FF480125A610D4B00221A760C4B64
:1081D00001225A760A4B00229A76094B0122DA765E
:1081E000074B00221A77064B00225A770448FAF709
:1081F00087F90346002B01D0FFF720FF00BF80BDA9
:10820000B40000200064004080B500AF174B184A4E
:108210001A60164B06225A60144B00229A60134BC8
:108220000022DA60114B4FF440321A610F4B4FF4C9
:1082300080125A610D4B00221A760C4B01225A769D
:108240000A4B00229A76094B0122DA76074B00226C
:108250001A77064B00225A770448FAF751F9034679
:10826000002B01D0FFF7EAFE00BF80BDDC0000203C
:108270000068004080B58CB000AF786007F11C0347
:1082800000221A605A609A60DA601A617B681B6883
:108290004B4A93423ED14B4B1B680133494A136012
:1082A000484B1B68012B0DD10023BB61464B1B6C57
:1082B000454A43F000731364434B1B6C03F0007397
:1082C000BB61BB6900237B613F4B1B6B3E4A43F0A4
:1082D000010313633C4B1B6B03F001037B617B6960
:1082E0004FF4C053FB6102233B6200237B620323F4
:1082F000BB620923FB6207F11C0319463348FBF7F5
:10830000E7FB002200211420FCF775FA1420FCF78B
:108310008EFA50E07B681B682D4A93424BD10023B4
:108320003B61294B1B6C284A43F080631364264B46
:108330001B6C03F080633B613B69224B1B6801337C
:10834000204A13601F4B1B68012B0DD10023FB60DB
:108350001D4B1B6C1C4A43F0007313641A4B1B6CBF
:1083600003F00073FB60FB680023BB60164B1B6BC4
:10837000154A43F002031363134B1B6B03F0020314
:10838000BB60BB684FF44053FB6102233B62002398
:108390007B620323BB620923FB6207F11C031946BE
:1083A0000C48FBF795FB002200214120FCF723FA43
:1083B0004120FCF73CFA00BF3037BD4680BD00BF0E
:1083C0000064004004010020003802400000024028
:1083D000006800400004024080B582B000AF002376
:1083E0007B602F4B1B6B2E4A43F4800313632C4B93
:1083F0001B6B03F480037B607B6800233B60284B8E
:108400001B6B274A43F400131363254B1B6B03F4C8
:1084100000133B603B68002200210B20FCF7EBF9C6
:108420000B20FCF704FA002200210C20FCF7E3F9F2
:108430000C20FCF7FCF9002200210E20FCF7DBF9F0
:108440000E20FCF7F4F9002200211020FCF7D3F9EC
:108450001020FCF7ECF9002200211120FCF7CBF9E9
:108460001120FCF7E4F9002200212F20FCF7C3F9CA
:108470002F20FCF7DCF9002200213920FCF7BBF9A2
:108480003920FCF7D4F9002200213A20FCF7B3F997
:108490003A20FCF7CCF900BF0837BD4680BD00BFCD
:1084A0000038024080B500AF174B184A1A60164BCF
:1084B0004FF482725A60144B00229A60124B0022D1
:1084C000DA60114B00221A610F4B00225A610E4BE9
:1084D0004FF400729A610C4B1822DA610A4B0022A9
:1084E0001A62094B00225A62074B00229A62064B1D
:1084F0000A22DA620448FCF74BFA0346002B01D04B
:10850000FFF79CFD00BF80BD080100200030014046
:1085100080B58AB000AF786007F1140300221A60BA
:108520005A609A60DA601A617B681B68194A934244
:108530002BD100233B61184B5B6C174A43F48053EB
:108540005364154B5B6C03F480533B613B69002320
:10855000FB60114B1B6B104A43F0010313630E4B7E
:108560001B6B03F00103FB60FB68E0237B610223CC
:10857000BB610023FB6103233B6205237B6207F1A0
:10858000140319460548FBF7A3FA00BF2837BD4678
:1085900080BD00BF003001400038024000000240B2
:1085A00080B586B000AF07F1080300221A605A6058
:1085B0009A60DA603B4600221A605A601E4B1F4ADE
:1085C0001A601D4B53225A601B4B00229A601A4BB3
:1085D00040F69F72DA60184B00221A61164B002297
:1085E0005A61154B00229A611348FCF7A3FF03461A
:1085F000002B01D0FFF722FD4FF48053BB6007F141
:10860000080319460C48FDF729FB0346002B01D04F
:10861000FFF714FD00233B6000237B603B461946B7
:108620000548FDF721FF0346002B01D0FFF706FDAB
:1086300000BF1837BD4680BD60010020000001402A
:1086400080B586B000AF07F1080300221A605A60B7
:108650009A60DA603B4600221A605A601D4B4FF068
:1086600080421A601B4B53225A601A4B00229A60B8
:10867000184B40F2F312DA60164B00221A61154BC8
:1086800000229A611348FCF755FF0346002B01D0E6
:10869000FFF7D4FC4FF48053BB6007F10803194681
:1086A0000C48FDF7DBFA0346002B01D0FFF7C6FCB0
:1086B00000233B6000237B603B4619460548FDF7DD
:1086C000D3FE0346002B01D0FFF7B8FC00BF1837DC
:1086D000BD4680BDA801002080B58EB000AF07F177
:1086E000280300221A605A609A60DA6007F12003BA
:1086F00000221A605A603B1D00221A605A609A607C
:10870000DA601A615A619A612C4B2D4A1A602B4B20
:10871000A8225A60294B00229A60284B6422DA6012
:10872000264B00221A61254B80229A612348FCF7D0
:1087300001FF0346002B01D0FFF780FC4FF480536C
:10874000BB6207F1280319461C48FDF787FA034668
:10875000002B01D0FFF772FC1848FCF7ABFF034673
:10876000002B01D0FFF76AFC00233B6200237B62F1
:1087700007F1200319461148FDF776FE0346002B4A
:1087800001D0FFF75BFC60237B600023BB6000230C
:10879000FB6000237B613B1D082219460748FDF75B
:1087A0009BF90346002B01D0FFF748FC034800F07B
:1087B000EDF900BF3837BD4680BD00BFF001002095
:1087C0000004004080B586B000AF07F10803002226
:1087D0001A605A609A60DA603B4600221A605A605A
:1087E0001D4B1E4A1A601C4B53225A601A4B002222
:1087F0009A60194B40F2E732DA60174B00221A6197
:10880000154B00229A611448FCF794FE0346002B96
:1088100001D0FFF713FC4FF48053BB6007F108034E
:1088200019460D48FDF71AFA0346002B01D0FFF751
:1088300005FC00233B6000237B603B46194606484D
:10884000FDF712FE0346002B01D0FFF7F7FB00BF38
:108850001837BD4680BD00BF38020020000C004024
:1088600080B582B000AF3B4600221A605A60154BBB
:10887000154A1A60134B40F247325A60114B0022DE
:108880009A60104B42F20F72DA600E4B00229A612E
:108890000C48FCF74FFE0346002B01D0FFF7CEFB40
:1088A00000233B6000237B603B4619460548FDF7EB
:1088B000DBFD0346002B01D0FFF7C0FB00BF0837EC
:1088C000BD4680BD800200200010004080B582B00F
:1088D00000AF3B4600221A605A60154B154A1A60D9
:1088E000134B53225A60124B00229A60104B40F2F5
:1088F000E732DA600E4B00229A610D48FCF71AFE4F
:108900000346002B01D0FFF799FB00233B600023B7
:108910007B603B4619460648FDF7A6FD0346002B43
:1089200001D0FFF78BFB00BF0837BD4680BD00BFFD
:10893000C80200200014004080B586B000AF07F1E7
:10894000080300221A605A609A60DA603B460022EF
:108950001A605A601E4B1F4A1A601D4B53225A6000
:108960001B4B00229A601A4B40F2E142DA60184B2E
:1089700000221A61164B00225A61154B00229A619F
:108980001348FCF7D7FD0346002B01D0FFF756FB39
:108990004FF48053BB6007F1080319460C48FDF7FC
:1089A0005DF90346002B01D0FFF748FB00233B6035
:1089B00000237B603B4619460548FDF755FD0346FD
:1089C000002B01D0FFF73AFB00BF1837BD4680BD32
:1089D000100300200004014080B58AB000AF786029
:1089E0007B681B68624A934216D100237B62614B0D
:1089F0005B6C604A43F0010353645E4B5B6C03F0B5
:108A000001037B627B6A002200211920FBF7F3FE41
:108A10001920FBF70CFFA6E07B681B68B3F1804FC1
:108A200016D100233B62534B1B6C524A43F00103A7
:108A30001364504B1B6C03F001033B623B6A002242
:108A400000211C20FBF7D7FE1C20FBF7F0FE8AE07C
:108A50007B681B68484A93420ED10023FB61454B5B
:108A60001B6C444A43F002031364424B1B6C03F03B
:108A70000203FB61FB6976E07B681B683F4A934217
:108A800016D10023BB613B4B1B6C3A4A43F00803F1
:108A90001364384B1B6C03F00803BB61BB690022F5
:108AA00000213220FBF7A7FE3220FBF7C0FE5AE080
:108AB0007B681B68324A934216D100237B612D4BA1
:108AC0001B6C2C4A43F0100313642A4B1B6C03F0FD
:108AD00010037B617B69002200213620FBF78BFEAF
:108AE0003620FBF7A4FE3EE07B681B68254A9342D4
:108AF00016D100233B611F4B1B6C1E4A43F0200321
:108B000013641C4B1B6C03F020033B613B69002288
:108B100000213720FBF76FFE3720FBF788FE22E0AD
:108B20007B681B68184A93421DD10023FB60114BE0
:108B30005B6C104A43F0020353640E4B5B6C03F012
:108B40000203FB60FB68002200212B20FBF753FE91
:108B50002B20FBF76CFE002200212C20FBF74BFEA4
:108B60002C20FBF764FE00BF2837BD4680BD00BF48
:108B7000000001400038024000040040000C0040AA
:108B800000100040001400400004014080B588B08F
:108B900000AF786007F10C0300221A605A609A60F7
:108BA000DA601A617B681B68124A93421DD1002368
:108BB000BB60114B1B6B104A43F0020313630E4B57
:108BC0001B6B03F00203BB60BB680123FB60022345
:108BD0003B6100237B610023BB610223FB6107F142
:108BE0000C0319460548FAF773FF00BF2037BD464E
:108BF00080BD00BF00040040003802400004024075
:108C000080B500AF114B124A1A60104B4FF4E1329D
:108C10005A600E4B00229A600C4B0022DA600B4B1C
:108C200000221A61094B0C225A61084B00229A61FA
:108C3000064B0022DA610548FDF7A6FC0346002B2F
:108C400001D0FFF7FBF900BF80BD00BF5803002033
:108C50000050004080B500AF114B124A1A60104B13
:108C60004FF461225A600E4B00229A600C4B002296
:108C7000DA600B4B00221A61094B0C225A61084B37
:108C800000229A61064B0022DA610548FDF77CFC60
:108C90000346002B01D0FFF7D1F900BF80BD00BF14
:108CA000A00300200010014080B500AF114B124A14
:108CB0001A60104B4FF4E1225A600E4B00229A606A
:108CC0000C4B0022DA600B4B00221A61094B0C227C
:108CD0005A61084B00229A61064B0022DA6105486E
:108CE000FDF752FC0346002B01D0FFF7A7F900BFA8
:108CF00080BD00BFE80300200044004080B500AF05
:108D0000114B124A1A60104B4FF461225A600E4BFD
:108D100000229A600C4B0022DA600B4B00221A6191
:108D2000094B0C225A61084B00229A61064B002223
:108D3000DA610548FDF728FC0346002B01D0FFF758
:108D40007DF900BF80BD00BF300400200048004016
:108D500080B500AF114B124A1A60104B114A5A608D
:108D60000E4B4FF480529A600C4B0022DA600B4B92
:108D70004FF480621A61094B0C225A61074B0022A2
:108D80009A61064B0022DA610448FDF7FDFB0346B9
:108D9000002B01D0FFF752F900BF80BD78040020FE
:108DA00000140140A086010080B592B000AF786049
:108DB00007F1340300221A605A609A60DA601A617F
:108DC0007B681B688E4A934240F0B08000233B636F
:108DD0008C4B1B6C8B4A43F480131364894B1B6CC4
:108DE00003F480133B633B6B0023FB62854B1B6BDF
:108DF000844A43F004031363824B1B6B03F00403A8
:108E0000FB62FB6A0023BB627E4B1B6B7D4A43F017
:108E1000080313637B4B1B6B03F00803BB62BB6A45
:108E20004FF480537B630223BB630023FB63032364
:108E30003B6408237B6407F1340319467248FAF750
:108E400047FE04237B630223BB630023FB630323EE
:108E50003B6408237B6407F1340319466B48FAF737
:108E600037FE6B4B6B4A1A60694B4FF000625A60D9
:108E7000674B00229A60664B0022DA60644B4FF425
:108E800080621A61624B00225A61614B00229A6132
:108E90005F4B0022DA615E4B00221A625C4B0022BB
:108EA0005A625B48FAF7CAFF0346002B01D0FFF76E
:108EB000C5F87B68564ADA63554A7B689363564B1C
:108EC000564A1A60544B4FF000625A60524B40228F
:108ED0009A60514B0022DA604F4B4FF480621A6166
:108EE0004D4B00225A614C4B00229A614A4B0022A2
:108EF000DA61494B00221A62474B00225A62464807
:108F0000FAF79CFF0346002B01D0FFF797F87B6828
:108F1000414A9A63404A7B689363002200213520CE
:108F2000FBF769FC3520FBF782FC34E27B681B68A9
:108F30003B4A93427CD100237B62324B5B6C314ACB
:108F400043F0100353642F4B5B6C03F010037B6200
:108F50007B6A00233B622B4B1B6B2A4A43F00103C5
:108F60001363284B1B6B03F001033B623B6A4FF416
:108F7000C0637B630223BB630123FB6303233B6466
:108F800007237B6407F1340319462648FAF7A0FD4E
:108F9000254B264A1A60244B4FF000625A60224B40
:108FA00000229A60204B0022DA601F4B4FF480624F
:108FB0001A611D4B00225A611B4B00229A611A4B09
:108FC0000022DA61184B4FF440321A62164B00222D
:108FD0005A621548FAF732FF0346002B01D0FFF71B
:108FE0002DF87B68104ADA630F4A7B68936300228E
:108FF00000212520FBF7FFFB2520FBF718FCCAE129
:10900000005000400038024000080240000C0240BE
:10901000C00400201060024020050020B86002401B
:109020000010014000000240800500204064024022
:109030007B681B68974A934240F093800023FB6152
:10904000954B1B6C944A43F400331364924B1B6C96
:1090500003F40033FB61FB690023BB618E4B1B6B88
:109060008D4A43F0010313638B4B1B6B03F0010329
:10907000BB61BB690C237B630223BB630123FB63DE
:1090800003233B6407237B6407F1340319468348B9
:10909000FAF71EFD824B834A1A60814B4FF0006243
:1090A0005A607F4B00229A607D4B0022DA607C4B35
:1090B0004FF480621A617A4B00225A61784B002289
:1090C0009A61774B0022DA61754B4FF440321A6295
:1090D000734B00225A627248FAF7B0FE0346002B27
:1090E00001D0FEF7ABFF7B686D4ADA636C4A7B68A0
:1090F00093636D4B6D4A1A606B4B4FF000625A6080
:10910000694B40229A60684B0022DA60664B4FF44C
:1091100080621A61644B00225A61634B00229A619B
:10912000614B0022DA61604B4FF440321A625E4BB1
:1091300000225A625C48FAF781FE0346002B01D0F8
:10914000FEF77CFF7B68584A9A63574A7B689363B3
:10915000002200212620FBF74EFB2620FBF767FBB1
:1091600019E17B681B68524A934240F0AD800023AE
:109170007B61494B1B6C484A43F480231364464B84
:109180001B6C03F480237B617B6900233B61424BB2
:109190001B6B414A43F0020313633F4B1B6B03F00D
:1091A00002033B613B694FF440637B630223BB6373
:1091B0000123FB6303233B6407237B6407F1340330
:1091C00019463C48FAF784FC3B4B3C4A1A603A4B40
:1091D0004FF000625A60384B00229A60364B0022F2
:1091E000DA60354B4FF480621A61334B00225A61CA
:1091F000314B00229A61304B0022DA612E4B002263
:109200001A622D4B00225A622B48FAF717FE0346CA
:10921000002B01D0FEF712FF7B68274ADA63264A4B
:109220007B689363264B274A1A60254B4FF00062F8
:109230005A60234B40229A60214B0022DA60204B77
:109240004FF480621A611E4B00225A611C4B0022AF
:109250009A611B4B0022DA61194B00221A62184BEB
:1092600000225A621648FAF7E9FD0346002B01D0A6
:10927000FEF7E4FE7B68124A9A63114A7B689363A7
:10928000002200212720FBF7B6FA2720FBF7CFFAB0
:1092900081E000BF0044004000380240000002406E
:1092A000E00500208860024040060020A0600240E7
:1092B0000048004000040240A00600202860024050
:1092C00000070020586002407B681B68344A9342C4
:1092D00061D10023FB60334B5B6C324A43F02003C7
:1092E0005364304B5B6C03F02003FB60FB6800238E
:1092F000BB602C4B1B6B2B4A43F004031363294BBD
:109300001B6B03F00403BB60BB68C0237B630223B9
:10931000BB630123FB6303233B6408237B6407F1E6
:10932000340319462048FAF7D3FB204B204A1A6031
:109330001E4B4FF020625A601C4B00229A601B4B60
:109340000022DA60194B4FF480621A61174B002239
:109350005A61164B00229A61144B0022DA61134BBA
:1093600000221A62114B00225A621048FAF766FD79
:109370000346002B01D0FEF761FE7B680B4ADA63DF
:109380000A4A7B689363002200214720FBF733FAE7
:109390004720FBF74CFA00BF4837BD4680BD00BFF1
:1093A000001401400038024000080240600700201D
:1093B0002864024080B483B000AF78607B68074ABD
:1093C0001A607B68064A5A607B68064A9A607B6826
:1093D00018460C37BD465DF8047B70470000FA4321
:1093E0006F12833ADA0F494080B400AFFEE780B4D1
:1093F00000AFFEE780B400AFFEE780B400AFFEE749
:1094000080B400AFFEE780B400AF00BFBD465DF89A
:10941000047B704780B400AF00BFBD465DF8047B9D
:10942000704780B400AF00BFBD465DF8047B704755
:1094300080B500AFFBF768FA00BF80BD80B500AF14
:109440000248FAF793FE00BF80BD00BFC0040020B1
:1094500080B500AF0248FAF789FE00BF80BD00BFAB
:10946000A006002080B500AF0248FAF77FFE00BFDB
:1094700080BD00BF0007002080B500AF0248FAF7AA
:1094800075FE00BF80BD00BFE005002080B500AFC5
:109490000248FAF76BFE00BF80BD00BF4006002007
:1094A00080B500AF0248F9F796FC00BF80BD00BF51
:1094B000B400002080B500AF0248FCF71DFA00BFE1
:1094C00080BD00BF6001002080B500AF0248FCF7FE
:1094D00013FA00BF80BD00BFA801002080B500AF17
:1094E00008F048FE0248FDF75FFB00BF80BD00BFEB
:1094F000A003002080B500AF08F0DAFE0248FDF7B7
:1095000053FB00BF80BD00BFE803002080B500AF63
:10951000034802F09BFF0348FDF746FB00BF80BDF8
:10952000A00600203004002080B500AF0248FCF700
:10953000E3F900BF80BD00BF1003002080B500AF7D
:109540000248FCF7D9F900BF80BD00BF100300201E
:1095500080B500AF0248FAF709FE00BF80BD00BF2A
:109560002005002080B500AF0248FCF7C5F900BF18
:1095700080BD00BF3802002080B500AF0248FDF773
:1095800013FB00BF80BD00BF5803002080B500AFB3
:109590000248FCF7B1F900BF80BD00BF8002002087
:1095A00080B500AF0248FCF7A7F900BF80BD00BF3F
:1095B000C802002080B500AF0248FAF7D7FD00BF0F
:1095C00080BD00BF6007002080B500AF0248FAF7F9
:1095D000CDFD00BF80BD00BF8005002080B500AF7D
:1095E0000248F9F7F8FB00BF80BD00BFDC00002097
:1095F00080B500AF034800F055FD0348FDF7D4FAED
:1096000000BF80BDF01B00207804002080B582B030
:1096100000AF786039607B68012B07D13B684FF65B
:10962000FF72934202D10348FFF7C4FE00BF083720
:10963000BD4680BDC007002080B500AF4FF6FF716A
:109640000120FFF7E3FF80BD80B483B000AF0023AB
:109650007B60104B5B6C0F4A43F4804353640D4BAB
:109660005B6C03F480437B607B6800233B60094BA9
:109670001B6C084A43F080531364064B1B6C03F0C9
:1096800080533B603B6800BF0C37BD465DF8047BF0
:10969000704700BF0038024080B586B000AF7860E8
:1096A000144A154BD31A7B617B693B61134B1B68D2
:1096B000002B02D1114B124A1A60104B1A687B68BA
:1096C00013443A699A4207D2F7F79EFE03460C22EA
:1096D0001A604FF0FF3309E0084B1B68FB60074B33
:1096E0001A687B681344054A1360FB6818461837EC
:1096F000BD4680BD0000022000800000D007002091
:10970000581E002080B400AF01231846BD465DF806
:10971000047B704780B582B000AF78603960F7F79E
:1097200073FE034616221A604FF0FF3318460837BF
:10973000BD4680BD80B582B000AF78604FF0FF318C
:109740007868FFF7E7FFFEE7DFF834D0F8F7C6FEEA
:109750000C480D490D4A002302E0D458C45004338C
:10976000C4188C42F9D30A4A0A4C002301E0136062
:109770000432A242FBD3F7F74DFE09F00FF8704711
:109780000000022000000020840000203434010882
:1097900084000020581E0020FEE780B483B000AF94
:1097A00087ED010A97ED017AD7ED017AB4EE677A79
:1097B000F1EE10FA6CBF01230023DBB2002B14BFC3
:1097C00001230023DBB218460C37BD465DF8047B4D
:1097D000704780B487B000AFF860B9607A603B60D2
:1097E00000237B617A693B689A420ED27A687B6972
:1097F0001344BA681A44F9687B690B441278D2B2F0
:109800001A707B6901337B61ECE700BF1C37BD46F2
:109810005DF8047B704780B584B000AFF860B96034
:109820007A6078680423BA68F968FFF7D2FF00BF4E
:109830001037BD4680BD000080B584B000AFF86031
:10984000B9607A607A68B968F868FFF7E4FF7B6806
:10985000D3ED007A9FED137AF4EEC77AF1EE10FAA9
:1098600013DC7B68D3ED007A9FED0F7AF4EEC77AB4
:10987000F1EE10FA09D47B68D3ED007AB0EE670AF6
:10988000FFF78BFF0346002B01D0012300E00023EC
:10989000002B03D07B684FF000021A6000BF103726
:1098A000BD4680BD0000B4430000B4C380B584B0A1
:1098B00000AFF860B9607A6087ED000A7A68B9682D
:1098C000F868FFF7A8FF7B68D3ED007A9FED137A65
:1098D000F4EEC77AF1EE10FA13DC7B68D3ED007A70
:1098E0009FED0F7AF4EEC77AF1EE10FA09D47B6897
:1098F000D3ED007AB0EE670AFFF74FFF0346002B67
:1099000001D0012300E00023002B02D07B683A68DD
:109910001A6000BF1037BD4680BD00BF0000B443D1
:109920000000B4C380B483B000AF78607B68074A9E
:109930001A607B68064A5A607B68064A9A607B68B0
:1099400018460C37BD465DF8047B70470000FA43AB
:109950006F12833ADA0F494080B485B000AF786067
:1099600039604FF6FF73FB813B685A1E3A60002B4B
:1099700014BF01230023DBB2002B13D07B685A1CD9
:109980007A601B787B73FB89DAB27B7B53403B7335
:10999000FB891B0A9AB23B7B064931F813305340CE
:1099A000FB81E1E7FB8918461437BD465DF8047B6F
:1099B000704700BF4831010880B500AF074B1B68F6
:1099C000DA68064B1B6842F01002DA608022044914
:1099D0000248FCF731FF00BF80BD00BFE803002054
:1099E0005408002080B582B000AF504B5A221A7044
:1099F0004E4B53225A704E4B1A784C4B9A704D4B2B
:109A00009B7DDAB2494BDA704A4BDB7DDAB2474BC9
:109A10001A71484B1B78DAB2444B5A71454B5B784C
:109A2000DAB2424B9A71434B9B78DAB23F4BDA7110
:109A3000404BDB78DAB23D4B1A723E4B1B79DAB2FF
:109A40003A4B5A723B4B5B79DAB2384B9A72394BCC
:109A50009B79DAB2354BDA72364BDB79DAB2334BBB
:109A60001A73344B1B7ADAB2304B5A73314B5B7A30
:109A7000DAB22E4B9A732F4B9B7ADAB22B4BDA73F6
:109A80002C4BDB7ADAB2294B1A742A4B1B7BDAB2E5
:109A9000264B5A74274B5B7BDAB2244B9A74254BC6
:109AA0009B7BDAB2214BDA74224BDB7BDAB21F4BA1
:109AB0001A75204B1B7CDAB21C4B5A751D4B5B7C14
:109AC000DAB21A4B9A751B4B9B7CDAB2174BDA75DC
:109AD000184BDB7CDAB2154B1A7619237B607B6856
:109AE000192B08DC114A7B68134400221A707B682A
:109AF00001337B60F3E71B210C48FFF72DFF034682
:109B00001A460C4B9A820B4B1B7DDAB2074BDA7666
:109B1000084B5B7DDAB2054B1A771D2203490648D4
:109B2000FCF70EFE00BF0837BD4680BDD4070020FD
:109B3000D41D0020F4080020E803002080B582B086
:109B400000AF78607B681B78662B30D17B681C3354
:109B50001B78112B2BD17B685A78174B1A70174B37
:109B6000D3ED7A7AB0EE670A154A02217868FFF7DA
:109B70009DFE144A06217868FFF75EFE124A0A210C
:109B80007868FFF759FE0D4BD3ED797AB0EE670A8E
:109B90000E4A0E217868FFF789FE0D4A1221786877
:109BA000FFF74AFE0B4A16217868FFF745FE00BF13
:109BB0000837BD4680BD00BF0C090020D818002022
:109BC0001009002014090020180900201C09002099
:109BD000200900202409002080B582B000AF786001
:109BE00039607B68012B07D13B684FF6FF729342C7
:109BF00002D10348FFF796FE00BF0837BD4680BD7F
:109C00002C09002080B500AF4FF6FF710120FFF74F
:109C1000E3FF80BD80B483B000AF87ED010AD7EDCC
:109C2000017AF0EEE77AB0EE670A0C37BD465DF8D0
:109C3000047B704780B582B000AF87ED010A97EDD5
:109C4000010AF6F7E9FAF0EE407AB0EE670A083753
:109C5000BD4680BD80B582B000AF87ED010AC7ED7B
:109C6000000AD7ED000A97ED010AF6F709FBF0EEBE
:109C7000407AB0EE670A0837BD4680BD80B483B035
:109C800000AF78607B680022A3F8122100BF0C3778
:109C9000BD465DF8047B704780B483B000AF786048
:109CA0007B680022A3F8142100BF0C37BD465DF885
:109CB000047B704780B483B000AF78607B68074A4C
:109CC0001A607B68064A5A607B68064A9A607B681D
:109CD00018460C37BD465DF8047B70470000FA4318
:109CE0006F12833ADA0F494080B584B000AFF86054
:109CF000B9601346FB80FB8800221946B868FAF762
:109D000083F800BF1037BD4680BD80B584B000AF7A
:109D1000F860B9601346FB80FB8801221946B868D9
:109D2000FAF772F800BF1037BD4680BD80B58CB021
:109D300000AF78600B467B8013463B8007F1080339
:109D4000282200211846F7F733FC7B68002283F8AD
:109D500050207B6808225A617B88FB6100233B62AC
:109D600001237B620023BB600023FB6000233B6177
:109D700000237B617B6893F84830002B02D10023DD
:109D8000BB6101E00123BB610123BB623B88FB6235
:109D90007B681B6807F1080211461846F8F7ACFC0F
:109DA0000346002B14BF01230023DBB2002B01D09C
:109DB000FEF744F97B681B681846F8F77BFD0346FD
:109DC000002B14BF01230023DBB2002B01D0FEF7D0
:109DD00035F97B6893F84830002B10D17B681B68FD
:109DE00002211846F8F7D1FF0346002B14BF0123C8
:109DF0000023DBB2002B12D0FEF720F90FE07B68C6
:109E00001B6810211846F8F7C0FF0346002B14BF4B
:109E100001230023DBB2002B01D0FEF70FF900BFB6
:109E20003037BD4680BD80B584B000AFF8600B46CA
:109E30007A607B817A89FB685A60FB681B681846E8
:109E4000F8F74CFE0346DAB2FB6883F85020FB6853
:109E50001868FB68191DFB684C337A68F8F76EFDCB
:109E6000034618461037BD4680BD80B586B000AFAA
:109E7000F860084611461A4603467B810B463B8133
:109E80001346FB80B7F908301B121BB2DBB23B74E0
:109E90003B89DBB27B74B7F906301B121BB2DBB215
:109EA000BB74FB88DBB2FB74B7F920301B121BB20A
:109EB000DBB23B753B8CDBB27B75B7F924301B12F0
:109EC0001BB2DBB2BB75BB8CDBB2FB7507F11002BA
:109ED0007B891946F868FFF7A6FF0346184618372E
:109EE000BD4680BD80B582B000AF786039607B68C8
:109EF00093F84830002B0BD17B6818687B6803F11E
:109F00001C027B6838330021F8F71DFE03460BE086
:109F10007B6818687B6803F11C027B683833012179
:109F2000F8F711FE034600BF18460837BD4680BD4E
:109F300080B582B000AF78607B68B3F8123101332E
:109F40009AB27B68A3F812217B68B3F81231052B13
:109F50000DD9786800F094F97868FFF78FFE7B6878
:109F60001B681846FCF70CFD786800F025F800BF68
:109F70000837BD4680BD80B582B000AF78607B6891
:109F8000B3F8143101339AB27B68A3F814217B68CB
:109F9000B3F81431052B0AD97868FFF77DFE7B688A
:109FA0005B681846FCF7ECFC786800F041F800BFED
:109FB0000837BD4680BD000080B582B000AF786034
:109FC000786800F05DF97B681B685B68144A93420F
:109FD0000FD014491448F7F773FD03469AB24FF6B1
:109FE000FF7311491148FCF71FFB0A20FAF7ACFC7C
:109FF000E9E77B681B681B68DA687B681B681B687D
:10A0000042F01002DA607B6818687B680833192216
:10A010001946FCF711FC00BF0837BD4680BD00BFE4
:10A02000A0860100C02801084C090020300400204F
:10A0300080B582B000AF7860786800F08DF97B68F9
:10A040005B685B68B3F5612F0FD013491348F7F7CE
:10A0500037FD03469AB24FF6FF7310491048FCF7DC
:10A06000E3FA0A20FAF770FCE9E77B685B681B6893
:10A07000DA687B685B681B6842F01002DA607B6814
:10A0800058687B6803F58B7315221946FCF7D4FBDF
:10A0900000BF0837BD4680BDC02801084C0900201C
:10A0A0003004002080B584B000AF78607B681B6806
:10A0B0001B681B6803F01003102B0CBF0123002347
:10A0C000DBB2002B14BF01230023DBB2002B37D0FF
:10A0D0000023BB607B681B681B681B68BB607B68D8
:10A0E0001B681B685B68BB60BB687B681B681B6880
:10A0F0001B68FB607B681B681B685B68FB607B6898
:10A100001B681846FCF7BDFB786800F070F8034642
:10A11000002B0CBF01230023DBB2002B08D0786892
:10A1200000F0AFF97868FFF7A9FD786800F064FCEB
:10A130007B6818687B68083319221946FCF77CFB9A
:10A1400000BF1037BD4680BD80B584B000AF7860D9
:10A150007B685B681B681B6803F01003102B0CBF47
:10A1600001230023DBB2002B14BF01230023DBB249
:10A17000002B38D00023BB607B685B681B681B68C2
:10A18000BB607B685B681B685B68BB60BB687B68A7
:10A190005B681B681B68FB607B685B681B685B68AF
:10A1A000FB607B685B681846FCF76BFB786800F027
:10A1B00043F80346002B0CBF01230023DBB2002B26
:10A1C00008D0786800F023FA7868FFF765FD7868B2
:10A1D00000F012FC7B6858687B6803F58B731522CE
:10A1E0001946FCF729FB00BF1037BD4680BD80B57E
:10A1F00082B000AF78607B68B3F93430002B11D1A6
:10A200007B689B7E002B0DD17B68DB7E002B09D108
:10A210007B6893F88930012B04D87B6893F88830E9
:10A22000012B04D9786800F02BF8012300E000230B
:10A2300018460837BD4680BD80B582B000AF786053
:10A240007B6893F81631A92B06D17B6893F81731F8
:10A25000532B01D100230FE07B6893F81631A52B17
:10A2600004D17B6893F817310C2B04D0786800F088
:10A2700073F8012300E0012318460837BD4680BD6E
:10A2800080B584B000AF78607B680022A3F88E2090
:10A290007B680022A3F890207B680022A3F892201C
:10A2A0007B680022A3F894207B68012283F8982021
:10A2B0007B68012283F899207B68002283F8F420D0
:10A2C0007B68002283F8F5207B680022A3F89C209D
:10A2D0007B680022A3F89E207B680022A3F8A020C0
:10A2E0007B680022A3F896207B680022A3F8F82060
:10A2F0000123FB60FB68192B1FDCFB68013B7A68BC
:10A30000134400221A72FB68062B12D1FB68013B32
:10A310007A6813441B7A5BB203F00F035BB243F01D
:10A3200050035AB2FB68013BD1B27A6813440A4623
:10A330001A72FB680133FB60DCE77B6893F801313C
:10A3400003F03003DBB2002B02D1786800F054FB3D
:10A3500000BF1037BD4680BD80B485B000AF7860C7
:10A360007A68B2F8FC306FF30A03A2F8FC307A681E
:10A37000D2F8FC306FF3D523C2F8FC307B68B3F819
:10A38000FE2002F03F02A3F8FE2093F8002122F005
:10A39000010283F800217A68B2F800316FF34B03B1
:10A3A000A2F800317A6892F801316FF3051382F850
:10A3B00001317A6892F801316FF3861382F8013126
:10A3C0007A6892F801316FF3C71382F801317A6825
:10A3D00092F802316FF3000382F802317A68B2F822
:10A3E00002316FF34B03A2F802317A6892F803311D
:10A3F0006FF3041382F803317B680022A3F8042171
:10A400007B680022A3F806217B680022A3F80821BC
:10A410007A6892F80A316FF3010382F80A317A6898
:10A4200092F80A316FF3830382F80A317A6892F85E
:10A430000A316FF3051382F80A317B68002283F832
:10A440000B21002283F80C217B68002283F80D2168
:10A45000002283F80E210123FB60FB68192B0ADC24
:10A46000FB68013B7A681344002283F81621FB68DD
:10A470000133FB60F1E700BF1437BD465DF8047B94
:10A48000704780B483B000AF78607B681B7A1AB2E3
:10A490007B685B7A1B021BB213431BB29BB2C3F3F4
:10A4A0000A039BB2A3F580639BB21AB27B68A3F840
:10A4B0008E207B685B7ADB08DBB21AB27B689B7A02
:10A4C0005B011BB213431BB29BB2C3F30A039BB2E3
:10A4D000A3F580639BB21AB27B68A3F890207B68D7
:10A4E0009B7A9B09DBB21AB27B68DB7A9B001BB2BA
:10A4F00013431AB27B681B7B9B021BB213431BB234
:10A500009BB2C3F30A039BB2A3F580639BB21AB25A
:10A510007B68A3F892207B681B7B5B08DBB21AB2D6
:10A520007B685B7BDB011BB213431BB29BB2C3F3A3
:10A530000A039BB2A3F580639BB21AB27B68A3F8AF
:10A5400094207B685B7B9B09DAB27B6883F8982058
:10A550007B685B7B1B09DBB203F00303DAB27B6829
:10A5600083F899207B689B7B1AB27B68DB7B1B029C
:10A570001BB213431AB27B68A3F89C207B681B7C38
:10A580001AB27B685B7C1B021BB213431AB27B6856
:10A59000A3F89E207B689B7C1AB27B68DB7C1B0245
:10A5A0001BB213431AB27B68A3F8A0207B681A7D04
:10A5B0007B6883F8F4207B685A7D7B6883F8F520FC
:10A5C0007B689B7D1AB27B68DB7D1B021BB2134349
:10A5D0001BB29AB27B68A3F8F8207B681B7E1AB284
:10A5E0007B685B7E1B021BB213431BB29BB2C3F39F
:10A5F0000A039BB2A3F580639BB21AB27B68A3F8EF
:10A60000962000BF0C37BD465DF8047B704790B4C0
:10A6100082B000AF78607B6893F818311AB27B681B
:10A6200093F819311B021BB213431BB25B011BB21F
:10A630005B1119B27A68B2F8FC3061F30A03A2F830
:10A64000FC307B6893F81931DB08DBB21AB27B6807
:10A6500093F81A315B011BB213431BB25B011BB2AF
:10A660005B1119B27A68D2F8FC3061F3D523C2F8D5
:10A67000FC307B6893F81A319B09DBB21AB27B6815
:10A6800093F81B319B001BB213431AB27B6893F8FB
:10A690001C319B021BB213431BB25B011BB25B114B
:10A6A00019B27B688AB2C2F309029401B3F8FE20A2
:10A6B00002F03F02104622460243A3F8FE208AB26F
:10A6C000920A92B202F0010202F0010093F8002116
:10A6D00022F00102114602460A4383F800217B68FA
:10A6E00093F81C315B08DBB21AB27B6893F81D311A
:10A6F000DB011BB213431BB25B011BB25B1119B22E
:10A700007A68B2F8003161F34B03A2F800317B683C
:10A7100093F81D311B09DBB203F00303D9B27A6849
:10A7200092F8013161F3051382F801317B6893F8E7
:10A730001D319B09DBB203F00103D9B27A6892F8AC
:10A74000013161F3861382F801317B6893F81D3182
:10A75000DB09DBB203F00103D9B27A6892F8013168
:10A7600061F3C71382F801317B6893F81E3103F05F
:10A770000103D9B27A6892F8023161F3000382F8DA
:10A7800002317B6893F81E315B08DBB21AB27B683A
:10A7900093F81F31DB011BB213431BB2C3F30A034F
:10A7A00099B27A68B2F8023161F34B03A2F8023130
:10A7B0007B6893F81F311B09DBB203F00103D9B2A8
:10A7C0007A6892F8033161F3041382F803317B68ED
:10A7D00093F820311AB27B6893F821311B021BB227
:10A7E00013431AB27B68A3F804217B6893F82231E3
:10A7F0001AB27B6893F823311B021BB213431AB2BF
:10A800007B68A3F806217B6893F824311AB27B6831
:10A8100093F825311B021BB213431AB27B68A3F8CD
:10A8200008217B6893F8263103F00303D9B27A68D4
:10A8300092F80A3161F3010382F80A317B6893F8D8
:10A8400026319B08DBB203F00303D9B27A6892F891
:10A850000A3161F3830382F80A317B6893F8263169
:10A860001B09DBB203F00303D9B27A6892F80A310C
:10A8700061F3051382F80A317B6893F827311AB225
:10A880007B6893F828311B021BB213431BB29AB2A8
:10A890007B68A3F80B217B6893F829311AB27B6897
:10A8A00093F82A311B021BB213431BB29AB27B6886
:10A8B000A3F80D217B68B3F8FC3043F30A031BB205
:10A8C0009BB2A3F580639BB25B011BB25B1119B213
:10A8D0007A68B2F8FC3061F30A03A2F8FC307B68B6
:10A8E000D3F8FC3043F3CA231BB29BB2A3F58063B9
:10A8F0009BB25B011BB25B1119B27A68D2F8FC30D3
:10A9000061F3D523C2F8FC307B68B3F8FE209209CE
:10A9100092B293F8003103F001039B0213435B05ED
:10A920005B151BB29BB2A3F580639BB25B011BB2AC
:10A930005B1119B27B688AB2C2F309029401B3F8C1
:10A94000FE2002F03F02104622460243A3F8FE20FA
:10A950008AB2920A92B202F0010202F0010093F868
:10A96000002122F00102114602460A4383F8002129
:10A970007B68B3F8003143F34A031BB29BB2A3F5E3
:10A9800080639BB25B011BB25B1119B27A68B2F8AB
:10A99000003161F34B03A2F800317B68B3F8023158
:10A9A000C3F34A039BB2A3F580639BB2C3F30A03CC
:10A9B00099B27A68B2F8023161F34B03A2F802311E
:10A9C00000BF0837BD4690BC704780B483B000AF6D
:10A9D00078600B467B807B68B3F88C207B881340C3
:10A9E0009BB2002B01D0012300E0002318460C3756
:10A9F000BD465DF8047B704780B483B000AF7860DB
:10AA00007B6893F8013103F03003DBB2002B5ED09A
:10AA10007B68B3F8FC3043F30A031BB21A467B6829
:10AA20005A847B68D3F8FC3043F3CA231BB21A461E
:10AA30007B689A847B68B3F8FE20920992B293F8FF
:10AA4000003103F001039B0213435B055B151BB24E
:10AA50001A467B68DA847B68B3F8003143F34A0313
:10AA60001BB21A467B681A857B68B3F80B319AB221
:10AA70007B68A3F88C207B68022283F82C207B68FB
:10AA8000022283F82D207B68B3F904217B681A86A3
:10AA90007B68B3F906217B685A867B68B3F9082185
:10AAA0007B689A867B6893F80A31C3F30103DBB2B3
:10AAB0001A467B6883F888207B6893F80A31C3F3D1
:10AAC0008103DBB21A467B6883F8892045E07B6806
:10AAD000B3F98E207B685A847B68B3F990207B6839
:10AAE0009A847B68B3F992207B68DA847B68B3F937
:10AAF00094207B681A857B6893F898207B6883F89C
:10AB00002C207B6893F899207B6883F82D207B6844
:10AB1000B3F99C207B681A867B68B3F99E207B681A
:10AB20005A867B68B3F9A0207B689A867B6893F885
:10AB3000F4207B6883F888207B6893F8F5207B6895
:10AB400083F889207B68B3F8F8207B68A3F88C2011
:10AB50007B68B3F996207B685A8500BF0C37BD46E9
:10AB60005DF8047B704780B586B000AFF860B960CF
:10AB700011461A460B46FB8013467B717B7903F026
:10AB80007F03DBB23B75FB881A46B968F868FFF7AC
:10AB9000ABF8FB68186807F1140140F2E7330122B3
:10ABA000F9F77FFFFB68186840F2E733012207F1ED
:10ABB0002001F9F776FFFB881A46B968F868FFF7B5
:10ABC000A4F800BF1837BD4680BD80B586B000AF81
:10ABD000F860B96011461A460B46FB8013467B713C
:10ABE0007B7963F07F03DBB23B75FB881A46B9685B
:10ABF000F868FFF779F8FB68186807F1140140F26C
:10AC0000E7330122F9F74DFFFB68186897F8203009
:10AC10009AB240F2E733796AFAF787F8FB881A4666
:10AC2000B968F868FFF771F800BF1837BD4680BDF6
:10AC300080B584B002AF78600B46FB701346BB70E2
:10AC40007B6899687B681A8AF878BB78009303461A
:10AC50007868FFF788FF00BF0837BD4680BD80B524
:10AC600084B002AF78600B46FB701346BB707B6804
:10AC7000D9687B685A8AF878BB780093034678686D
:10AC8000FFF771FF00BF0837BD4680BD90B599B092
:10AC900002AFF8607B600B46FB721346BB72FB6829
:10ACA0009968FB68188ABB7A0133DBB2FC7A07F13A
:10ACB00014020192009323460246F868FFF785FFCD
:10ACC000002387F8573097F85720BB7A9A4211D261
:10ACD00097F857305A1C97F8573079680B44583218
:10ACE0003A4412F8442C1A7097F85730013387F819
:10ACF0005730E8E700BF5C37BD4690BD80B586B0F1
:10AD000002AFF8607B600B46FB721346BB72FB68B8
:10AD1000D968FB685A8AF87A7B680193BB7A0093FA
:10AD20000346F868FFF751FF00BF1037BD4680BDEE
:10AD300080B582B000AF78607B681C33C0220021F0
:10AD40001846F6F735FC00BF0837BD4680BD000049
:10AD500080B487B000AF87ED010AD7ED017AB6EE77
:10AD6000007A67EE877AC7ED057A7B683B6107F169
:10AD700010031B68FB60FB685A10124B9B1AFB60A8
:10AD800007F10C031B683B6197ED047AD7ED057A58
:10AD900027EE277AD7ED047A67EE277AB7EE087A9E
:10ADA00037EE677AD7ED047A67EE277AC7ED047A33
:10ADB0003B6907EE903AB0EE670A1C37BD465DF876
:10ADC000047B7047DF59375F80B58CB000AF786087
:10ADD000012387F82F30002387F82E30B6227E21FA
:10ADE0007868FFF725FF0120F9F7AEFD07F10C03A6
:10ADF000012200217868FFF749FF0520F9F7A4FD3B
:10AE000007F10C03012200217868FFF73FFF3B7B2D
:10AE10001E2B01D00223DFE000227C217868FFF79F
:10AE200007FF0520F9F790FD04227D217868FFF7E0
:10AE3000FFFE0A20F9F788FD0A2240217868FFF713
:10AE4000F7FE7B6893F82D321A4641217868FFF7A8
:10AE5000EFFE0220F9F778FDB62214217868FFF79B
:10AE6000FEFE1E20F9F770FD07F10C030122002100
:10AE70007868FFF743FF3B7B0F2B01D00323ABE048
:10AE8000022210217868FFF7EAFE7B6893F82C32E3
:10AE90001A460F217868FFF7E2FE01223C2178680C
:10AEA000FFF7DDFE97F82F30002B20D007F10C03C1
:10AEB00001223C217868FFF721FF3B7B03F002036E
:10AEC000002B02D0002387F82F3097F82E30013363
:10AED00087F82E3097F82E30272B04D97868FFF7A3
:10AEE00027FF052378E00A20F9F72EFDDAE7012095
:10AEF000F9F72AFD07F10C0301223C217868FFF7DE
:10AF0000FDFE3B7B03F00403002B01D0052363E02F
:10AF10007B6893F82D32002B04D17B68304AC3F84C
:10AF200034221CE07B6893F82D32012B04D17B681E
:10AF30002C4AC3F8342212E07B6893F82D32022B9E
:10AF400004D17B68284AC3F8342208E07B6893F870
:10AF50002D32032B03D17B68244AC3F834227B684B
:10AF600093F82C32002B04D17B68214AC3F830229D
:10AF700026E07B6893F82C32012B04D17B681D4AB4
:10AF8000C3F830221CE07B6893F82C32022B04D1EA
:10AF90007B68194AC3F8302212E07B6893F82C32A0
:10AFA000032B04D17B68154AC3F8302208E07B6884
:10AFB00093F82C32042B03D17B68114AC3F830225A
:10AFC0007868FFF7B5FE7B685B681846FAF702FB06
:10AFD000786801F05DF9002318463037BD4680BD22
:10AFE000E7416B3A3333EB3A33336B3B3333EB3B71
:10AFF0006F1283416F1203426F1283426F12034339
:10B000006F12834380B58CB000AF78600023FB855E
:10B0100007F10C03062212217868FFF737FE7B7BCD
:10B020001B021AB23B7B1BB213431BB207EE903AD2
:10B03000F8EEE77A7B68C3ED077AFB7B1B021AB256
:10B04000BB7B1BB213431BB207EE903AF8EEE77AD4
:10B050007B68C3ED087A7B7C1B021AB23B7C1BB277
:10B0600013431BB207EE903AF8EEE77A7B68C3ED24
:10B07000097A07F10C03062202217868FFF73EFEE9
:10B080007B7B1B021AB23B7B1BB213431BB207EE46
:10B09000903AF8EEE77A7B68C3ED137AFB7B1B02EC
:10B0A0001AB2BB7B1BB213431BB207EE903AF8EE09
:10B0B000E77A7B68C3ED147A7B7C1B021AB23B7C77
:10B0C0001BB213431BB207EE903AF8EEE77A7B68A7
:10B0D000C3ED157A00BF3037BD4680BDB0B582B034
:10B0E00000AF7860234B1B78002B45D07B6893ED35
:10B0F000077A7B68D3ED457A77EE677A7B68C3ED94
:10B10000487A7B6893ED087A7B68D3ED467A77EED0
:10B11000677A7B68C3ED497A7B6893ED097A7B682F
:10B12000D3ED477A77EE677A7B68C3ED4A7A7B681E
:10B1300093ED137A7B68D3ED5D7A77EE677A7B685F
:10B14000C3ED607A7B6893ED147A7B68D3ED5E7A09
:10B1500077EE677A7B68C3ED617A7B6893ED157A49
:10B160007B68D3ED5F7A77EE677A7B68C3ED627AAE
:10B1700020E000BFDC0900207B68DA697B68C3F847
:10B1800020217B681A6A7B68C3F824217B685A6A8D
:10B190007B68C3F828217B68DA6C7B68C3F8802160
:10B1A0007B681A6D7B68C3F884217B685A6D7B6865
:10B1B000C3F888217B68B3F8503140F6B732934228
:10B1C00000F2B2817B68B3F85031002B6BD17B6801
:10B1D0004FF00002DA617B684FF000021A627B6870
:10B1E0004FF000025A627B684FF00002DA647B681D
:10B1F0004FF000021A657B684FF000025A657B68C9
:10B200004FF00002C3F844217B684FF00002C3F8FE
:10B2100048217B684FF00002C3F84C217B684FF057
:10B220000002C3F8B0217B684FF00002C3F8B421DC
:10B230007B684FF00002C3F8B8217B684FF04742AB
:10B24000C3F8FC207B684FF04742C3F800217B68BD
:10B250004FF04742C3F804217B68B14AC3F8082184
:10B260007B68AF4AC3F80C217B68AD4AC3F8102154
:10B270007B684FF04742C3F85C217B684FF0474240
:10B28000C3F860217B684FF04742C3F864217B68B4
:10B29000A34AC3F868217B68A14AC3F86C217B6884
:10B2A0009F4AC3F870217B6893ED077A7B68D3EDE2
:10B2B0003F7AB4EEE77AF1EE10FA04DD7B68DA69E2
:10B2C0007B68C3F8FC207B6893ED087A7B68D3ED3C
:10B2D000407AB4EEE77AF1EE10FA04DD7B681A6A80
:10B2E0007B68C3F800217B6893ED097A7B68D3ED16
:10B2F000417AB4EEE77AF1EE10FA04DD7B685A6A1F
:10B300007B68C3F804217B6893ED077A7B68D3EDF3
:10B31000427AB4EEE77AF1EE10FA04D57B68DA6986
:10B320007B68C3F808217B6893ED087A7B68D3EDCE
:10B33000437AB4EEE77AF1EE10FA04D57B681A6A24
:10B340007B68C3F80C217B6893ED097A7B68D3EDA9
:10B35000447AB4EEE77AF1EE10FA04D57B685A6AC3
:10B360007B68C3F810217B6893ED137A7B68D3ED7B
:10B37000577AB4EEE77AF1EE10FA04DD7B68DA6C06
:10B380007B68C3F85C217B6893ED147A7B68D3ED0E
:10B39000587AB4EEE77AF1EE10FA04DD7B681A6DA4
:10B3A0007B68C3F860217B6893ED157A7B68D3EDE9
:10B3B000597AB4EEE77AF1EE10FA04DD7B685A6D43
:10B3C0007B68C3F864217B6893ED137A7B68D3EDC7
:10B3D0005A7AB4EEE77AF1EE10FA04D57B68DA6CAB
:10B3E0007B68C3F868217B6893ED147A7B68D3EDA2
:10B3F0005B7AB4EEE77AF1EE10FA04D57B681A6D49
:10B400007B68C3F86C217B6893ED157A7B68D3ED7C
:10B410005C7AB4EEE77AF1EE10FA04D57B685A6DE7
:10B420007B68C3F870217B6893ED517A7B68D3ED1C
:10B43000077A77EE277A7B68C3ED517A7B6893EDC4
:10B44000527A7B68D3ED087A77EE277A7B68C3ED72
:10B45000527A7B6893ED537A7B68D3ED097A77EE65
:10B46000277A7B68C3ED537A7B6893ED6C7A7B68AF
:10B47000D3ED137A77EE277A7B68C3ED6C7A7B681D
:10B4800093ED6D7A7B68D3ED147A77EE277A7B683B
:10B49000C3ED6D7A7B6893ED6E7A7B68D3ED157A98
:10B4A00077EE277A7B68C3ED6E7A7B68B3F850310C
:10B4B00001339AB27B68A3F850217B6893ED577AE9
:10B4C0007B68D3ED5A7A77EE677A9FED167AF4EEC1
:10B4D000C77AF1EE10FA1DDC7B6893ED587A7B6831
:10B4E000D3ED5B7A77EE677A9FED0E7AF4EEC77A4A
:10B4F000F1EE10FA0EDC7B6893ED597A7B68D3EDA0
:10B500005C7A77EE677A9FED077AF4EEC77AF1EE10
:10B5100010FA66DD7B680022A3F8502161E000BFCD
:10B5200000FEFF4600009642884B01221A707B689D
:10B53000D3ED516A7B68B3F8503107EE903AB8EE1C
:10B54000E77AC6EE877A7B68C3ED457A7B68D3EDF0
:10B55000526A7B68B3F8503107EE903AB8EEE77A5A
:10B56000C6EE877A7B68C3ED467A7B68D3ED536A73
:10B570007B68B3F8503107EE903AB8EEE77AC6EE42
:10B58000877A7B68C3ED477A7B68D3ED6C6A7B680A
:10B59000B3F8503107EE903AB8EEE77AC6EE877A04
:10B5A0007B68C3ED5D7A7B68D3ED6D6A7B68B3F829
:10B5B000503107EE903AB8EEE77AC6EE877A7B68AC
:10B5C000C3ED5E7A7B68D3ED6E6A7B68B3F8503169
:10B5D00007EE903AB8EEE77AC6EE877A7B68C3ED5D
:10B5E0005F7A7B68DB691846F5F742FA04460D4638
:10B5F000574BD3E900014FF000024FF00003F5F77D
:10B600008FFA02460B4620462946F5F7D3F8024644
:10B610000B46104619464FF000024E4BF5F7AAFBB9
:10B6200002460B4610461946F5F714FD02467B68A4
:10B63000C3F8DC207B681B6A1846F5F719FA044644
:10B640000D46434BD3E902014FF000024FF00003D7
:10B65000F5F766FA02460B4620462946F5F7AAF8A2
:10B6600002460B46104619464FF00002394BF5F7DB
:10B6700081FB02460B4610461946F5F7EBFC0246E5
:10B680007B68C3F8E0207B685B6A1846F5F7F0F941
:10B6900004460D462E4BD3E904014FF000024FF053
:10B6A0000003F5F73DFA02460B4620462946F5F71A
:10B6B00081F802460B46104619464FF00002254B12
:10B6C000F5F758FB02460B4610461946F5F7C2FC43
:10B6D00002467B68C3F8E4207B68D3ED607A9FED77
:10B6E0001E7A67EE877ADFED1D6A87EEA67ADFEDB8
:10B6F0001C6AC7EE267A7B68C3ED3A7A7B68D3ED85
:10B70000617A9FED157A67EE877ADFED146A87EE2E
:10B71000A67ADFED136AC7EE267A7B68C3ED3B7A23
:10B720007B68D3ED627A9FED0C7A67EE877ADFED66
:10B730000B6A87EEA67ADFED0A6AC7EE267A7B6887
:10B74000C3ED3C7A00BF0837BD46B0BDDC09002020
:10B75000E00900200000A040DB0F49400000344316
:10B760003333834180B59EB000AFF86187ED060AA0
:10B77000C7ED050A87ED041AC7ED031A87ED022A03
:10B78000C7ED012AF14B7B67FB69D3F81C323B679D
:10B79000FB69D3F82032FB66FB69D3F82432BB6621
:10B7A000FB69D3F828327B66D7ED1C7A67EEA77A5F
:10B7B000C7ED187A97ED1C7AD7ED1B7A67EE277ADA
:10B7C000C7ED177A97ED1C7AD7ED1A7A67EE277ACC
:10B7D000C7ED167A97ED1C7AD7ED197A67EE277ABE
:10B7E000C7ED157AD7ED1B7A67EEA77AC7ED147A05
:10B7F00097ED1B7AD7ED1A7A67EE277AC7ED137AA1
:10B8000097ED1B7AD7ED197A67EE277AC7ED127A92
:10B81000D7ED1A7A67EEA77AC7ED117A97ED1A7A03
:10B82000D7ED197A67EE277AC7ED107AD7ED197A36
:10B8300067EEA77AC7ED0F7AD7ED037A27EEA77ADE
:10B84000D7ED027A67EEA77A37EE277AD7ED017A3D
:10B8500067EEA77A77EE277AB0EE670AFFF778FAF5
:10B8600087ED0E0A97ED037AD7ED0E7A67EE277A09
:10B87000C7ED037A97ED027AD7ED0E7A67EE277A55
:10B88000C7ED027A97ED017AD7ED0E7A67EE277A47
:10B89000C7ED017A97ED127AD7ED167A77EE677ACF
:10B8A00077EEA77AC7ED0D7A97ED177AD7ED107A74
:10B8B00077EE277A77EEA77AC7ED0C7A97ED187AAC
:10B8C000D7ED147A37EE677AD7ED117A77EE677A8B
:10B8D00097ED0F7A77EE277AC7ED0B7A97ED027A1C
:10B8E000D7ED0B7A27EE277AD7ED016AD7ED0C7AE0
:10B8F00066EEA77A77EE677AC7ED0A7A97ED017A56
:10B90000D7ED0D7A27EE277AD7ED036AD7ED0B7ABC
:10B9100066EEA77A77EE677AC7ED097A97ED037A34
:10B92000D7ED0C7A27EE277AD7ED026AD7ED0D7A9C
:10B9300066EEA77A77EE677AC7ED087AD7ED0A7ACE
:10B940009FED837A27EE877A824BD3ED007A77EEEC
:10B95000277A804BC3ED007AD7ED097A9FED7C7A88
:10B9600027EE877A7C4BD3ED007A77EE277A7A4BF5
:10B97000C3ED007AD7ED087A9FED757A27EE877AC6
:10B98000764BD3ED007A77EE277A744BC3ED007ACD
:10B99000734B93ED007AD7ED0A7A27EE277AD7ED2D
:10B9A000067A37EE277A6F4BD3ED006A694BD3EDF9
:10B9B000007A66EEA77A77EE277AC7ED067A684BAB
:10B9C00093ED007AD7ED097A27EE277AD7ED057A3D
:10B9D00037EE277A634BD3ED006A5F4BD3ED007AE5
:10B9E00066EEA77A77EE277AC7ED057A5C4B93ED82
:10B9F000007AD7ED087A27EE277AD7ED047A37EE6A
:10BA0000277A584BD3ED006A544BD3ED007A66EE9B
:10BA1000A77A77EE277AC7ED047AD7ED1B7AB1EED5
:10BA2000677AD7ED067A27EE277AD7ED1A6AD7ED2F
:10BA3000057A66EEA77A37EE677AD7ED196AD7ED01
:10BA4000047A66EEA77A37EE677AD7ED1D7A67EE4D
:10BA5000277A97ED1C7A77EE277AC7ED1C7A97ED57
:10BA60001C7AD7ED067A27EE277AD7ED1A6AD7ED3A
:10BA7000047A66EEA77A37EE277AD7ED196AD7ED02
:10BA8000057A66EEA77A37EE677AD7ED1D7A67EE0C
:10BA9000277A97ED1B7A77EE277AC7ED1B7A97ED19
:10BAA0001C7AD7ED057A27EE277AD7ED1B6AD7EDFA
:10BAB000047A66EEA77A37EE677AD7ED196AD7ED82
:10BAC000067A66EEA77A37EE277AD7ED1D7A67EE0B
:10BAD000277A97ED1A7A77EE277AC7ED1A7A97EDDB
:10BAE0001C7AD7ED047A27EE277AD7ED1B6AD7EDBB
:10BAF000057A66EEA77A37EE277AD7ED1A6AD7ED80
:10BB0000067A66EEA77A37EE677AD7ED1D7A67EE8A
:10BB1000277A97ED197A77EE277AC7ED197AD7ED5C
:10BB20001C7A27EEA77AD7ED1B7A67EEA77A37EE55
:10BB3000277AD7ED1A7A67EEA77A37EE277AD7ED0C
:10BB4000197A67EEA77A77EE277A0DE06F12033A3B
:10BB50006F12833ACC090020D0090020D4090020BC
:10BB600074000020D8090020B0EE670AFFF7F0F853
:10BB700087ED0E0A97ED1C7AD7ED0E7A67EE277ADD
:10BB8000FB69C3ED877A97ED1B7AD7ED0E7A67EEE6
:10BB9000277AFB69C3ED887A97ED1A7AD7ED0E7A8A
:10BBA00067EE277AFB69C3ED897A97ED197AD7EDAD
:10BBB0000E7A67EE277AFB69C3ED8A7A00BF783781
:10BBC000BD4680BD80B582B000AF78607868FFF771
:10BBD00085FA7B68D3ED3A7A7B6893ED3B7A7B6894
:10BBE000D3ED3C6A7B6893ED376A7B68D3ED385AB6
:10BBF0007B6893ED395AF0EE452AB0EE652AF0EEF7
:10BC0000461AB0EE661AF0EE470AB0EE670A786898
:10BC1000FFF7A8FD7B68D3F81C227B68C3F80422D9
:10BC20007B68D3F820227B68C3F808227B68D3F8AE
:10BC300024227B68C3F80C227B68D3F828227B6817
:10BC4000C3F810227B68D3ED827AB8EE007A27EE33
:10BC5000877A7B68D3ED847A27EE277A7B68D3EDE9
:10BC6000817A77EEA76A7B68D3ED837A66EEA77A4E
:10BC700077EE277AB0EE670AFDF7DCFFF0EE407A48
:10BC80009FED557A27EE877ADFED546AC7EE267A64
:10BC90007B68C3ED6F7A7B68D3ED837A37EEA77A42
:10BCA0007B68D3ED847A27EE277A7B68D3ED817A9F
:10BCB00077EEA76A7B68D3ED827A66EEA77A37EED5
:10BCC000276A7B68D3ED827AB8EE007A27EE877A0E
:10BCD0007B68D3ED827A27EE277A7B68D3ED837A6F
:10BCE00077EEA76A7B68D3ED837A66EEA77A77EE64
:10BCF000677AB7EE007A77EE877AF0EE670AB0EEF1
:10BD0000460AFDF7A7FFF0EE407A9FED337A27EE63
:10BD1000877ADFED326AC7EE267A7B68C3ED707AE8
:10BD20007B68D3ED827A37EEA77A7B68D3ED837A8E
:10BD300027EE277A7B68D3ED817A77EEA76A7B6856
:10BD4000D3ED847A66EEA77A37EE276A7B68D3ED67
:10BD5000837AB8EE007A27EE877A7B68D3ED837A10
:10BD600027EE277A7B68D3ED847A77EEA76A7B6823
:10BD7000D3ED847A66EEA77A77EE677AB7EE007A2B
:10BD800077EE877AF0EE670AB0EE460AFDF762FFBB
:10BD9000F0EE407A9FED107A27EE877ADFED0F6A9A
:10BDA000C7EE267A7B68C3ED717A7B68D3F8BC2135
:10BDB0007B68C3F8D4217B68D3F8C4217B68C3F8BF
:10BDC000DC217B68D3F8C0217B68C3F8D82100BF91
:10BDD0000837BD4680BD00BF00003443DB0F49403B
:10BDE00080B483B000AF78607B6893ED777A7B682E
:10BDF000D3ED747A77EE677A9FED5F7AF4EEC77AC7
:10BE0000F1EE10FA09DD7B68B3F914309BB2013B07
:10BE10009BB21AB27B689A8217E07B6893ED777ABF
:10BE20007B68D3ED747A77EE677A9FED547AF4EEFF
:10BE3000C77AF1EE10FA08D57B68B3F914309BB2DB
:10BE400001339BB21AB27B689A827B68B3F91430D3
:10BE50001A464FF4B47302FB03F307EE903AB8EEC0
:10BE6000E77A7B68D3ED777A77EE277A7B68C3ED44
:10BE70007A7A7B6893ED757A7B68D3ED727A77EE88
:10BE8000677A9FED3D7AF4EEC77AF1EE10FA09DD9C
:10BE90007B68B3F916309BB2013B9BB21AB27B6848
:10BEA000DA8217E07B6893ED757A7B68D3ED727A5E
:10BEB00077EE677A9FED317AF4EEC77AF1EE10FAF9
:10BEC00008D57B68B3F916309BB201339BB21AB226
:10BED0007B68DA827B68B3F916301A464FF4B47384
:10BEE00002FB03F307EE903AB8EEE77A7B68D3EDF6
:10BEF000757A77EE277A7B68C3ED787A7B6893ED65
:10BF0000767A7B68D3ED737A77EE677A9FED1A7A4B
:10BF1000F4EEC77AF1EE10FA09DD7B68B3F9183058
:10BF20009BB2013B9BB21AB27B681A8317E07B6815
:10BF300093ED767A7B68D3ED737A77EE677A9FED2F
:10BF40000F7AF4EEC77AF1EE10FA08D57B68B3F9F0
:10BF500018309BB201339BB21AB27B681A837B689C
:10BF6000D3F8D8217B68C3F8E42100BF0C37BD4665
:10BF70005DF8047B704700BF00003443000034C309
:10BF800080B52DED028B82B000AF78607B6893EDB9
:10BF90006F7A7B68D3ED727A37EE677ADFEDA86A45
:10BFA000C7EE267A7B68C3ED7B7A7B6893ED717A66
:10BFB0007B68D3ED747A37EE677ADFEDA16AC7EE5E
:10BFC000267A7B68C3ED7D7A7B6893ED707A7B6817
:10BFD000D3ED737A37EE677ADFED996AC7EE267A8A
:10BFE0007B68C3ED7C7A7B6893ED7B7A7B68D3EDCD
:10BFF000947A77EE677AB0EE670AFDF70BFEF0EE03
:10C00000407AB1EE0C7AF4EEC77AF1EE10FA0BDD5D
:10C010007B68D3ED987AB0EE007AF4EEC77AF1EE51
:10C0200010FA01D5012300E00023002B0AD07B6821
:10C03000D3ED987AB7EE007A77EE877A7B68C3ED16
:10C04000987A32E07B68D3ED7B7AB0EE670AFDF731
:10C05000E1FDB0EE408A7B68D3ED907AB0EE670ADE
:10C06000FDF7D8FDF0EE407AB4EEE78AF1EE10FA73
:10C070004CBF01230023DBB2002B05D07B684FF0BF
:10C080000002C3F8F82105E07B68D3F8EC217B6857
:10C09000C3F8F8217B68D3F8EC217B68C3F8502201
:10C0A0007B684FF00002C3F860227B6893ED7D7AD5
:10C0B0007B68D3ED957A77EE677AB0EE670AFDF785
:10C0C000A9FDF0EE407AB1EE0C7AF4EEC77AF1EE0B
:10C0D00010FA0BDD7B68D3ED997AB0EE007AF4EEBE
:10C0E000C77AF1EE10FA01D5012300E00023002BFE
:10C0F0000AD07B68D3ED997AB7EE007A77EE877A2B
:10C100007B68C3ED997A32E07B68D3ED7D7AB0EE3F
:10C11000670AFDF77FFDB0EE408A7B68D3ED907A29
:10C12000B0EE670AFDF776FDF0EE407AB4EEE78AEE
:10C13000F1EE10FA4CBF01230023DBB2002B05D037
:10C140007B684FF00002C3F8002205E07B68D3F85B
:10C15000F4217B68C3F800227B68D3F8F4217B6864
:10C16000C3F854227B684FF00002C3F864227B6856
:10C1700093ED7C7A7B68D3ED967A77EE677AB0EEB2
:10C18000670AFDF747FDF0EE407AB1EE0C7AF4EE67
:10C19000C77AF1EE10FA0BDD7B68D3ED9A7AB0EE38
:10C1A000007AF4EEC77AF1EE10FA01D5012300E02F
:10C1B0000023002B0AD07B68D3ED9A7AB7EE007A81
:10C1C00077EE877A7B68C3ED9A7A32E07B68D3EDAD
:10C1D0007C7AB0EE670AFDF71DFDB0EE408A7B6801
:10C1E000D3ED907AB0EE670AFDF714FDF0EE407AD9
:10C1F000B4EEE78AF1EE10FA4CBF01230023DBB264
:10C20000002B05D07B684FF00002C3F8FC2105E04D
:10C210007B68D3F8F0217B68C3F8FC217B68D3F8F6
:10C22000F0217B68C3F858227B684FF00002C3F806
:10C23000682200BF0837BD46BDEC028B80BD00BF41
:10C240006F12833A80B582B000AF78607B68D3F814
:10C25000BC217B68C3F8C8217B68D3F8C4217B6804
:10C26000C3F8D0217B68D3F8C0217B68C3F8CC2108
:10C270007868FEF7C7FE7868FFF7A4FC7868FFF7D8
:10C28000AFFD7868FFF77CFE00BF0837BD4680BD74
:10C29000B0B584B000AF78601F4B9B681846F4F7C8
:10C2A000E7FB02460B46F4F785FA02460B461446B6
:10C2B0001D46194B1B681846F4F7DAFB02460B467D
:10C2C00020462946F4F72CFC02460B4614461D4630
:10C2D000114B5B681846F4F7CBFB02460B46204631
:10C2E0002946F4F71DFC02460B4610461946F4F7A2
:10C2F000B1FE0346FB60D7ED037AB7EE007A37EE66
:10C30000877AD7ED036AC6EE877A034BC3ED037ACB
:10C3100000BF1037BD46B0BD3C090020B0B582B0AB
:10C3200000AF78607B689B681846F4F7A1FB024673
:10C330000B46F4F73FFA02460B4614461D467B684F
:10C340001B681846F4F794FB02460B462046294624
:10C35000F4F7E6FB02460B4614461D467B685B6815
:10C360001846F4F785FB02460B4620462946F4F7AB
:10C37000D7FB02460B4610461946F4F76BFE024601
:10C380007B681A617B68D3ED046A7B68D3ED047A1D
:10C39000B7EE007A37EE877AC6EE877A7B68C3ED10
:10C3A000037A00BF0837BD46B0BD000080B582B03B
:10C3B00000AF786039607B68012B07D13B684FF68E
:10C3C000FF72934202D10348FDF774FC00BF0837A7
:10C3D000BD4680BD3C09002080B500AF4FF6FF711F
:10C3E0000120FFF7E3FF80BD80B500AF4FF4697215
:10C3F00000211148F5F7DCF84C2200210F48F5F731
:10C40000D7F80F4B1B68DA680D4B1B6842F010021F
:10C41000DA604FF480720B490948FAF70DFA4FF6CB
:10C42000FF73082208490648FAF7FEF84FF47A70BD
:10C43000F8F78AFA00BF80BDF80900209C0D0020A3
:10C4400030040020E80D00209029010880B586B056
:10C4500000AF786000233B61334B1B681B6803F01F
:10C460001003102B0CBF01230023DBB23B613B699F
:10C47000002B55D00023BB602B4B1B681B68BB6097
:10C48000294B1B685B68BB60BB68274B1B681B683C
:10C49000FB60254B1B685B68FB602348FAF7F1F9EA
:10C4A0007B681B685B68FB60FB689BB2C3F58073AD
:10C4B0009AB21E4B1A801E4B1B78DBB2002B0CBFAE
:10C4C00001230023DBB21A46194B1A70184B1B7854
:10C4D000DBB21B02174A13444FF48072194612480C
:10C4E000FAF7AAF90023FB8215E0114B1B78DBB2A7
:10C4F000002B0CBF01230023DBB21A46FB8A0D4937
:10C5000012020A4413441B7819460B4800F079FCC8
:10C51000FB8A0133FB82054B1B88FA8A9A42E4D3DB
:10C5200000BF1837BD4680BD30040020E80F002052
:10C53000EA0F0020E80D0020F809002080B485B043
:10C5400000AF78607B681B889BB2FB81FB89184633
:10C550001437BD465DF8047B704780B485B000AFEA
:10C5600078607B681B68FB60FB6807EE903AB0EE72
:10C57000670A1437BD465DF8047B704780B485B008
:10C5800000AF78607B681B68FB60FB681846143757
:10C59000BD465DF8047B704780B584B000AF78601D
:10C5A00007F10803082279681846F4F767FFD7E90E
:10C5B000022343EC172BB0EE470AF0EE670A103760
:10C5C000BD4680BD80B588B000AFF8600023FB6138
:10C5D000FB680E337B61FB68002283F80822FB684E
:10C5E000002283F85422FB68002283F8BC22ADE3CA
:10C5F000FB697A6913441B78912B07D0912B00F3C8
:10C60000A183812B10D0832B1CD09BE3FB6803F507
:10C610000270FB697A6913444C221946F4F72EFF25
:10C62000FB694C33FB6191E3FB6803F51570FB6913
:10C630007A69134468221946F4F720FFFB696833CE
:10C64000FB6183E3FB68832283F8BC22FB6901332F
:10C650007A6913441846FFF771FF03461A46FB68D0
:10C66000A3F8BD22FB6903337A6913441A78FB6887
:10C6700083F8BF22FB6904337A6913441846FFF735
:10C680007DFF0246FB68C3F8C022FB690833BB612B
:10C69000FB68D3F8C0323B613B6903F00103002B18
:10C6A00025D0BB697A6913441846FFF756FFF0EEB0
:10C6B000407AFB68C3EDB17ABB6904337A691344ED
:10C6C0001846FFF74AFFF0EE407AFB68C3EDB27AF6
:10C6D000BB6908337A6913441846FFF73EFFF0EE52
:10C6E000407AFB68C3EDB37ABB690C33BB613B692D
:10C6F00003F00203002B25D0BB697A691344184666
:10C70000FFF72BFFF0EE407AFB68C3EDB47ABB690C
:10C7100004337A6913441846FFF71FFFF0EE407A9E
:10C72000FB68C3EDB57ABB6908337A6913441846D0
:10C73000FFF713FFF0EE407AFB68C3EDB67ABB69F2
:10C740000C33BB613B6903F00403002B25D0BB69AC
:10C750007A6913441846FFF700FFF0EE407AFB6851
:10C76000C3EDB77ABB6904337A6913441846FFF7FF
:10C77000F4FEF0EE407AFB68C3EDB87ABB6908338B
:10C780007A6913441846FFF7E8FEF0EE407AFB683A
:10C79000C3EDB97ABB690C33BB613B6903F0080395
:10C7A000002B25D0BB697A6913441846FFF7D5FEE4
:10C7B000F0EE407AFB68C3EDBA7ABB6904337A695C
:10C7C00013441846FFF7C9FEF0EE407AFB68C3ED4C
:10C7D000BB7ABB6908337A6913441846FFF7BDFE7C
:10C7E000F0EE407AFB68C3EDBC7ABB690C33BB61E9
:10C7F0003B6903F01003002B31D0BB697A69134405
:10C800001846FFF7AAFEF0EE407AFB68C3EDBD7A4A
:10C81000BB6904337A6913441846FFF79EFEF0EEB5
:10C82000407AFB68C3EDBE7ABB6908337A6913446A
:10C830001846FFF792FEF0EE407AFB68C3EDBF7A30
:10C84000BB690C337A6913441846FFF786FEF0EE95
:10C85000407AFB68C3EDC07ABB691033BB613B69AA
:10C8600003F02003002B0CD0BB697A6913441846EF
:10C87000FFF784FE0246FB68C3F80423BB69043358
:10C88000BB613B6903F04003002B3DD0BB697A6973
:10C8900013441A78FB6883F80823BB6901337A696B
:10C8A00013441A78FB6883F80923BB6902337A6959
:10C8B00013441A78FB6883F80A23BB6903337A6947
:10C8C00013441A78FB6883F80B23BB6904337A6935
:10C8D00013441A78FB6883F80C23BB6905337A6923
:10C8E00013441846FFF72AFE03461A46FB68A3F8CE
:10C8F0000D23BB6907337A6913441A78FB6883F800
:10C900000F23BB690833BB613B6903F08003002B35
:10C910000DD0BB697A6913441846FFF71EFEF0EE8E
:10C92000407AFB68C3EDC47ABB690433BB613B69E1
:10C9300003F48073002B0DD0BB697A691344184649
:10C94000FFF70BFEF0EE407AFB68C3EDC57ABB69DA
:10C950000433BB613B6903F40073002B25D0BB6932
:10C960007A6913441846FFF7F8FDF0EE407AFB6849
:10C97000C3EDC67ABB6904337A6913441846FFF7DE
:10C98000ECFDF0EE407AFB68C3EDC77ABB69083373
:10C990007A6913441846FFF7E0FDF0EE407AFB6831
:10C9A000C3EDC87ABB690C33BB613B6903F4806398
:10C9B000002B25D0BB697A6913441846FFF7CDFDDB
:10C9C000F0EE407AFB68C3EDC97ABB6904337A693B
:10C9D00013441846FFF7C1FDF0EE407AFB68C3ED43
:10C9E000CA7ABB6908337A6913441846FFF7B5FD64
:10C9F000F0EE407AFB68C3EDCB7ABB690C33BB61C8
:10CA00003B6903F40063002B25D0BB697A691344AA
:10CA10001846FFF7A2FDF0EE407AFB68C3EDCC7A32
:10CA2000BB6904337A6913441846FFF796FDF0EEAC
:10CA3000407AFB68C3EDCD7ABB6908337A69134449
:10CA40001846FFF78AFDF0EE407AFB68C3EDCE7A18
:10CA5000BB690C33BB613B6903F48053002B25D0C9
:10CA6000BB697A6913441846FFF777FDF0EE407A08
:10CA7000FB68C3EDCF7ABB6904337A691344184667
:10CA8000FFF76BFDF0EE407AFB68C3EDD07ABB692F
:10CA900008337A6913441846FFF75FFDF0EE407AD9
:10CAA000FB68C3EDD17ABB690C33BB613B6903F40E
:10CAB0000053002B25D0BB697A6913441846FFF751
:10CAC0004CFDF0EE407AFB68C3EDD27ABB690433CB
:10CAD0007A6913441846FFF740FDF0EE407AFB6890
:10CAE000C3EDD37ABB6908337A6913441846FFF75C
:10CAF00034FDF0EE407AFB68C3EDD47ABB690C33A9
:10CB0000BB613B6903F48043002B31D0BB697A6978
:10CB100013441846FFF740FD87ED000BFB683A68A9
:10CB2000C3F854237A68C3F85823BB6908337A6979
:10CB300013441846FFF730FD87ED000BFB683A6899
:10CB4000C3F85C237A68C3F86023BB6910337A6941
:10CB500013441846FFF720FD87ED000BFB683A6889
:10CB6000C3F864237A68C3F86823BB691833BB61D0
:10CB70003B6903F40043002B21D0BB697A6913445D
:10CB80001A78FB6883F86C23BB6901337A69134414
:10CB90001A78FB6883F86D23BB6902337A69134402
:10CBA0001A78FB6883F86E23BB6903337A691344F0
:10CBB0001A78FB6883F86F23BB690433BB613B6958
:10CBC00003F48033002B0DD0BB697A6913441846F7
:10CBD000FFF7C3FCF0EE407AFB68C3EDDC7ABB697B
:10CBE0000433BB613B6903F40033002B0DD0BB69F8
:10CBF0007A6913441846FFF7B0FCF0EE407AFB6800
:10CC0000C3EDDD7ABB690433BB613B6903F4802368
:10CC1000002B0DD0BB697A6913441846FFF79DFCC1
:10CC2000F0EE407AFB68C3EDDE7ABB690433BB618A
:10CC30003B6903F40023002B21D0BB697A691344BC
:10CC40001A78FB6883F87C23BB6901337A69134443
:10CC50001A78FB6883F87D23BB6902337A69134431
:10CC60001A78FB6883F87E23BB6903337A6913441F
:10CC70001A78FB6883F87F23BB690433BB613B6987
:10CC800003F08043002B31D0BB697A691344184606
:10CC9000FFF782FC87ED000BFB683A68C3F880233E
:10CCA0007A68C3F88423BB6908337A691344184649
:10CCB000FFF772FC87ED000BFB683A68C3F8882326
:10CCC0007A68C3F88C23BB6910337A691344184619
:10CCD000FFF762FC87ED000BFB683A68C3F890230E
:10CCE0007A68C3F89423BB691833BB613B69002B96
:10CCF00025DABB697A6913441846FFF72EFCF0EE7B
:10CD0000407AFB68C3EDE67ABB6904337A69134461
:10CD10001846FFF722FCF0EE407AFB68C3EDE77A95
:10CD2000BB6908337A6913441846FFF716FCF0EE26
:10CD3000407AFB68C3EDE87ABB690C33BB61BB6921
:10CD4000FB6103E0FB690133FB6100BFFB685B68CB
:10CD5000FA699A42FFF64CAC012318462037BD46CB
:10CD600080BD80B584B000AF78600023FB817B6814
:10CD700003F1080107F10E030422184600F096F8AB
:10CD80007B680833991D7B685B681A4607F10E03C0
:10CD9000184600F08BF87B68083304331846FFF719
:10CDA000CDFB03461A46FB899A4202D04FF0FF336F
:10CDB00003E07868FFF706FC034618461037BD46C7
:10CDC00080BD80B483B000AF78600B46FB707B6899
:10CDD0005A787B681A707B680133FA781A707B681E
:10CDE0001B785A2B06D17B6801331B78A52B01D108
:10CDF000012300E0002318460C37BD465DF8047B94
:10CE0000704780B582B000AF78600B46FB707B68DE
:10CE10001B68002B10D17B680833FA78114618463E
:10CE2000FFF7CFFF0346002B01D100233AE07B68D8
:10CE300002221A60002335E07B681B68591C7A685F
:10CE400011607A681344FA781A727B681B68062BA3
:10CE500014D17B68083302331846FFF76FFB034693
:10CE60001A467B685A607B685B68B3F5FD7F05DD19
:10CE70007B6800221A604FF0FF3313E07B681B6869
:10CE8000052B06DD7B685B685A1D7B681B689A4230
:10CE900001DB002306E07B6800221A607868FFF758
:10CEA00060FF034618460837BD4680BD80B48BB08E
:10CEB00000AFF860B9607A60FB681B887B62002372
:10CEC0003B6225E0BA683B6A13441B787B617B694F
:10CED0001B027A6A53407B620023FB6112E07B6A8B
:10CEE0005B00BB617B6A03F40043002B05D0BB6988
:10CEF00083F4815383F00103BB61BB697B62FB69EF
:10CF00000133FB61FB69072BE9D93B6A01333B62C3
:10CF10003A6A7B689A42D5D37B6A9AB2FB681A80D8
:10CF200000BF2C37BD465DF8047B704780B483B0EA
:10CF300000AF78607B68074A1A607B68064A5A60CF
:10CF40007B68064A9A607B6818460C37BD465DF8D8
:10CF5000047B70470000FA436F12833ADA0F4940AE
:10CF600080B584B000AF78600B467B80FF233B72B6
:10CF7000FF237B72FF23BB72FF23FB72FF233B73F4
:10CF8000FF237B73FF23BB73FC23FB737B685B680E
:10CF900007F1080279881846FCF745FF03461A4650
:10CFA0007B6883F844207B6893F84430002B04D0DE
:10CFB0007B681B6C5A1C7B681A647B6893F844304E
:10CFC00018461037BD4680BD80B487B000AF87EDEE
:10CFD000030AC7ED020A87ED011A386097ED017A5E
:10CFE000D7ED027A77EE677AC7ED057ABB683B61C9
:10CFF00097ED037AD7ED017AB4EEE77AF1EE10FA05
:10D0000002DD7B68FB600AE097ED037AD7ED027AD8
:10D01000B4EEE77AF1EE10FA01D5BB68FB6097ED4C
:10D02000037AD7ED047A37EE677A01223B6802FA79
:10D0300003F3013B07EE903AF8EEE77A67EE276AD2
:10D0400097ED057AC6EE877AFDEEE77A17EE903A0D
:10D0500018461C37BD465DF8047B704780B487B026
:10D0600000AFF86087ED020AC7ED010A396097ED5D
:10D07000017AD7ED027A77EE677AC7ED057ABB6859
:10D080003B61FB6807EE903AB8EEE77AD7ED057A98
:10D0900067EE276A01223B6802FA03F3013B07EEC1
:10D0A000903AF8EEE77A86EEA77AD7ED047A77EE33
:10D0B000277AB0EE670A1C37BD465DF8047B7047DF
:10D0C00080B58EB000AFF8610B4687ED050AC7ED5D
:10D0D000040A87ED031AC7ED021A87ED012A7B8344
:10D0E000FB69D3ED127AFB6993ED137A1020B0EE51
:10D0F000471AF0EE670A97ED050AFFF765FF03464A
:10D10000FB86FB69D3ED147AFB6993ED157A0C204D
:10D11000B0EE471AF0EE670A97ED040AFFF754FFE6
:10D120000346BB86FB69D3ED167AFB6993ED177A4C
:10D130000C20B0EE471AF0EE670A97ED030AFFF7EE
:10D1400043FF03467B86FB69D3ED187AFB6993EDB9
:10D15000197A0C20B0EE471AF0EE670A97ED020A32
:10D16000FFF732FF03463B86FB69D3ED1A7AFB6972
:10D1700093ED1B7A0C20B0EE471AF0EE670A97ED9C
:10D18000010AFFF721FF0346FB85FB8E1B0A9BB2BA
:10D19000DBB287F82430FB8EDBB287F82530BB8EFC
:10D1A0001B099BB2DBB287F82630BB8E1B015AB23B
:10D1B0007B8E1B0A9BB25BB213435BB2DBB287F878
:10D1C00027307B8EDBB287F828303B8E1B099BB261
:10D1D000DBB287F829303B8E1B015AB2FB8D1B0A4C
:10D1E0009BB25BB213435BB2DBB287F82A30FB8D94
:10D1F000DBB287F82B30FB695B6807F12402798B7F
:10D200001846FCF710FE03461A46FB6983F84420D3
:10D21000FB6993F84430002B04D0FB691B6C5A1C4B
:10D22000FB691A64FB6993F8443018463837BD46E9
:10D2300080BD80B582B000AF78607B685B68DB69D9
:10D240007A681288934201D0012390E07B685B6882
:10D2500093F838301BB203F00F031AB27B681A81BF
:10D260007B685B6893F838301B09DBB21AB27B68C5
:10D270005A817B685B6893F839301B027A68526880
:10D2800092F83A201A437B68DA607B685B6893F80F
:10D290003B301B017A68526892F83C201209D2B2E6
:10D2A0001A437B681A617B685B6893F83C301B0209
:10D2B00003F470637A68526892F83D201A437B68E1
:10D2C0005A617B68DA687B68D3ED127A7B6893EDEC
:10D2D000137A1021F0EE470AB0EE670A1046FFF706
:10D2E000BDFEF0EE407A7B68C3ED067A7B681A6972
:10D2F0007B68D3ED147A7B6893ED157A0C21F0EE00
:10D30000470AB0EE670A1046FFF7A8FEF0EE407A33
:10D310007B68C3ED077A7B685A697B68D3ED1A7A1C
:10D320007B6893ED1B7A0C21F0EE470AB0EE670A9A
:10D330001046FFF793FEF0EE407A7B68C3ED087A63
:10D340007B685B6893F83E3007EE903AF8EE677AB8
:10D350007B68C3ED097A7B685B6893F83F3007EE22
:10D36000903AF8EE677A7B68C3ED0A7A0023184694
:10D370000837BD4680BD80B584B000AF78600B46ED
:10D380007B80FF233B72FF237B72FF23BB72FF2353
:10D39000FB72FF233B73FF237B73FF23BB73FB23D2
:10D3A000FB737B685B6807F1080279881846FCF715
:10D3B0003AFD03461A467B6883F844207B6893F85D
:10D3C0004430002B04D07B681B6C5A1C7B681A64A9
:10D3D0007B6893F8443018461037BD4680BD000086
:10D3E00080B582B000AF786039607B68012B07D1CF
:10D3F0003B684FF6FF72934202D10348FFF796FD58
:10D4000000BF0837BD4680BDEC0F002080B500AFDF
:10D410004FF6FF710120FFF7E3FF80BD80B483B0BA
:10D4200000AF78607B68074A1A607B68064A5A60DA
:10D430007B68064A9A607B6818460C37BD465DF8E3
:10D44000047B70470000FA436F12833ADA0F4940B9
:10D4500080B582B000AF78607B685B68DB697A6812
:10D460001288934238D17B685B6893F838301B028E
:10D470001AB27B685B6893F839301BB213431AB257
:10D480007B681A817B685B6893F83A301B021AB29A
:10D490007B685B6893F83B301BB213431AB27B681E
:10D4A0005A817B685B6893F83C301B021AB27B6838
:10D4B0005B6893F83D301BB213431AB27B689A81C4
:10D4C0007B685B6893F83E305AB27B689A737868E1
:10D4D00000F008F8002300E0012318460837BD4695
:10D4E00080BD000080B483B000AF78607B681B7E95
:10D4F000002B08D17B6801221A767B68B3F90830CB
:10D500001A467B68DA617B68B3F908301A467B6893
:10D51000DB69D31A204A93420CDA7B681B6903F556
:10D52000FF531F337A6813617B685B695A1C7B6801
:10D530005A6116E07B68B3F908301A467B68DB69EC
:10D54000D31A41F2883293420BDD7B681B69A3F545
:10D55000FF531F3B7A6813617B685B695A1E7B68C7
:10D560005A617B681A697B68DB69D21A7B681A6129
:10D570007B681B697A68B2F908201A447B681A61D3
:10D580007B68B3F908301A467B68DA6100BF0C3754
:10D59000BD465DF8047B704778ECFFFF80B582B034
:10D5A00000AF786039607B68012B07D13B684FF68C
:10D5B000FF72934202D10348FFF730FF00BF0837E4
:10D5C000BD4680BDFC0F002080B500AF4FF6FF7157
:10D5D0000120FFF7E3FF80BD80B483B000AF786027
:10D5E0007B68074A1A607B68064A5A607B68064A6D
:10D5F0009A607B6818460C37BD465DF8047B70471F
:10D600000000FA436F12833ADA0F494080B582B0C6
:10D6100000AF786039607B68012B07D13B684FF61B
:10D62000FF72934202D10348FFF7D6FF00BF0837CD
:10D63000BD4680BD0C10002080B500AF4FF6FF71D5
:10D640000120FFF7E3FF80BD80B483B000AF87ED1A
:10D65000010AD7ED017AF0EEE77AB0EE670A0C37EF
:10D66000BD465DF8047B704780B483B000AF78603E
:10D670007B68074A1A607B68064A5A607B68064ADC
:10D680009A607B6818460C37BD465DF8047B70478E
:10D690000000FA436F12833ADA0F494080B584B034
:10D6A00000AFF86087ED020AC7ED010A97ED027A34
:10D6B000D7ED017A77EE677AFB68C3ED007AFB68F5
:10D6C000D3ED007AB0EE670AFFF7BEFFB0EE407A06
:10D6D000FB68D3ED0A7AB4EEE77AF1EE10FA4CBFAC
:10D6E00001230023DBB2002B03D0FB684FF00002C4
:10D6F0001A60FB68D3ED007AB0EE670AFFF7A4FF6B
:10D70000B0EE407AFB68D3ED0B7AB4EEE77AF1EE37
:10D7100010FA4CBF01230023DBB2002B33D0FB688F
:10D7200093ED087AFB68D3ED007A77EE277AFB68F1
:10D73000C3ED087AFB6893ED087AFB68D3ED057AB0
:10D74000F1EE677AB4EEE77AF1EE10FA05D5FB68F0
:10D75000D3ED057AF1EE677A11E0FB6893ED087A74
:10D76000FB68D3ED057AB4EEE77AF1EE10FA03DD4B
:10D77000FB68D3ED057A02E0FB68D3ED087AFB681D
:10D78000C3ED087A03E0FB684FF000025A63FB68C0
:10D7900093ED017AFB68D3ED007A67EE277AFB6898
:10D7A000C3ED0C7AFB6893ED027AFB68D3ED087A3F
:10D7B00067EE277AFB68C3ED0D7AFB6893ED0C7A70
:10D7C000FB68D3ED0D7A37EE277AFB68D3ED0E7A3E
:10D7D00077EE277AFB68C3ED107AFB6893ED107A39
:10D7E000FB68D3ED077AF1EE677AB4EEE77AF1EEF3
:10D7F00010FA05D5FB68D3ED077AF1EE677A11E0F0
:10D80000FB6893ED107AFB68D3ED077AB4EEE77A04
:10D81000F1EE10FA03DDFB68D3ED077A02E0FB6856
:10D82000D3ED107AFB68C3ED107AFB681A68FB68C9
:10D830009A6600BF1037BD4680BD000080B582B03B
:10D8400000AF786039607B68012B07D13B684FF6E9
:10D85000FF72934202D10348FFF706FF00BF08376B
:10D86000BD4680BD1C10002080B500AF4FF6FF7193
:10D870000120FFF7E3FF80BD80B582B000AF786084
:10D8800087ED000A97ED000AFFF7DEFEF0EE407A22
:10D89000B7EE007AF4EEC77AF1EE10FA94BF0123E6
:10D8A0000023DBB2002B02D0D7ED007A09E097ED20
:10D8B000000A786800F00AF8034607EE903AF8EE9E
:10D8C000E77AB0EE670A0837BD4680BD80B483B002
:10D8D00000AF786087ED000AD7ED007AF5EEC07AE8
:10D8E000F1EE10FA01DD01230AE0D7ED007AF5EE42
:10D8F000407AF1EE10FA01D1002301E04FF0FF333E
:10D9000018460C37BD465DF8047B704780B584B07F
:10D9100000AFF86087ED020AC7ED010A97ED020A31
:10D92000FFF792FEB0EE407AD7ED017AF4EEC77AB7
:10D93000F1EE10FAACBF01230023DBB2002B06D0BE
:10D94000D7ED026A97ED017AC6EE877A0BE0D7ED44
:10D95000027AF5EEC07AF1EE10FA02DDF7EE007A07
:10D9600001E0FFEE007AB0EE670A1037BD4680BDD9
:10D9700080B582B000AF786087ED000A97ED000AAD
:10D98000FFF762FEF0EE407AB7EE007AF4EEC77A67
:10D99000F1EE10FA94BF01230023DBB2002B02D07A
:10D9A000D7ED007A09E097ED000A786800F00AF8F0
:10D9B000034607EE903AF8EEE77AB0EE670A0837CA
:10D9C000BD4680BD80B483B000AF786087ED000AAB
:10D9D000D7ED007AF5EEC07AF1EE10FA01DD012301
:10D9E0000AE0D7ED007AF5EE407AF1EE10FA01D1B7
:10D9F000002301E04FF0FF3318460C37BD465DF8B9
:10DA0000047B704780B52DED048B84B000AFF860C7
:10DA100087ED020AC7ED010AFB68BA689A61FB68E4
:10DA20007A68DA61FB6893ED067AFB68D3ED027AD7
:10DA300077EE677AFB68C3ED0D7AFB6893ED027AA7
:10DA4000FB68D3ED117A37EE677AFB68D3ED0F7A76
:10DA500077EE677AFB68C3ED107AFB6893ED027A84
:10DA6000FB68D3ED117A77EE677AFB68C3ED0F7A26
:10DA7000FB68D3ED0D7AB0EE670AFFF7E5FDB0EE77
:10DA8000407AFB68D3ED037AB4EEE77AF1EE10FA50
:10DA90004CBF01230023DBB2002B04D0FB684FF006
:10DAA0000002DA6271E0FB6893ED007AFB68D3ED67
:10DAB0000D7A27EE277AFB68D3ED076AFB68D3ED72
:10DAC0000F7A76EEE77A77EE277AFB68C3ED0C7A69
:10DAD000FB6893ED058AFB6893ED107AFB68D3ED44
:10DAE000006AFB6893ED076AFB68D3ED0F7A76EE68
:10DAF000677A66EEA77A77EE678AFB6893ED089AF5
:10DB0000FB68D3ED0C7AB0EE670AF868FFF7B4FE55
:10DB1000F0EE407A69EE277A38EEE77AFB68D3EDCB
:10DB2000016AFB68D3ED0C7A66EEA77A77EE677A26
:10DB300068EE277AFB68C3ED0B7AFB6893ED0B7AEE
:10DB4000FB68D3ED047AB4EEE77AF1EE10FA03DD68
:10DB5000FB681A69FB68DA62FB6893ED0B7AFB6875
:10DB6000D3ED047AF1EE677AB4EEE77AF1EE10FACB
:10DB700007D5FB68D3ED047AF1EE677AFB68C3ED55
:10DB80000B7AFB689A68FB685A641037BD46BDEC97
:10DB9000048B80BD80B52DED048B88B000AF78611B
:10DBA00087ED040AC7ED030A87ED021AC7ED011AD3
:10DBB00087ED002A97ED017AD7ED047A77EE677A40
:10DBC0007B69C3ED0D7A97ED007AD7ED037A77EE96
:10DBD000677A7B69C3ED127A7B69D3ED007AB0EE88
:10DBE000670AFFF731FDB0EE407A7B69D3ED037A27
:10DBF00067EE277AC7ED077AD7ED077AB6EE007A97
:10DC0000F4EEC77AF1EE10FA02D54FF07C53FB61C7
:10DC10007B69D3ED0D7AB0EE670AFFF715FDB0EE24
:10DC2000407A7B69D3ED037AB4EEE77AF1EE10FA2D
:10DC300011D57B69D3ED127AB0EE670AFFF704FDC8
:10DC4000B0EE407AD7ED077AF4EEC77AF1EE10FA2B
:10DC500001DD012300E00023002B04D07B694FF09D
:10DC60000002DA6274E07B6993ED007A7B69D3EDA0
:10DC70000D7A27EE277A7B69D3ED127A77EE277A31
:10DC80007B69C3ED0C7A7B69D3ED0A7A9FED337A19
:10DC9000F4EEC77AF1EE10FA02DD7B699B6A01E0CF
:10DCA0004FF07E53BB617B6993ED058A7B6993EDF1
:10DCB000007A7B69D3ED127A67EE277A97ED027AC4
:10DCC00037EE677A7B69D3ED016A7B69D3ED0C7A15
:10DCD00066EEA77A77EE678A7B6993ED089A7B698F
:10DCE000D3ED0C7AD7ED060AB0EE670A7869FFF734
:10DCF0000DFEF0EE407A69EE277A78EEE77A68EE6C
:10DD0000277A7B69C3ED0B7A7B6993ED0B7A7B698C
:10DD1000D3ED047AB4EEE77AF1EE10FA03DD7B6915
:10DD20001A697B69DA627B6993ED0B7A7B69D3EDC3
:10DD3000047AF1EE677AB4EEE77AF1EE10FA07D5DD
:10DD40007B69D3ED047AF1EE677A7B69C3ED0B7AD8
:10DD50002037BD46BDEC048B80BD00BFBD37863586
:10DD600080B52DED048B86B000AF786187ED040A95
:10DD7000C7ED030A87ED021AC7ED011A87ED002AE5
:10DD800097ED017AD7ED047A77EE677A7B69C3ED78
:10DD90000E7A97ED007AD7ED037A77EE677A7B6992
:10DDA000C3ED147A7B6993ED157A7B69D3ED0E7A16
:10DDB000DFED446A67EEA67A77EE277A7B69C3EDDA
:10DDC000157A7B6993ED007A7B69D3ED0E7A27EEA5
:10DDD000277A7B69D3ED147A37EE277A7B69D3ED06
:10DDE000026A7B69D3ED157A66EEA77A77EE277A19
:10DDF0007B69C3ED0D7A7B6993ED068A7B6993EDB0
:10DE0000007A7B69D3ED147A67EE277A97ED027A70
:10DE100037EE677A7B69D3ED026A7B69D3ED0E7AC0
:10DE200066EEA77A37EE677A7B69D3ED016A7B6984
:10DE3000D3ED0D7A66EEA77A77EE678A7B6993ED6C
:10DE4000099A7B69D3ED0D7AB0EE670A7869FFF71E
:10DE50008FFDF0EE407A69EE277A78EEE77A68EE89
:10DE6000277A7B69C3ED0C7A7B6993ED0C7A7B6929
:10DE7000D3ED057AF1EE677AB4EEE77AF1EE10FAB7
:10DE800005D57B69D3ED057AF1EE677A11E07B6900
:10DE900093ED0C7A7B69D3ED057AB4EEE77AF1EE77
:10DEA00010FA03DD7B69D3ED057A02E07B69D3EDDF
:10DEB0000C7A7B69C3ED0C7A00BF1837BD46BDEC08
:10DEC000048B80BD6F12833A80B483B000AF78605A
:10DED0007B68074A1A607B68064A5A607B68064A74
:10DEE0009A607B6818460C37BD465DF8047B704726
:10DEF0000000FA436F12833ADA0F494080B483B0CE
:10DF000000AF78607B684FF000021A607B684FF0CA
:10DF100000025A607B684FF000029A607B68002222
:10DF2000DA607B6803221A617B68124A5A617B6857
:10DF300000229A617B684FF00002DA617B684FF043
:10DF400000021A627B684FF000025A627B684FF051
:10DF500000029A627B684FF00002DA627B6800225E
:10DF600083F830207B6818460C37BD465DF8047B8B
:10DF7000704700BFB1E6000880B48BB000AF786294
:10DF800087ED080AC7ED070A87ED061AC7ED051ADF
:10DF900087ED042AC7ED032A87ED023AC7ED013A5F
:10DFA0007B6A3A6A1A607B6AFA695A607B6ABA6964
:10DFB0009A607B6A7A69DA607B6A3A691A617B6A7D
:10DFC000FA685A617B6ABA681A627B6A7A689A62EE
:10DFD0007B6A18462C37BD465DF8047B704780B4D9
:10DFE00089B000AFF86187ED060AC7ED050A87ED35
:10DFF000041AC7ED031A87ED022AC7ED012A87ED3F
:10E00000003AFB69BA691A60FB697A695A60FB6970
:10E010003A699A60FB69FA681A61FB69BA685A61E1
:10E02000FB697A689A61FB693A685A62FB6918462B
:10E030002437BD465DF8047B7047000080B485B08E
:10E0400000AF87ED010A97ED017ADFED0E6AC7EEAA
:10E05000267AC7ED037AD7ED037A9FED0B7A67EE48
:10E06000877AB1EE007A67EE877AC7ED027ABB68ED
:10E0700007EE903AB0EE670A1437BD465DF8047BB0
:10E08000704700BFABAAAA452DB23D3F90B484B003
:10E0900000AF786039603B68FB73FB7B032B06D9CC
:10E0A0007B680A4A1A607B6800225A6009E0FB7BA1
:10E0B0007968074A0C46DB00134493E8030084E8C0
:10E0C000030078681037BD4690BC7047B1E6000881
:10E0D0004833010890B585B000AFF860B960FB68BF
:10E0E000BA681A61FC683B46B9681846FFF7CEFF6C
:10E0F00004F114033A4692E8030083E80300FB6846
:10E100005B690D4A934213D1FB689B69002B09D0D0
:10E11000FB685B69002B0BD1FB689B6903F0010373
:10E12000002B05D1BB68032B02D0FB6803221A61C8
:10E1300000BF1437BD4690BDB1E6000880B582B07F
:10E1400000AF78600B46FB707B685B69002B07D1E2
:10E150007B689B6903F00103002B01D1012300E0E0
:10E160000023002B03D003217868FFF7B3FF7B68FF
:10E170009B6903F00103002B0BD07B689B695B104C
:10E180001A467B6813441B687A68526913441B68FB
:10E1900001E07B685B697A689269521011467A687F
:10E1A0000A44F97810469847F0EE407AB0EE670AD4
:10E1B0000837BD4680BD000080B582B000AF7860F2
:10E1C0000B46FB70FB78002B22D0714BB3F9323039
:10E1D00013F5C87F0CDB6E4BB3F93230B3F5C87F53
:10E1E000A8BF4FF4C8731BB21846F2F72FFC02E029
:10E1F0004FF0000067494FF00002674BF2F7BAFD9D
:10E2000002460B4610461946F2F724FF034611E07A
:10E210005F4BB3F928301846F2F718FC5AA3D3E93C
:10E220000023F2F7A7FD02460B4610461946F2F707
:10E2300011FF03467A6893627B6893ED017A7B68ED
:10E24000D3ED0A7A77EE677A7B68C3ED017A534B98
:10E25000D3ED067A9FED527AF4EEC77AF1EE10FA1A
:10E260000BD57B68D3ED0A7AF5EEC07AF1EE10FAA1
:10E2700003DD7B68DA6A7B685A60484BD3ED067A27
:10E280009FED487AF4EEC77AF1EE10FA0BDD7B6869
:10E29000D3ED0A7AF5EEC07AF1EE10FA03D57B6879
:10E2A000DA6A7B685A607B685A687B68DA627B68E6
:10E2B000D3ED017A9FED3C7AF4EEC77AF1EE10FAD5
:10E2C00001D53A4B0DE07B68D3ED017A9FED387AAA
:10E2D000F4EEC77AF1EE10FA01DD364B01E07B680F
:10E2E0005B687A6853607B685B68334A93607B68DD
:10E2F000D3ED017A7B6893ED0A7A304BD3ED796ADE
:10E300002E4B93ED7F6AB0EE462AF0EE661A9FED33
:10E310002C1AF0EE470AB0EE670A2A48FFF720FDF4
:10E32000284BD3ED0C7AB0EE670AFFF787FEF0EECC
:10E33000407A7B68C3ED007A7B68D3ED007ABAEE51
:10E34000027AF4EEC77AF1EE10FA01D51E4B0DE019
:10E350007B68D3ED007AB2EE027AF4EEC77AF1EE82
:10E3600010FA01DD194B01E07B681B687A681360C5
:10E370007B681B6807EE903AB0EE670A0837BD4627
:10E3800080BD00BFAFF300800000000000C8A940BE
:10E39000F01B0020000079C000408F40F8170020DB
:10E3A000182683BFE6E3DA3B0000F4C10000F4C1A5
:10E3B0000000A4410000A4413C100020D818002017
:10E3C00000000000D4100020000010C10000104127
:10E3D00080B584B000AF78600B46FB707B6893F823
:10E3E0003030002B1FD1744BD3ED067A9FED737A3A
:10E3F000F4EEC77AF1EE10FA01D5714B0DE06E4BD9
:10E40000D3ED067A9FED6F7AF4EEC77AF1EE10FA4B
:10E4100001DD6D4B01E0684B9B697A6893607B6816
:10E42000012283F83020FB78002B22D0674BB3F910
:10E43000323013F5C87F0CDB644BB3F93230B3F5DF
:10E44000C87FA8BF4FF4C8731BB21846F2F7FEFA94
:10E4500002E04FF000005E4953A3D3E90023F2F736
:10E4600089FC02460B4610461946F2F7F3FD0346B7
:10E470001AE0564BB3F928301846F2F7E7FA4CA3E6
:10E48000D3E90023F2F776FC02460B461046194604
:10E490004FF000024F4BF2F743FB02460B4610468B
:10E4A0001946F2F7D7FD03467A6893627B68D3ED8D
:10E4B0000A7A9FED497A27EE877ADFED486AC7EE40
:10E4C000267AC7ED037A7B6893ED027AD7ED037A5B
:10E4D00077EE677A7B68C3ED027A7B68D3ED027AC8
:10E4E0009FED367AF4EEC77AF1EE10FA01D5344B8F
:10E4F0000DE07B68D3ED027A9FED327AF4EEC77AB5
:10E50000F1EE10FA01DD304B01E07B689B687A6820
:10E5100093607B6893ED027AD7ED037AF1EE677A28
:10E52000254BD3ED066A244B93ED076AB0EE462ADD
:10E53000F0EE661A9FED2A1AF0EE670AB0EE470A6F
:10E540002848FFF70DFC274BD3ED0C7AB0EE670A95
:10E55000FFF774FDF0EE407A7B68C3ED007A7B68CC
:10E56000D3ED007ABAEE027AF4EEC77AF1EE10FA41
:10E5700001D51D4B0DE07B68D3ED007AB2EE027A37
:10E58000F4EEC77AF1EE10FA01DD184B01E07B687A
:10E590001B687A6813607B681B6807EE903AB0EEE0
:10E5A000670A1037BD4680BD000000000088B340F8
:10E5B0000000000000C8A940F81700206ADE81BFF3
:10E5C0006ADE81BF5B9459BB5B9459BBF01B002092
:10E5D000000079C000001440DA0F494000003443C5
:10E5E000000000002C110020000010C100001041AC
:10E5F00080B582B000AF78600B46FB707B68D3EDCE
:10E60000017A254B93ED007A244BD3ED006A244B1D
:10E6100093ED796A224BD3ED7F5AB0EE652AF0EE86
:10E62000461AB0EE661AF0EE470AB0EE670A1D48C9
:10E63000FFF796FB1B4BD3ED0C7AB0EE670AFFF7A2
:10E64000FDFCF0EE407A7B68C3ED007A7B68D3ED89
:10E65000007ABAEE027AF4EEC77AF1EE10FA01D53A
:10E66000114B0DE07B68D3ED007AB2EE027AF4EE46
:10E67000C77AF1EE10FA01DD0C4B01E07B681B68F4
:10E680007A6813607B681B6807EE903AB0EE670A01
:10E690000837BD4680BD00BFF01D0020F41D0020DE
:10E6A000D818002084110020000010C10000104183
:10E6B00080B483B000AF78600B46FB70094BD3F891
:10E6C000E4217B685A607B684FF000021A607B6827
:10E6D0001B6807EE903AB0EE670A0C37BD465DF84E
:10E6E000047B7047D818002080B584B000AF7860F4
:10E6F0000B46FB70304B1B78012B03D17B6801224A
:10E70000DA6012E02C4B1B78042B03D17B680222C9
:10E71000DA600AE0284B1B78022B03D17B680322C6
:10E72000DA6002E07B680022DA600323FB607B682A
:10E73000DB68032B0CD0032B0DDC012B02D0022B4A
:10E7400003D008E00023FB6008E00123FB6005E044
:10E750000223FB6002E00323FB6000BF7B68DB68F1
:10E76000022B03D07B68002283F830207B681B6972
:10E77000012B0BD1FB68002B08D1104BD3F8E421FF
:10E780007B685A607B685A687B68DA627B681B69C1
:10E79000FA689A4203D0F9687868FFF79BFCFB7827
:10E7A00019467868FFF7CAFCF0EE407AB0EE670AC7
:10E7B0001037BD4680BD00BFAA1D0020D81800201C
:10E7C00080B483B000AF786087ED000A054A3B68EB
:10E7D0009360054A3B68936000BF0C37BD465DF807
:10E7E000047B70473C1000208810002080B582B068
:10E7F00000AF786039607B68012B63D13B684FF6CE
:10E80000FF7293425ED13148FFF75EFBF7EE003AAC
:10E81000B7EE003ADFED2E2A9FED2E2ADFED2E1AFD
:10E820009FED2E1ADFED2E0A9FED2E0A2E48FFF7E0
:10E83000A3FBF7EE003AB7EE003AF7EE002A9FEDA1
:10E840002B2ADFED2B1A9FED251ADFED2A0A9FED0B
:10E850002A0A2A48FFF790FBB7EE003ADFED282A94
:10E860009FED282ADFED281AB0EE001ADFED270A07
:10E870009FED270A2748FFF7B2FBB7EE003ADFED1E
:10E88000202A9FED202ADFED201AB2EE041ADFEDD8
:10E89000220A9FED220A2248FFF7A1FBB7EE003AB9
:10E8A000DFED172A9FED1F2ADFED171AB3EE061AC8
:10E8B000DFED1D0A9FED1D0A1D48FFF790FB1D4867
:10E8C000FFF71CFB00BF0837BD4680BD2C100020A1
:10E8D0006666663F00606A466F12833A0000000079
:10E8E00000008C42000034423C10002000007A46B8
:10E8F000CDCCCC3D000002430000704288100020C7
:10E90000CDCC4C3F00409C460AD7233C0000384207
:10E9100000000C42D4100020000007430000F04229
:10E920002C1100200060EA46000048420000184216
:10E9300084110020DC11002080B500AF4FF6FF717C
:10E940000120FFF753FF80BD80B483B000AF786033
:10E950007B68002BB8BF5B4218460C37BD465DF89C
:10E96000047B704780B483B000AF78607B68074A4F
:10E970001A607B68064A5A607B68064A9A607B6820
:10E9800018460C37BD465DF8047B70470000FA431B
:10E990006F12833ADA0F494080B483B000AF7860D9
:10E9A0000B46FB707B68FA781A707B6818460C3748
:10E9B000BD465DF8047B704780B483B000AF7860DB
:10E9C0000B46FB70FB78002B0AD07B681B7803F0AA
:10E9D0000103002B04D17B6801221A70022316E088
:10E9E000FB78002B12D17B681B7803F00103002B0E
:10E9F0000CD07B681B7823F00103002B14BF01238C
:10EA00000023DAB27B681A70012300E00023184665
:10EA10000C37BD465DF8047B7047000080B483B0BE
:10EA200000AF78607B684FF000021A607B684FF09F
:10EA300000025A607B6800221A727B680022DA604A
:10EA40007B6800221A827B6800229A747B684FF0F0
:10EA500000025A617B684FF000029A617B680022D5
:10EA60001A777B6800225A777B68084A1A627B68AB
:10EA70004FF000025A627B684FF000029A627B6896
:10EA800018460C37BD465DF8047B70470030C0C5A2
:10EA900080B483B000AF78607B68144A1A607B68EA
:10EAA000134A5A607B68134A9A607B680022DA60D6
:10EAB0007B6801221A747B684FF000025A617B6800
:10EAC0004FF000029A617B684FF00002DA617B68C8
:10EAD0004FF000021A627B684FF000025A627B68B6
:10EAE00018460C37BD465DF8047B70470000604156
:10EAF000000066430000484380B582B000AF7860F4
:10EB00007B6800221A707B6800225A707B680022A2
:10EB10009A707B684FF000025A607B6800221A727C
:10EB20007B6800225A727B6800229A727B680C33E1
:10EB30001846FFF7ADFF7B68002283F834207B681E
:10EB4000002283F835207B68002283F8362079681C
:10EB50004FF000024FF00003C1E90E2379684FF037
:10EB600000024FF00003C1E910237B6800229A6481
:10EB70007B680022DA647B68002283F850207B687F
:10EB8000002283F851207B6800225A6579684FF093
:10EB900000024FF00003C1E9162379684FF000022C
:10EBA0004FF00003C1E918237B684FF000029A661A
:10EBB0007B68002283F86C207B68002283F86D203C
:10EBC0007B68002283F86E207B68002283F86F2028
:10EBD0007B68002283F870207B6800225A677B687C
:10EBE00000229A677B68054ADA677B680022C3F8CF
:10EBF00080207B6818460837BD4680BD55F3000865
:10EC000080B48BB000AF786287ED080AC7ED070AC1
:10EC100087ED061AC7ED051A87ED042AC7ED032A0A
:10EC200087ED023AC7ED013A87ED004A7B6A3A6AFE
:10EC30005A607B6AFA699A607B6ABA69DA607B6AB1
:10EC40007A691A617B6A3A695A617B6AFA689A61E1
:10EC50007B6ABA68DA617B6A7A689A627B6A3A6828
:10EC6000DA627B6A483300221A605A609A60DA607E
:10EC70007B6A583300221A605A607B6A4FF07C52DC
:10EC80001A667B6A18462C37BD465DF8047B7047D0
:10EC900080B487B000AF87ED030AC7ED020A87EDA5
:10ECA000011A97ED027AD7ED037A77EE677AC7ED0E
:10ECB000057A97ED057AD7ED017AB4EEE77AF1EEB1
:10ECC00010FA06DD97ED037AD7ED017A77EE277A11
:10ECD00013E0D7ED017AF1EE677A97ED057AB4EE9D
:10ECE000E77AF1EE10FA06D597ED037AD7ED017ABF
:10ECF00077EE677A01E0D7ED027AB0EE670A1C374B
:10ED0000BD465DF8047B704780B485B000AF87EDE9
:10ED1000030AC7ED020A87ED011A97ED037AD7EDD2
:10ED2000027AB4EEE77AF1EE10FA01D5BB680BE097
:10ED300097ED037AD7ED017AB4EEE77AF1EE10FAA7
:10ED400001DD7B6800E0FB6807EE903AB0EE670AF1
:10ED50001437BD465DF8047B7047000090B583B062
:10ED600000AF78600B46FB70FB78052B18D12E4B5B
:10ED70001B68012283F850202B4B1B6801225A6725
:10ED80002A4BB3F92430B3F5167F04DD284B1B68FA
:10ED900001221A7744E0264B1B6800221A773FE0D5
:10EDA000FB78062B0DD1204B1B68022283F85020E4
:10EDB0001D4B1B6802225A671D4B1B6801221A77E4
:10EDC0002EE0FB78002B1ED1174B1B68002283F826
:10EDD0005020154B1B6800225A67154B1B680022F8
:10EDE0001A77144B1B69104A14681846F1F72EFE67
:10EDF00002460B46C4E916230B4B1968D4E91623C7
:10EE0000C1E918230CE0084B1B68002283F850204E
:10EE1000054B1B6800225A67054B1B6800221A77B6
:10EE200000BF0C37BD4690BDDC140020F01B002055
:10EE3000D8140020D817002080B586B000AFF86045
:10EE400087ED020A0B46FB80FB689B7C002B06D0FB
:10EE5000FB681B8AFA889A4201D9012300E000234B
:10EE6000FB75FB68FA881A82FB6801229A74D7ED59
:10EE7000027AB2EE047AF4EEC77AF1EE10FA4AD4CE
:10EE8000D7ED027A9FED277AF4EEC77AF1EE10FA09
:10EE900041DCFB68BA689A62FB7D002B3DD0FB68C1
:10EEA0001B7F012B39D1D7ED027AB3EE077AF4EE4E
:10EEB000C77AF1EE10FA0AD5FB68D3ED097A9FED17
:10EEC0001A7A77EEC77AFB68C3ED097A12E0D7EDBC
:10EED000027A9FED167AF4EEC77AF1EE10FA09DDA8
:10EEE000FB68D3ED097A9FED107A77EE877AFB689D
:10EEF000C3ED097AFB68D3ED097A9FED0D1ADFEDBA
:10EF00000D0AB0EE670AFFF7FFFEF0EE407AFB68ED
:10EF1000C3ED097A02E000BF00E000BF1837BD462C
:10EF200080BD00BF00002042000048420000C441F4
:10EF30000000FA430000FAC390B58DB000AF7860CE
:10EF40000B46FB70AA48FEF783FA0346002B0CBF62
:10EF500001230023DBB2002B0ED0A64B1B681A7ACC
:10EF6000A44B1B6842F00102D2B21A72A24B1B885A
:10EF700001339AB2A04B1A80A048FEF769FA034603
:10EF8000002B0CBF01230023DBB2002B0ED0994BCA
:10EF90001B681A7A974B1B6842F00202D2B21A72AF
:10EFA000974B1B8801339AB2954B1A80914B1B6883
:10EFB0001B7A03F00303032B40F013818D4B1B6876
:10EFC0001B7F002B32D08B4B1B6893ED087A894B4B
:10EFD0001B68D3ED097A77EE277A9FED8A7AF4EEF3
:10EFE000C77AF1EE10FA02D5DFED867A20E0814B88
:10EFF0001B6893ED087A7F4B1B68D3ED097A77EE97
:10F00000277A9FED817AF4EEC77AF1EE10FA02DDED
:10F01000DFED7D7A0CE0774B1B6893ED087A754B3A
:10F020001B68D3ED097A77EE277A01E0DFED777A76
:10F03000C7ED0A7AF5F77CFC78620023FB626D4B22
:10F040001B68DB68002B0AD06A4B1B68DB687A6A96
:10F05000D31AFB62FB6A142B01D91423FB62654BA4
:10F060001B687A6ADA60634B1B6893ED087A614B20
:10F070001B68D3ED097A77EE277AF0EEE77AC7EDD1
:10F08000087AD7ED087ADFED626A87EEA67AFB6A26
:10F0900007EE903AF8EE677A67EE277AC7ED077ABF
:10F0A000D7ED087ADFED5B6A87EEA67AFB6A07EE9A
:10F0B000903AF8EE677A67EE277AC7ED067AD7EDD1
:10F0C0000A7AB0EEE77A4B4B1B68D3ED007AF0EE8C
:10F0D000E77AB4EEE77AF1EE10FA01DDFB6900E0C1
:10F0E000BB697B61D7ED0A7AF1EE677AC7ED047AE6
:10F0F000D7ED047AB0EEE77A3E4B1B68D3ED017A88
:10F10000F0EEE77AB4EEE77AF1EE10FA01DDFB6992
:10F1100000E0BB69FB60374B1B68D3ED007A354BD1
:10F120001C6897ED051AD7ED0A0AB0EE670AFFF7DB
:10F13000AFFDF0EE407AC4ED007A2E4B1B68D3EDA4
:10F14000017A2C4B1C6897ED031AD7ED040AB0EE38
:10F15000670AFFF79DFDF0EE407AC4ED017A254B7A
:10F160001B681B7F002B05D0012240212A48F4F7A1
:10F170004BFE04E0002240212748F4F745FE1D4BDA
:10F180001B68D3ED007A1A4BB3F90A3007EE103A38
:10F19000B8EEC77AF0EE470AB0EE670A1F48FEF7EE
:10F1A0007DFA144B1B681D4A126C5A61114B1B6887
:10F1B000D3ED017A114BB3F90A3007EE103AB8EEED
:10F1C000C77AF0EE470AB0EE670A1548FEF766FA0E
:10F1D000084B1B68124A126C9A61064B1B6800228E
:10F1E0001A72044B1B68143318463437BD4690BD61
:10F1F00098170020D8140020E0140020B817002031
:10F20000E21400200030C0C500F0B9C500000000C5
:10F21000000016440000FA4300040240901200204F
:10F220002012002090B484B000AF786039603B6851
:10F23000FB73FB7B032B06D97B680A4A1A607B6849
:10F2400000225A6009E0FB7B7968074A0C46DB0024
:10F25000134493E8030084E8030078681037BD4640
:10F2600090BC704755F300086833010890B585B02D
:10F2700000AFF860B960FB68BA689A67FC683B4603
:10F28000B9681846FFF7CEFF04F17C033A4692E8CE
:10F29000030083E80300FB68DB6F0E4A934215D13D
:10F2A000FB68D3F88030002B0AD0FB68DB6F002BA3
:10F2B0000CD1FB68D3F8803003F00103002B05D19B
:10F2C000BB68002B02D0FB6800229A6700BF14378E
:10F2D000BD4690BD55F3000880B582B000AF7860A0
:10F2E0007B68DB6F002B08D17B68D3F8803003F09C
:10F2F0000103002B01D1012300E00023002B03D0E8
:10F3000000217868FFF7B2FF7B68D3F8803003F004
:10F310000103002B0CD07B68D3F880305B101A46B9
:10F320007B6813441B687A68D26F13441B6801E042
:10F330007B68DB6F7A68D2F88020521011467A68B9
:10F340000A4410469847F0EE407AB0EE670A083754
:10F35000BD4680BD80B483B000AF78607B684FF05D
:10F3600000029A667B689B6E07EE903AB0EE670AE1
:10F370000C37BD465DF8047B7047000080B582B055
:10F3800000AF78607B68D3E9182310461946F1F77F
:10F3900061FE0246154B1B6907EE903AF8EEE77ADC
:10F3A000F0EE670A00EE102A1148FEF777F9104BCD
:10F3B000D3ED107A0D4BB3F90A3007EE103AB8EEE0
:10F3C000C77AF0EE470AB0EE670A0A48FEF766F918
:10F3D000084B1A6C7B689A667B689B6E07EE903AC6
:10F3E000B0EE670A0837BD4680BD00BFD8170020C1
:10F3F000701300200013002080B582B000AF786049
:10F400007B68D3E9162310461946F1F723FE02461E
:10F41000154B1B6907EE903AF8EEE77AF0EE670AB3
:10F4200000EE102A1148FEF739F9104BD3ED107A8F
:10F430000D4BB3F90A3007EE103AB8EEC77AF0EE8A
:10F44000470AB0EE670A0A48FEF728F9084B1A6C1B
:10F450007B689A667B689B6E07EE903AB0EE670A0F
:10F460000837BD4680BD00BFD817002050140020CB
:10F47000E013002080B582B000AF78607B6893F81D
:10F480003630002B2AD07B68D3E90E23104619466C
:10F49000F1F7E0FD02462B4B1B6907EE903AF8EEC0
:10F4A000E77AF0EE670A00EE102A2748FEF7F6F832
:10F4B000254BD3ED107A234BB3F90A3007EE103AFF
:10F4C000B8EEC77AF0EE470AB0EE670A1F48FEF7BB
:10F4D000E5F81E4B1A6C7B689A6629E07B68D3E9D5
:10F4E0000E2310461946F1F7B5FD0246154B1B6970
:10F4F00007EE903AF8EEE77AF0EE670A00EE102A8F
:10F500001348FEF7CBF8124BD3ED107A0D4BB3F93D
:10F510000A3007EE103AB8EEC77AF0EE470AB0EEBE
:10F52000670A0C48FEF7BAF80A4B1A6C7B689A66B1
:10F530007B689B6E07EE903AB0EE670A0837BD46CF
:10F5400080BD00BFD817002050140020E013002019
:10F5500070130020001300202DE9F04389B000AFA4
:10F5600078600B46FB701346BB707B6893F83530B0
:10F57000012B40F0AB807B68D3E90E89A34B1B695C
:10F580001846F1F763FA02460B4640464946F1F742
:10F590000FF902460B46C7E904237B68D3E9100143
:10F5A0004FF000024FF00003F1F74AFD0346002B35
:10F5B0000AD04FF000024FF00003D7E90401F1F741
:10F5C0002BFD0346002B16D17B68D3E910014FF0C9
:10F5D00000024FF00003F1F715FD0346002B0CD09D
:10F5E0004FF000024FF00003D7E90401F1F71EFDD0
:10F5F0000346002B01D0012300E00023FB733C698C
:10F600007B6923F0004501231E464FF00002804B2A
:10F6100020462946F1F700FD0346002B01D10023C7
:10F620001E46F3B2BB73F5F783F902467B689B6C09
:10F63000D31A40F2F31293428CBF01230023DBB2B2
:10F640007B737B685B6F002B04D0724B1B681B7F46
:10F65000012B01D0012300E000233B73FB7B002B37
:10F6600008D1BB7B002B05D17B7B002B02D13B7BE0
:10F67000002B0CD0654B1B691846F1F7E7F90246E1
:10F680000B4643EC102B786800F095FB1EE0796880
:10F69000D7E90423C1E910237B68D3E90E237968F5
:10F6A000C1E918237B68D3E90E237968C1E91623E1
:10F6B0007B689B6F032B03D003217868FFF7D6FD8F
:10F6C0007868FFF709FEF0EE407A0CE3FB78052B33
:10F6D00040F04781504B1B681B78002B14BF01235F
:10F6E0000023DBB219464D48FFF766F90346022BAB
:10F6F0001CD04B4B1B78DBB2022B0CBF0123002329
:10F70000DBB219464748FFF757F90346022B0FD1E2
:10F71000454B5B889BB2002B0AD03E4B1B681B7F7E
:10F72000012B05D17B685B7A002B01D1012300E01E
:10F730000023002B7ED0354B1B69374A14681846CE
:10F74000F1F784F902460B46C4E918232F4B1A69D6
:10F75000364B83FB0213D913D317C91A0B469B00F0
:10F760000B449B03D11A0846FFF7EEF8034642F21A
:10F770000F729342D4BF01230023DBB2002B05D0CC
:10F78000254B1B68002283F86C2004E0224B1B6889
:10F79000012283F86C20204B1B6893F86D30002BFE
:10F7A00040F072821C4B1B6893F86E30002B40F0C7
:10F7B0006B82194B1B68D3E91801174B1C684FF07B
:10F7C00000021B4BF0F7F6FF02460B46C4E9182374
:10F7D000114B1B689A6901329A610F4B1B6800221A
:10F7E00083F834200C4B1B680B4A1168D3E91823AB
:10F7F000C1E91623084B1B68002283F86D20064BD5
:10F800001B68002283F86E203EE200BFD81700205C
:10F8100000407F40D8140020DC140020C0140020D9
:10F820000C090020D4140020D40800206766666606
:10F830000000F440924B1B685B78002B09D1914B80
:10F840005B889BB2002B13D08F4B1B78DBB2022B53
:10F850000ED18E4B1B681B7F012B09D17B685B7A15
:10F86000002B05D18A4B1B78012B01D0012300E02E
:10F870000023002B53D0824B1B68012283F83420D5
:10F880007F4B1B68D3E916017D4B1C687AA3D3E933
:10F890000023F0F78FFF02460B46C4E916237D4B89
:10F8A0001A69774B1B6807EE902AF8EEE77AC3EDEA
:10F8B0000B7A734B1B6893ED0C7A714B1B68D3ED7D
:10F8C0000B6A6F4B1B68D3ED0A7A76EEE77A6C4BC6
:10F8D0001B6877EE277AC3ED0C7A694B1B6893EDB2
:10F8E0000C7ADFED6D6AC7EE267A654B1B68FDEE7C
:10F8F000E77A17EE902A9A61664B1A69604B1B688B
:10F9000007EE902AF8EEE77AC3ED0A7A5C4B1B68A3
:10F910005B4A1168D3E91623C1E91823B4E1584BB7
:10F920001B6893F83430002B0AD05A4B1B69544A99
:10F9300014681846F1F78AF802460B46C4E9182302
:10F940004F4B1B68002283F83420524B1B694C4AF2
:10F9500014681846F1F77AF802460B46C4E91623F4
:10F9600092E1FB78062B40F08F814C4B1A884C4B70
:10F970001B88D31A9AB24B4B1A80434B1B78DBB2CD
:10F98000022B0CBF01230023DBB219464648FFF7C8
:10F9900013F80346022B04D13A4B5B889BB2002B31
:10F9A0000ED1424B93F88830002B14BF0123002363
:10F9B000DBB219463E48FEF7FFFF0346022B0CD18F
:10F9C000384B1B881E2B06D820213848FAF7FDFF3C
:10F9D0000346002B01D0012300E00023002B2BD095
:10F9E0002C4B1B69264A14681846F1F72FF802467B
:10F9F0000B46C4E91823224B1B68D3E91801204B9E
:10FA00001C684FF000022B4BF0F7D4FE02460B4669
:10FA1000C4E918231A4B1B68194A1168D3E9182343
:10FA2000C1E91623164B1B68002283F83420144BBF
:10FA30001B6800225A6527E11C4B93F88830002B85
:10FA400004D00F4B1B685B6D962B0EDC0D4B5B8857
:10FA50009BB2002B30D00C4B1B78DBB2022B2BD18E
:10FA60000A4B1B681B7F002B26D0094B1B78002BF1
:10FA700022D1012321E000BF56FA24A799797E40C4
:10FA8000DC140020D40800200C090020D814002029
:10FA9000FA1D0020D81700200000A047C41D002038
:10FAA000C61D0020B81D0020D4140020F01B00202B
:10FAB000CC1400200000F4400023002B00F0C38091
:10FAC000974B1B68012283F83420964B1B88132B1D
:10FAD00015D8954B1B69924A14681846F0F7B6FF83
:10FAE00002460B46C4E918238D4B1968D4E9182344
:10FAF000C1E916238A4B1B6800229A70C4E0894B27
:10FB00001B88132B17D9874B1B883B2B13D8844B8F
:10FB10001B68D3E91601824B1C6877A3D3E9002345
:10FB2000F0F748FE02460B46C4E916237C4B1B68DF
:10FB300001229A70A8E07B4B1B883B2B17D9794B8D
:10FB40001B88772B13D8764B1B68D3E91601744BAF
:10FB50001C686BA3D3E90023F0F72CFE02460B468A
:10FB6000C4E916236E4B1B6801229A708CE06D4B22
:10FB70001B88772B17D96B4B1B88952B13D8684B99
:10FB80001B68D3E91601664B1C685FA3D3E9002309
:10FB9000F0F710FE02460B46C4E91623604B1B68C3
:10FBA00001229A7070E05F4B1B88952B17D95D4B33
:10FBB0001B88BD2B13D85A4B1B68D3E91601584B31
:10FBC0001C6853A3D3E90023F0F7F4FD02460B466B
:10FBD000C4E91623524B1B6801229A7054E0514B22
:10FBE0001B88BD2B17D94F4B1B88DB2B13D84C4BD5
:10FBF0001B68D3E916014A4B1C6847A3D3E90023CD
:10FC0000F0F7D8FD02460B46C4E91623444B1B68A7
:10FC100001229A7038E0434B1B88DB2B34D9404BD0
:10FC20001B68D3E916013E4B1C683BA3D3E90023B4
:10FC3000F0F7C0FD02460B46C4E91623384B1B689B
:10FC400001229A7020E0364B1B6893F83430002B69
:10FC50000AD0354B1B69324A14681846F0F7F6FE95
:10FC600002460B46C4E918232D4B1B68002283F87B
:10FC700034202D4B1B692A4A14681846F0F7E6FE1B
:10FC800002460B46C4E916230023FB617B685B6FC9
:10FC9000012B02D0022B0AD013E07B6893F834309A
:10FCA000002B01D0022300E00123FB610CE07B6804
:10FCB00093F83430002B01D0022300E00123FB61D4
:10FCC00002E00023FB6100BF7B689B6FFA699A42E8
:10FCD00003D0F9697868FFF7C9FA7868FFF7FCFA8A
:10FCE000F0EE407A00BFB0EE670A2437BD46BDE8AB
:10FCF000F08300BFAFF300809DD09E6055657940D2
:10FD00009DD09E6055658940761C7708000C934015
:10FD1000C0BB5B3D33DB96407AE5E18377EF9B40E8
:10FD2000DC140020B81D0020D817002080B586B054
:10FD300000AF786187ED020B87ED001B0B46FB746B
:10FD40007B69012283F835207B69FA7C83F83620B1
:10FD5000D7E90023D7E90201F0F72CFD02460B4654
:10FD60007969C1E90E237B69D3E90E01D7E9022342
:10FD7000F0F71EFD02460B467969C1E91023F4F73E
:10FD8000D7FD02467B699A647B69D3E90E237969C2
:10FD9000C1E918237B69D3E90E237969C1E91623E8
:10FDA0007B69002283F834207B6901225A7200BFEC
:10FDB0001837BD4680BD80B485B000AFF86087EDD0
:10FDC000000BFB68002283F83520FB68002283F8D3
:10FDD0003620F968D7E90023C1E90E23F9684FF00E
:10FDE00000024FF00003C1E91023FB6800229A646F
:10FDF000F968D7E90023C1E91823F968D7E9002396
:10FE0000C1E91623FB68002283F83420FB684FF019
:10FE100000025A60FB6800225A7200BF1437BD46C8
:10FE20005DF8047B7047000080B483B000AF786059
:10FE3000254B1B6893F85030012B05D0224B1B68D3
:10FE400093F85030022B1DD1204BB3F9223013F51B
:10FE5000167F05DA1C4B1B68012283F8512016E03F
:10FE60001A4BB3F92230B3F5167F05DD164B1B682C
:10FE7000022283F851200AE0134B1B68002283F80A
:10FE8000512004E0104B1B68002283F851200E4BD8
:10FE90001B6893F851200C4B1B6802F00102D2B290
:10FEA0001A70094B1B6893F851305B10DAB2064B9D
:10FEB0001B6802F00102D2B25A7000BF0C37BD4677
:10FEC0005DF8047B704700BFDC140020F01B0020AD
:10FED00090B585B000AF7860F4F72AFDF860804BEC
:10FEE0001B68DB6C002B07D07D4B1B68DB6CFA6852
:10FEF000D31AB3F5C87F01D3012300E00023FB72BE
:10FF0000774B1B6893F83430BB72764BD3ED107A85
:10FF10009FED757AF4EEC77AF1EE10FA09DC714BB9
:10FF2000D3ED107A9FED717AF4EEC77AF1EE10FA04
:10FF300001D5012300E000237B726D4BD3ED107AD5
:10FF40009FED697AF4EEC77AF1EE10FA09DC684B9E
:10FF5000D3ED107A9FED657AF4EEC77AF1EE10FAE0
:10FF600001D5012300E000233B725D4B1B6893F831
:10FF70003530012B0AD15A4B1B684FF000025A60F2
:10FF8000574B1B685A6D01325A659DE0544B1B68F4
:10FF900093F85030012B05D0514B1B6893F850302B
:10FFA000022B04D1534B1B681B7F012B0AD04C4BF7
:10FFB0001B684FF000025A60494B1B685A6D0132B2
:10FFC0005A6581E0BB7A002B38D17B7A002B35D083
:10FFD000434B1B68D3ED017AB7EE007A77EE877A50
:10FFE000C3ED017AD3ED017A9FED437AF4EEC77A3F
:10FFF000F1EE10FACCBF01230023DBB2002B5ED060
:020000040801F1
:10000000FB7A002B14D0364B1C683C4B1B691846FE
:10001000F0F71CFD02460B4600219FED2D1B43EC23
:10002000102B2046FFF782FE2D4B1B68FA68DA641E
:100030002B4B1B684FF000025A6040E0BB7A002B4C
:1000400038D03B7A002B35D0254B1B68D3ED017A95
:10005000B7EE007A77EE877AC3ED017AD3ED017AB5
:100060009FED257AF4EEC77AF1EE10FACCBF0123AA
:100070000023DBB2002B22D0FB7A002B14D0184BCC
:100080001C681E4B1B691846F0F7E0FC02460B4645
:1000900001219FED111B43EC102B2046FFF746FE7C
:1000A0000F4B1B68FA68DA640D4B1B684FF00002B7
:1000B0005A6004E00A4B1B684FF000025A60084B7C
:1000C0001B685A6D01325A651437BD4690BD00BF9A
:1000D000000000000000F0C0000000000000ECC0C4
:1000E000DC1400200013002000803B4600803BC64B
:1000F000E0130020D814002000004843D817002047
:1001000080B582B000AF78600B46FB701346BB70C1
:10011000BA78FB7819467868FFF71EFAF0EE407A55
:10012000B0EE670A0837BD4680BD000090B583B0C9
:1001300000AF786039607B68012B40F0B3803B688A
:100140004FF6FF72934240F0AD805848FEF70AFC2C
:100150009FED574ADFED563A9FED563ADFED542AB0
:100160009FED532ADFED531A9FED511ADFED500A30
:10017000B3EE040A5048FEF743FD9FED4D4ADFED14
:100180004C3A9FED4C3ADFED4A2A9FED492ADFEDCC
:10019000491A9FED471ADFED460AB3EE040A4748B5
:1001A000FEF72EFD9FED424ADFED413A9FED443AC6
:1001B000DFED3F2A9FED3E2ADFED411A9FED3C1A0D
:1001C000DFED3B0AB2EE0A0A3E48FEF719FD9FED4D
:1001D000384ADFED373A9FED3A3ADFED3B2A9FEDA3
:1001E000342ADFED371A9FED321ADFED310A9FED29
:1001F000370A3748FEF704FD9FED2D4ADFED2C3A14
:100200009FED2F3ADFED2A2A9FED292ADFED2C1AE8
:100210009FED271ADFED260AB2EE0A0A2D48FEF7F7
:10022000EFFC9FED234ADFED223A9FED253ADFED0B
:10023000202A9FED1F2ADFED221A9FED1D1ADFED08
:100240001C0A9FED250A2548FEF7DAFC0021244808
:10025000FEF7A2FB00212348FEF79EFB0021224867
:10026000FEF79AFB00212148FEF796FB002120486B
:10027000FEF792FB00211F48FEF78EFB2C2002F0B8
:10028000F9FA03461C462046FEF7C8FB1A4B1C60D1
:10029000882002F0EFFA03461C462046FEF72CFCAD
:1002A000164B1C6000BF0C37BD4690BD10120020DD
:1002B0000000000000803B46201200209012002029
:1002C00000007A460013002000401C46CDCCCC3EF6
:1002D00070130020E01300206666E63E50140020F4
:1002E000C0140020C4140020C8140020CC14002026
:1002F000D0140020D4140020D8140020DC140020D6
:1003000080B500AF4FF6FF710120FFF70FFF80BDF2
:1003100080B483B000AF78607B68074A1A607B685E
:10032000064A5A607B68064A9A607B6818460C3712
:10033000BD465DF8047B70470000FA436F12833AB4
:10034000DA0F494080B483B000AF78607B684FF02B
:1003500000021A607B684FF000025A607B684FF021
:1003600000029A607B684FF00002DA607B6800222E
:100370001A747B684FF000025A617B684FF00002EC
:100380009A617B684FF00002DA617B6800221A6292
:100390007B6805225A627B68174A9A627B68002252
:1003A000DA627B684FF000021A637B684FF000024C
:1003B0005A637B684FF000029A637B68002283F8DF
:1003C0003C207B68002283F83D207B68002283F874
:1003D0003E207B68002283F83F207B684FF00002BC
:1003E0001A647B684FF000025A647B6818460C3729
:1003F000BD465DF8047B7047610D010880B485B08F
:1004000000AF87ED010AC7ED000A97ED017AD7ED3D
:10041000007A77EE677AC7ED037AD7ED037A9FED1E
:10042000167AF4EEC77AF1EE10FA00DC08E0D7EDA8
:10043000037A9FED127A77EEC77AC7ED037AECE77D
:10044000D7ED037A9FED0E7AF4EEC77AF1EE10FA4B
:1004500008D5D7ED037A9FED097A77EE877AC7ED55
:10046000037AEDE7FB6807EE903AB0EE670A1437BF
:10047000BD465DF8047B7047DA0F4940DA0FC9408A
:10048000DA0F49C080B485B000AF87ED010A97ED5F
:10049000017ADFED0E6AC7EE267AC7ED037AD7ED53
:1004A000037A9FED0B7A67EE877AB1EE007A67EEFA
:1004B000877AC7ED027ABB6807EE903AB0EE670A1A
:1004C0001437BD465DF8047B704700BFABAAAA4550
:1004D0002DB23D3F80B483B000AF786087ED000A55
:1004E000084A3B689360084A3B689360074A3B6848
:1004F0009360074A3B68936000BF0C37BD465DF8C8
:10050000047B7047FC14002094150020E0150020A7
:100510002C16002090B484B000AF786039603B683E
:10052000FB73FB7B052B06D97B680A4A1A607B6844
:1005300000225A6009E0FB7B7968074A0C46DB0021
:10054000134493E8030084E8030078681037BD463D
:1005500090BC7047610D01088833010890B585B0E3
:1005600000AFF860B960FB68BA685A62FC683B4645
:10057000B9681846FFF7CEFF04F128033A4692E81F
:10058000030083E80300FB689B6A0D4A934213D182
:10059000FB68DB6A002B09D0FB689B6A002B0BD140
:1005A000FB68DB6A03F00103002B05D1BB68052B58
:1005B00002D0FB6805225A6200BF1437BD4690BDC9
:1005C000610D010880B582B000AF78600B46FB700A
:1005D0007B689B6A002B07D17B68DB6A03F0010311
:1005E000002B01D1012300E00023002B03D00521C3
:1005F0007868FFF7B3FF7B68DB6A03F00103002B29
:100600000BD07B68DB6A5B101A467B6813441B685F
:100610007A68926A13441B6801E07B689B6A7A6877
:10062000D26A521011467A680A44F97810469847FF
:10063000F0EE407AB0EE670A0837BD4680BD000094
:1006400080B485B000AF786087ED000A7B6893F8CE
:100650003F30002B0AD17B683A681A647B683A689D
:100660009A607B68012283F83F203CE07B68D3EDF1
:10067000107A97ED007A77EE677AC7ED037AD7EDB7
:10068000037A9FED1B7AF4EEC77AF1EE10FA0AD5E1
:100690007B68D3ED117A9FED177A77EE877A7B68C6
:1006A000C3ED117A12E0D7ED037A9FED137AF4EEE1
:1006B000C77AF1EE10FA09DD7B68D3ED117A9FED70
:1006C0000D7A77EEC77A7B68C3ED117A7B6893ED7C
:1006D000117AD7ED007A77EE277A7B68C3ED027A3C
:1006E0007B683A681A641437BD465DF8047B70472E
:1006F000DA0F49C0DA0FC940DA0F494080B584B03B
:1007000000AF78600B46FB70FB78002B1AD09E4B35
:10071000B3F9303013F5FA7F0DDB9B4BB3F9303072
:10072000B3F5FA7FA8BF4FF4FA731BB207EE903A05
:10073000B8EEE77A01E09FED957ADFED956AC7EEB6
:10074000267A0AE0904BB3F9263007EE903AB8EEDD
:10075000E77ADFED906AC7EE267AC7ED037A7B6809
:1007600093ED017AD7ED037A77EE677A7B68C3ED74
:10077000017A4FF480718448FAF727F90346002B79
:1007800014BF01230023DBB219468348FEF714F996
:100790000346022B0CBF01230023DBB2002B2CD01D
:1007A0007B68D3ED017A9FED7D7A77EE877A7B685F
:1007B000C3ED017A7B68D3ED017AB0EE670A786801
:1007C000FFF788FE764B1B8843F002039AB2744B06
:1007D0001A807B68012283F83C207B68002283F822
:1007E0003D2001217868FFF7B9FEFB78194678684B
:1007F00000F054FAF0EE407AC0E04FF480516248C5
:10080000FAF7E3F80346002B14BF01230023DBB201
:1008100019466448FEF7D0F80346022B0CBF0123AB
:100820000023DBB2002B00F081805F4BD3ED067A12
:10083000F0EE670A9FED5D0AFFF7E0FDF0EE407A0B
:100840007B68C3ED057A584BD3ED067AF0EE670A64
:100850009FED570AFFF7D2FDF0EE407A7B68C3EDBB
:10086000067A7B68D3ED057AB0EEE77A7B68D3ED44
:10087000067AF0EEE77AB4EEE77AF1EE10FA19D8DC
:100880007B6801221A747B684A4ADA614A4B93ED0D
:100890007A7A7B68D3ED057ADFED406A67EEA66A67
:1008A0009FED466AC6EE867A77EE277A7B68C3EDBF
:1008B000017A18E07B6800221A747B68404ADA618A
:1008C0003D4B93ED7A7A7B68D3ED067ADFED336AA0
:1008D00067EEA66A9FED396AC6EE867A77EE277ACA
:1008E0007B68C3ED017A2E4B1B8843F002039AB25A
:1008F0002B4B1A807B68002283F83C207B68012206
:1009000083F83D207B68D3ED017AB0EE670A786802
:10091000FFF7E0FD02217868FFF720FEFB7819461B
:10092000786800F023F9F0EE407A27E07B68002237
:1009300083F83C207B68D3ED017AB0EE670A7868D3
:10094000FFF7C8FD1C4BD3ED7A7A1B4B93ED807AF1
:10095000F0EE470AB0EE670A1A48FDF753F8194B54
:10096000D3ED0B7AB0EE670AFFF78CFDF0EE407A1C
:100970007B68C3ED007A7B68D3ED007AB0EE670A3E
:100980001037BD4680BD00BFF01B00200000FAC339
:100990000000964400808945F41400200000344390
:1009A000C81D0020F8140020681800202731C83F17
:1009B000CCEEC9BF2731C83FD8180020DA0F494014
:1009C000CCEEC9BFFC14002080B584B000AF7860C5
:1009D0000B46FB707B6893F83E30002B07D17B6899
:1009E0009A687B68DA607B68012283F83E20FB7896
:1009F000002B1AD0314BB3F9303013F5FA7F0DDBF1
:100A00002E4BB3F93030B3F5FA7FA8BF4FF4FA7329
:100A10001BB207EE903AB8EEE77A01E09FED287A34
:100A2000DFED286AC7EE267A0AE0244BB3F92630B8
:100A300007EE903AB8EEE77ADFED236AC7EE267A42
:100A4000C7ED037A7B6893ED037AD7ED037AF1EE75
:100A5000046A67EEA67ADFED1D6A67EEA66A9FED6F
:100A60001C6AC6EE867A77EE677A7B68C3ED037AF6
:100A70007B68DB68174A93607B68D3ED027A164B7C
:100A800093ED077AF0EE470AB0EE670A1148FCF7DB
:100A9000B9FF104BD3ED0B7AB0EE670AFFF7F2FC0B
:100AA000F0EE407A7B68C3ED007A7B681B6807EE46
:100AB000903AB0EE670A1037BD4680BDF01B0020AB
:100AC0000000FAC30000964400808945DA0F4940CF
:100AD00000003443481500206818002080B582B01B
:100AE00000AF78600B46FB707B68D3ED017AB0EE07
:100AF000670A7868FFF7EEFC7B68D3ED017A174B45
:100B000093ED007A164BD3ED006A164B93ED7A6A9B
:100B1000144BD3ED805AB0EE652AF0EE461AB0EED3
:100B2000661AF0EE470AB0EE670A0F48FDF732F892
:100B30000D4BD3ED0B7AB0EE670AFFF7A3FCF0EE96
:100B4000407A7B68C3ED007A7B681B6807EE903AB9
:100B5000B0EE670A0837BD4680BD00BFE81D002023
:100B6000EC1D0020D81800209415002080B584B01A
:100B700000AF78600B46FB707B68D3ED077A404B83
:100B800093ED067AF0EE470AB0EE670AFFF736FCFF
:100B900087ED030AD7ED037AF0EEE77A9FED397A15
:100BA000F4EEC77AF1EE10FA2ED5354BD3ED077A75
:100BB000F0EEE77A9FED337AF4EEC77AF1EE10FAB1
:100BC00022D87B68002283F83D202F4BD3F8E82100
:100BD0007B685A607B68D3ED017AB0EE670A78686B
:100BE000FFF778FC294B1B8823F002039AB2274BAE
:100BF0001A8000217868FFF7B1FC7B684FF0000293
:100C00001A607B681B6834E01F4B93ED7A7AD7ED4E
:100C1000037ADFED1F6A67EEA66A9FED1E6AC6EED5
:100C2000867A77EE277A7B68C3ED017A7B68D3ED0D
:100C3000017AB0EE670A7868FFF74CFC124BD3EDEF
:100C40007A7A114B93ED807AF0EE470AB0EE670A9C
:100C50001148FCF7D7FE104BD3ED0B7AB0EE670AC4
:100C6000FFF710FCF0EE407A7B68C3ED007A7B68FA
:100C70001B6807EE903AB0EE670A1037BD4680BD9C
:100C800068180020CDCC4C3ED8180020C81D00208C
:100C900000003443DA0F49402C16002080B582B0A2
:100CA00000AF78600B46FB707B68D3ED017AB0EE45
:100CB000670A7868FFF70EFC7B6893ED017A254B95
:100CC000D3ED7A7A77EE677AF0EEE77AB1EE047ACE
:100CD000F4EEC77AF1EE10FA1CDD1E4BD3ED7A7AF2
:100CE0001C4B93ED807AF0EE470AB0EE670A1A4883
:100CF000FCF788FE184BD3ED0B7AB0EE670AFFF7CE
:100D0000C1FBF0EE407A7B68C3ED007A7B68D3EDDF
:100D1000007A1AE0114B1B8823F002039AB20F4BA2
:100D20001A807B68002283F83C207B68002283F8CD
:100D30003D2000217868FFF711FCFB7819467868A0
:100D4000FFF7DCFCF0EE407A00BFB0EE670A083730
:100D5000BD4680BDD8180020E0150020C81D002029
:100D600080B582B000AF78600B46FB70144BD3F8AF
:100D7000E8217B685A607B68D3ED017AB0EE670AA0
:100D80007868FFF7A7FB7B68002283F83C207B682C
:100D9000002283F83D200B4B1B8823F002039AB2FC
:100DA000084B1A807B684FF000021A607B681B6852
:100DB00007EE903AB0EE670A0837BD4680BD00BF27
:100DC000D8180020C81D002080B584B000AF78601E
:100DD0000B46FB704C4BD3ED067AB0EE670A786891
:100DE000FFF72EFC494B1B78012B03D17B680122B6
:100DF0001A6212E0454B1B78042B03D17B68022258
:100E00001A620AE0414B1B78022B03D17B68032254
:100E10001A6202E07B6800221A620523FB607B688D
:100E20001B6A032B2AD0032B3ADC012B02D0022BA6
:100E300012D035E07B6893F83D30002B02D00223BE
:100E4000FB6030E07B6893F83C30002B01D001233D
:100E500000E00023FB6026E07B68002283F83C2052
:100E60007B68002283F83D20294B1B8823F0020376
:100E70009AB2274B1A800323FB6014E07B680022A0
:100E800083F83C207B68002283F83D20204B1B88A0
:100E900023F002039AB21E4B1A800423FB6002E087
:100EA0000523FB6000BF7B681B6A022B03D07B68B5
:100EB000002283F83E207B685B6A032B0FD1FB681E
:100EC000002B0CD1134BD3F8E8217B685A607B6868
:100ED000D3ED017AB0EE670A7868FFF7FBFA7B681A
:100EE0005B6AFA689A4203D0F9687868FFF736FBC4
:100EF000FB7819467868FFF765FBF0EE407AB0EEB4
:100F0000670A1037BD4680BD68180020A91D002063
:100F1000C81D0020D818002080B582B000AF7860CE
:100F200039607B68012B71D13B684FF6FF729342A9
:100F30006CD13848FFF7ECF900213748FDF72CFD5C
:100F400000213648FDF728FDF7EE003AB7EE003AEB
:100F5000DFED332A9FED332ADFED331A9FED331A8D
:100F6000F3EE0E0AB3EE040A3148FDF705F8F7EE8A
:100F7000003AB7EE003ADFED2A2A9FED2A2ADFED8C
:100F80002A1A9FED2A1ADFED2B0A9FED2B0A2B4818
:100F9000FCF7F2FFF7EE003AB7EE003ADFED202A59
:100FA0009FED202ADFED201A9FED201ADFED240AA5
:100FB000B3EE090A2348FCF7DFFFF7EE003AB7EE7D
:100FC000003ADFED172A9FED202ADFED201A9FED72
:100FD000171ADFED1F0AB2EE0E0A1E48FCF7CCFF0F
:100FE000F7EE003AB7EE003ADFED0D2A9FED162A34
:100FF000DFED161A9FED0D1ADFED150AB2EE0E0A9F
:101000001548FCF7B9FF1548FFF79CF900BF0837F2
:10101000BD4680BDE4140020F4140020F814002024
:101020006666663F0060EA460AD7233C000000007F
:10103000FC1400200000D2420000C84248150020E5
:1010400000000442941500200050C3466F12833AFA
:1010500000004842E01500202C16002078160020E1
:1010600080B500AF4FF6FF710120FFF755FF80BD3F
:1010700080B400AFBFF34F8F00BF064BDB6803F4B3
:10108000E0620449044B1343CB60BFF34F8F00BFB2
:1010900000BFFDE700ED00E00400FA0580B485B074
:1010A00000AFF860B9601346FB71FB68BA681A605C
:1010B000FB68FA7983F84820FB6818461437BD4668
:1010C0005DF8047B704780B485B000AFF860B9600C
:1010D0007A60FB68BA681A60FB687A685A60FB68D5
:1010E0004FF6FF72A3F81021FB6818461437BD466F
:1010F0005DF8047B704780B483B000AF78600B4626
:101100007B807B687A881A807B6818460C37BD46DE
:101110005DF8047B704780B584B000AF78600B4603
:101120007B807B681B887A889A4201D100230CE07F
:101130007B681B887A881946786800F00AF80346AD
:10114000FB737B687A881A80FB7B18461037BD4694
:1011500080BD80B483B000AF78600B467B801346BF
:101160003B807B88002B09D13B88012B01D10123D7
:101170001FE03B88022B1BD102231AE07B88012B46
:1011800009D13B88002B01D1032312E03B88022BBD
:101190000ED104230DE07B88022B09D13B88002B64
:1011A00001D1052305E03B88012B01D1062300E096
:1011B000002318460C37BD465DF8047B70470000DD
:1011C00080B483B000AF78607B68074A1A607B68A0
:1011D000064A5A607B68064A9A607B6818460C3754
:1011E000BD465DF8047B70470000FA436F12833AF6
:1011F000DA0F494080B487B000AF78613961FA6096
:10120000BB6087ED010A7B693A691A607B69FA68FD
:101210005A607B69BA689A607B697A6ADA607B692E
:101220003A8C1A827B693A8D5A827B694FF07E52E2
:10123000C3F81C227B694FF00002C3F820227B69AF
:101240004FF00002C3F824227B694FF00002C3F87C
:1012500028227B6997F8302083F82C227B6997F845
:10126000342083F82D227B694FF00002C3F8382226
:101270007B694FF00002C3F83C227B697A68C3F8AF
:1012800040227B69BA8DA3F846227B690022A3F82D
:101290004C227B69002283F84E227B69002283F86E
:1012A0004F227B6918461C37BD465DF8047B7047AA
:1012B00080B485B000AFF86087ED020AC7ED010A7F
:1012C00087ED001AFB68BA681A60FB687A685A6092
:1012D000FB683A689A60FB684FF000025A61FB684D
:1012E00018461437BD465DF8047B704780B485B05E
:1012F00000AFF8600B467A607B81FB687A891A80C0
:10130000FB687A685A60FB68002283F83420FB6827
:1013100000221A64FB68032283F84420FB68134A06
:101320009A64FB68124ADA64FB68124A1A65FB6821
:10133000114A5A65FB684FF000029A65FB680F4A34
:10134000DA65FB684FF000021A66FB680C4A5A66C1
:10135000FB680C4A9A66FB680B4ADA66FB6818461B
:101360001437BD465DF8047B704700BFDC0F49C0F1
:10137000DC0F49400000F0C10000F0410000FA43DA
:101380000000A040000040C10000404180B485B092
:1013900000AFF8600B467A607B81FB687A891A801F
:1013A000FB687A685A60FB6818461437BD465DF8DA
:1013B000047B704780B400AF8F4B93F82C30012B27
:1013C00008D18D4B93F82D30012B03D18B4B00228C
:1013D0001A7064E0884B93F82C30012B08D1864BAF
:1013E00093F82D30032B03D1844B05221A7056E05D
:1013F000814B93F82C30032B08D17F4B93F82D3081
:10140000012B03D17D4B02221A7048E07A4B93F8EE
:101410002C30032B08D1784B93F82D30032B03D1BC
:10142000764B03221A703AE0734B93F82C30022B60
:1014300008D1714B93F82D30032B03D16F4B04224D
:101440001A702CE06C4B93F82C30032B08D16A4BAC
:1014500093F82D30022B03D1684B05221A701EE041
:10146000654B93F82C30022B08D1634B93F82D3049
:10147000022B03D1614B06221A7010E05E4B93F8E9
:101480002C30022B08D15C4B93F82D30012B03D16B
:101490005A4B07221A7002E0584B00221A70584B20
:1014A0001B78002B1FD1554B1B78032B14D0534BAB
:1014B0001B78012B10D0514B1B78052B04D1514BBD
:1014C0005B889BB2002B07D04C4B1B78062B03D0BC
:1014D0004A4B1B78042B06D14A4B5B889BB2002BEE
:1014E00001D1012300E00023002B03D0464B012251
:1014F0001A703BE0424B1B78002B1FD03F4B1B78F0
:10150000032B14D03D4B1B78012B10D03B4B1B7889
:10151000052B04D13B4B5B889BB2002B07D0374B8C
:101520001B78062B03D0354B1B78042B06D1354B8B
:101530005B889BB2002B01D1012300E00023002B2C
:1015400003D0314B04221A7010E02E4B5B889BB203
:10155000002B14BF01230023DBB2002B03D02A4B46
:1015600002221A7002E0284B00221A70244B1B78CA
:10157000002B1AD1214B1B78032B0FD01F4B1B784C
:10158000012B0BD01D4B1B78052B07D01B4B1B7859
:10159000062B03D0194B1B78042B06D1194B5B8803
:1015A0009BB2002B01D1012300E00023002B03D0CC
:1015B000164B01221A7043E0114B1B78002B27D0E9
:1015C0000E4B1B78032B0FD00C4B1B78012B0BD031
:1015D0000A4B1B78052B07D0084B1B78062B03D032
:1015E000064B1B78042B13D1064B5B889BB2002B58
:1015F0000ED101230DE000BFF01B0020A81D00202C
:1016000080000020D4080020A91D0020AA1D002071
:101610000023002B03D00D4B04221A7010E00C4B5A
:101620005B889BB2002B14BF01230023DBB2002B8D
:1016300003D0064B02221A7002E0044B00221A70FB
:1016400000BFBD465DF8047B704700BFAA1D0020A7
:10165000D408002080B582B000AF314BDB69B3F510
:10166000AB6F59D12E4B93F839301AB22C4B93F8FB
:1016700038301B021BB213431BB29AB2294B1A809B
:10168000274B93F83B301AB2254B93F83A301B02A4
:101690001BB213431BB2FB80FB88B3F57A7F09D3DF
:1016A000FB8807EE903AB8EEE77ADFED1F6AC7EEE7
:1016B000267A04E0FB8807EE903AF8EE677A1B4B37
:1016C000C3ED007A164B93F83D301AB2144B93F8E1
:1016D0003C301B021BB213431BB29AB2144B1A804C
:1016E0000F4B93F83F301AB20D4B93F83E301B026C
:1016F0001BB213431BB29AB20E4B1A800E4B1B68DF
:101700000A4AD2ED007A0B4A12881146B0EE670AF7
:101710001846FDF791FB00E000BF0837BD4680BDCD
:1017200024170020CA1D00200000C842C01D002050
:10173000C41D0020C61D0020D814002090B583B021
:1017400002AF5A4B93F8013103F03003DBB2002BA8
:101750004DD0564B93F81631A92B75D1534B93F8B6
:101760001731532B70D1514B93F81D315BB203F0FD
:101770000F035BB263F05F035BB2DAB24B4B83F8EB
:101780001D214A4B93F819311AB2484B93F818317E
:101790001B021BB2134318B2444B93F81B311AB20D
:1017A000424B93F81A311B021BB213431CB23F4B3E
:1017B00093F81D311AB23D4B93F81C311B021BB23A
:1017C00013431BB2394A92F8282111B2374A92F8D2
:1017D0002721120212B20A4312B201920093234649
:1017E00002464FF480713248F8F73FFB2CE02F4B54
:1017F0005B7A1AB22D4B1B7A1B021BB2134318B231
:101800002A4BDB7A1AB2294B9B7A1B021BB2134379
:101810001CB2264B5B7B1AB2244B1B7B1B021BB2F8
:1018200013431BB2214A527E11B2204A127E120289
:1018300012B20A4312B201920093234602464FF4B9
:1018400088711B48F8F711FB1A4B1B78002B18D036
:10185000164B5B7E1AB2154B1B7E1B021BB2134349
:101860001AB2154B1B881BB2002101910021009177
:1018700040F213110E48F8F7F8FA0E4B00221A70D6
:1018800010E00E4B5B889BB21AB200230193002339
:101890000093002340F215110548F8F7E6FA054BCE
:1018A00001221A7000BF0437BD4690BDF01B002016
:1018B000241700203A1E0020C81D0020D408002054
:1018C00080B584B002AF5A4B1B78062B03D1594B1D
:1018D00001221A7002E0574B00221A70564B93F8FF
:1018E0008930002B05D1544BB3F92A3013F5167FFC
:1018F00006DA524B01225A80514B01221A7005E040
:101900004E4B00225A804E4B00221A70494B1B78D6
:10191000002B55D04FF400614748F9F756F80346BD
:10192000002B08D020214448F9F74FF80346002B3C
:1019300001D0012300E00023002B41D00520F3F764
:1019400003F800230193002300930023002240F2B8
:10195000FF213C48F8F789FA0A20F2F7F5FF002347
:10196000FB71FB79182B15D8374B4FF000021A602A
:1019700000230193002300930023002240F2FF1173
:101980003248F8F772FA0A20F2F7DEFFFB790133EA
:10199000FB71E6E70023019300230093002300225C
:1019A0004FF400712748F8F760FA1420F2F7CCFFE3
:1019B00001233B603B6883F3138800BFFFF758FBAC
:1019C000234B1B8803F00103002B03D0214B002283
:1019D000DA8202E01F4B0122DA821F4B1B78002BB8
:1019E00007D01E4B1B8843F001039AB21B4B1A8091
:1019F00006E01A4B1B8823F001039AB2174B1A809A
:101A0000174B1B78002B07D0144B1B8843F00403A3
:101A10009AB2124B1A8006E0104B1B8823F0040385
:101A20009AB20E4B1A8000BF0837BD4680BD00BF7A
:101A3000A81D0020BC1D0020F01B0020D4080020A1
:101A4000D41D0020D0160020B01D00202417002037
:101A5000CA1D0020F408002080000020C81D0020BE
:101A6000CC1D002080B500AF002200213D48F8F7D2
:101A70005DF90520F2F768FF012201213A48F8F7E5
:101A800055F90520F2F760FF3848F8F7D1FA3748E2
:101A9000F8F792FA0520F2F757FFF7F78DFF0520C8
:101AA000F2F752FF01213248FBF75AFA0A20F2F707
:101AB0004BFF02212F48FBF753FA0520F2F744FFB2
:101AC0002D48F9F781F903461A462C4B1A702B4B17
:101AD0001B78022B18D12A4B1B780133DAB2284B22
:101AE0001A70274B1B78022B94BF01230023DBB213
:101AF000002B09D0C820F2F727FF1F48F9F764F937
:101B000003461A461D4B1A700A20F2F71DFF1D48A6
:101B1000F3F760FD1C48F3F75DFD1C48F3F75AFD31
:101B20001B48F3F757FD1B48F3F754FD1A48FAF723
:101B3000F5FB1A48FAF7F2FB1948FAF7EFFB1948D8
:101B4000FAF7ECFB1848FAF7E9FB1848FAF7E6FB56
:101B50000520F2F7F9FE164B01221A70144B1B7880
:101B6000184680BDD016002024170020F01B00204E
:101B7000F817002068180020D818002080000020E6
:101B80003C1E002060010020100300208002002085
:101B9000C8020020A8010020641B0020481B002070
:101BA000801B00209C1B0020B81B0020D41B0020A1
:101BB0003B1E002080B487B000AF87ED030AC7ED5D
:101BC000020A87ED011A97ED037AD7ED027A77EED4
:101BD000677AC7ED057AD7ED057A9FED177AF4EEAF
:101BE000C77AF1EE10FA08DDD7ED057A9FED137A8A
:101BF00077EEC77AC7ED057A10E0D7ED057A9FED4D
:101C0000107AF4EEC77AF1EE10FA07D5D7ED057A1F
:101C10009FED0A7A77EE877AC7ED057A97ED017A1C
:101C2000D7ED057A77EE277AB0EE670A1C37BD4606
:101C30005DF8047B704700BF000034430000B443EC
:101C4000000034C380B500AF4FF4FA70F2F77CFEA9
:101C5000FAF7CAFBFFF706FF03461A46034B1A7052
:101C600008210348F3F780FD00BF80BDF91D002067
:101C7000F001002080B500AF012220211548F2F7C5
:101C8000C3F8FFF797FB144B1B68144A12781146F0
:101C90001846FDF763F8124B1B681846FEF7C4F8A8
:101CA000FFF70EFE0F4B1A680E4B1B68D3ED017A3F
:101CB000B0EE670A1046FEF70DFC0B4B1A680A4B94
:101CC0001B68D3ED017AB0EE670A1046FCF778FD89
:101CD00000BF80BD00040240D8140020A81D0020D1
:101CE000DC1400207C0000207800002080B584B047
:101CF00002AF78607B68A54A934201D1FFF71EFDD1
:101D00007B68A34A93423CD1A24B1B78002B02D1A3
:101D1000A148F8F70DF9A048F8F72DF99F4B1A786C
:101D20009F4BA3FB021359090B469B000B44DB009E
:101D3000D31ADBB2002B1ED19A4B1B78002B10D08C
:101D400002219948FBF70CF9984B1B780133DAB262
:101D5000964B1A70914B00221A70924B00221A7007
:101D600009E001219248FBF7FBF88E4B01221A7023
:101D70008A4B00221A70894B1B780133DAB2874BE9
:101D80001A707B688B4A934207D18B48FAF75AFA4C
:101D90008A4B1B681846FEF79BF87B68884A93427B
:101DA00040F09580874B1B7803F00103002B44D152
:101DB0007F4BB3F90A30012B24D1834B1B78002BC6
:101DC0000ED19FED822ADFED811A9FED801ADFEDA3
:101DD0007F0A9FED7E0A01217548FBF771F970E0DB
:101DE0007B4BD3ED007AB0EE672ADFED7A1A9FEDD8
:101DF000771ADFED760A9FED750A01216C48FBF733
:101E00005FF95EE0744B1B780133DAB2724B1A70E3
:101E1000714B1B7803F00103002B0CBF012300233F
:101E2000DBB2002B04D001216148FBF799F848E0B0
:101E300001215F48FBF79FFA43E05B4BB3F90A309F
:101E4000012B24D1654B1B78002B0ED19FED5F2A0F
:101E5000DFED5E1A9FED5D1ADFED5C0A9FED5B0A18
:101E600002215148FBF72CF92BE05D4BD3ED007AB2
:101E7000B0EE672ADFED551A9FED541ADFED530AD5
:101E80009FED520A02214848FBF71AF919E0554B19
:101E90001B780133DAB2534B1A70524B1B7803F0A4
:101EA0000103002B0CBF01230023DBB2002B04D065
:101EB00002213D48FBF754F803E002213A48FBF7C2
:101EC0005AFA404B1B780133DAB23E4B1A707B68EA
:101ED000454A934255D1384BD3F80432434A1360F4
:101EE000354BD3F80832414A5360334BD3F80C32A8
:101EF0003E4A9360304BD3F810323C4AD3603B4BA0
:101F00003B4A1A61F7F76EFD3A4B1B78002B0BD159
:101F1000394B1B780133DAB2374B1A70364B1B78CA
:101F20000A2B01D9012300E00023002B0BD0002352
:101F3000019300230093002300224FF400712F48E7
:101F4000F7F793FF1DE02C4B00221A702C4B1B68F7
:101F5000D3ED067AFDEEE77A17EE903A1AB2284BE7
:101F60001B68D3ED057AFDEEE77A17EE903A1BB2C7
:101F700000210191002100914FF400711F48F7F7F3
:101F800074FF00BF0837BD4680BD00BF6001002060
:101F900080020020CD1D0020F01B00203D1E0020EF
:101FA000CDCCCCCC3E1E002068180020F81D0020AF
:101FB000F8170020C8020020D8180020DC140020E8
:101FC000A80100203F1E0020AA1D002000000000E4
:101FD000AC1D0020CDCCCC3D401E0020A91D002012
:101FE000B01D0020411E002010030020F408002036
:101FF0003333C341A81D0020421E0020D01600200C
:10200000D814002080B582B000AF786019491A4812
:10201000F7F768FF0346002B0CBF01230023DBB258
:10202000002B22D01548FBF704F90346002B0CBF08
:1020300001230023DBB2002B0CD0114B1B68114A8B
:10204000127811461846FCF74FFBF0EE407A0E4B23
:10205000C3ED007A0D4B1B680D4A127811461846E5
:10206000FCF76AFF03460B4A136000BF0837BD4602
:1020700080BD00BFB4000020D0160020F81700205B
:1020800078000020BC1D0020AC1D0020D8140020CA
:10209000A81D0020D01D002080B584B002AF78605C
:1020A0002A492B48F7F71EFF0346002B0CBF0123DC
:1020B0000023DBB2002B44D0FFF7CCFA2548FBF716
:1020C000B8F80346002B0CBF01230023DBB2002B22
:1020D0000CD0214B1B68214A127811461846FEF796
:1020E00073FEF0EE407A1E4BC3ED007A1D48FBF7FD
:1020F000AFF90346002B0CBF01230023DBB2002BFA
:102100001FD0194B1B68194A1178144A12781846C7
:10211000FDF7F6FFF0EE407A154BC3ED007A144B55
:10212000D3ED007AFDEEE77A17EE903A1BB20193F9
:1021300000230093002300224FF400710448F7F7B6
:1021400094FE00BF0837BD4680BD00BFDC00002004
:1021500024170020681800207C000020BC1D0020EF
:10216000B01D0020D8170020DC140020A81D00207E
:10217000B41D00202DE9B04300AF4248F7F7E4FF5B
:10218000404B93F80131C3F30113DBB29BB2194604
:102190003D48FEF7C0FF0346012B0DD0394B93F8A5
:1021A0000131C3F30113DBB29BB219463748FEF786
:1021B000B2FF0346022B01D1012300E00023002BD4
:1021C0001AD03348F4F75DFB314B1B68DA68304BAB
:1021D0001B6822F07002DA602E4BD3E9002312F163
:1021E000010843F100092B4BC3E900892A4B012266
:1021F0001A702448F8F744F8224B93F80131C3F3DE
:102200000113DBB29BB219462448FEF784FF034654
:10221000032B0DD01B4B93F80131C3F30113DBB239
:102220009BB219461E48FEF776FF0346052B01D1E7
:10223000012300E00023002B20D0154B1B686FF01A
:1022400020021A60124B1B68DA68114B1B6842F0BF
:102250002002DA60192213490D48F4F7EDFA124B07
:10226000D3E90023541C43F100050F4BC3E900459B
:10227000094B00221A700348F8F702F800BFBDE8C6
:10228000B08300BFF01B00202C1E0020301E002059
:1022900078040020D81D0020CD1D0020341E002011
:1022A000381E0020F81B0020E01D00200000000068
:1022B00090B583B000AF864B1B681B6803F010031A
:1022C000102B0CBF01230023DBB2002B14BF012312
:1022D0000023DBB2002B00F0EE8000233B607C4B40
:1022E0001B681B683B607A4B1B685B683B603B6804
:1022F000774B1B681B687B60754B1B685B687B605A
:102300007348F4F7BEFA7348F7F718FC8022714956
:102310006F48F4F791FA6F4B1B78662B40F0CB8037
:102320006C4B1B7F112B40F0C6806B4B1B78062B30
:1023300004D0694B1B78052B40F0BD80674B5B8850
:102340009BB2002B14BF01230023DBB2002B00F053
:10235000B280624B5B78DBB2002B14BF01230023F9
:10236000DBB2002B40F0A7805D4B1B78DBB2012B6A
:1023700004D05B4B1B78DBB2022B01D1012300E0C0
:102380000023002B00F09780554B9B681846EEF712
:102390006FFB4BA3D3E90023EEF7C2FB02460B46CB
:1023A00010461946EEF756FE03464E4A13604C4B54
:1023B000DB681846EEF75CFB41A3D3E90023EEF798
:1023C000AFFB02460B4610461946EEF743FE0346A6
:1023D000454A1360424B5B691846EEF749FB38A348
:1023E000D3E90023EEF79CFB02460B461046194644
:1023F000EEF730FE03463D4A1360394B9B691846A1
:10240000EEF736FB2EA3D3E90023EEF789FB024655
:102410000B4610461946EEF71DFE0346344A13607C
:102420002F4B5B681846EEF723FB4FF00002314B51
:10243000EEF776FB02460B461046194622A3D3E977
:102440000023EEF797FC02460B4610461946EEF7BE
:1024500001FE0246284BD3ED777A274B93ED7A7A2B
:10246000264B1C68B0EE471AF0EE670A00EE102A01
:10247000FFF7A0FBF0EE407AC4ED017A184B1B6920
:102480001846EEF7F5FA4FF000021A4BEEF748FB4C
:1024900002460B46104619460BA3D3E90023EEF77C
:1024A00069FC02460B4616490C6810461946EEF7C1
:1024B000D1FD0346636000BF0C37BD4690BD00BF31
:1024C0006666666666A64C404AD8124DFB210940F6
:1024D000E803002054080020A81D0020D408002094
:1024E0000C090020E81D0020EC1D0020F01D00203C
:1024F000F41D002000806640D81800207C000020D9
:102500007800002080B588B006AF786039607B68BD
:10251000012B40F0C5803B684FF6FF72934240F0BC
:10252000BF806148FEF74CFE002260496048FEF71C
:10253000B5FD01225F496048FEF7B0FD5E4A4FF4E9
:1025400002715E48FEF722FF594A40F202215C48C0
:10255000FEF71CFF564A40F201215A48FEF716FFCB
:10256000554A4FF401715848FEF710FF504A1121A7
:102570005648FEF7BBFE504A12215548FEF7B6FEFC
:10258000032305930023049340F6B83303931023E9
:102590000293504B0193102300939FED4F0A4F4B32
:1025A0004F4A50495048FEF725FE9FED501ADFED87
:1025B000500AB3EE0E0A4F48FEF77AFE9FED4B1A13
:1025C000DFED4B0AB3EE0E0A4B48FEF771FE9FEDAE
:1025D000471ADFED470AB3EE040A4848FEF768FEE3
:1025E0009FED421ADFED420AB3EE040A4448FEF7BB
:1025F0005FFE9FED3E1ADFED3E0AB3EE0E0A414844
:10260000FEF756FE9FED391ADFED390AB2EE040AE5
:102610003D48FEF74DFE3D4A3D493E48FEF753FD1D
:1026200000213D48FCF7B8F900213C48FCF7B4F91B
:1026300000213B48FCF7B0F900213A48FCF7ACF91F
:1026400000213948FCF7A8F900213848FCF7A4F923
:1026500000213748FCF7A0F900213648FCF79CF927
:1026600000213548FCF798F900213448FCF794F92B
:1026700000213348FCF790F900213248FCF78CF92F
:1026800000213148FEF737FD00213048FEF733FDC9
:1026900000212F48FEF72FFD00212E48FEF72BFDCD
:1026A00000BF0837BD4680BDC0160020B400002022
:1026B000D0160020DC00002024170020781700200E
:1026C00098170020B8170020D8170020F81700200E
:1026D00068180020000802409A99D93F0000024083
:1026E000C802002008010020D8180020DA0F494055
:1026F0006F12833A481B0020641B0020801B0020BF
:102700009C1B0020B81B0020D41B0020A00300202D
:1027100078040020F01B0020FC1D0020001E00207B
:10272000041E0020081E00200C1E0020101E002089
:10273000141E0020181E00201C1E0020201E002039
:10274000241E0020281E00202C1E0020301E0020E9
:10275000341E0020381E002080B500AF4FF6FF71F8
:102760000120FFF7CFFE80BD80B483B000AF78605A
:102770007B68074A1A607B68064A5A607B68064A8B
:102780009A607B6818460C37BD465DF8047B70473D
:102790000000FA436F12833ADA0F494080B500AF68
:1027A000F2F760F8F5F7E0FBF5F74EFCF5F714FEED
:1027B000F5F7F4FCF5F728FDF5F774FEF6F74AFA9D
:1027C000F6F772FAF6F79AFAF6F7C2FAF5F7E8FEB4
:1027D000F5F7F8FFF6F744F8F6F778F8F6F7ACF8FF
:1027E000F6F70EFAF5F72CFFF5F776FFFFF72AFA62
:1027F000FFF740FAFCE780B582B000AF78607868F8
:10280000FFF700FC00BF0837BD4680BD80B582B031
:1028100000AF78607868FFF73FFC00BF0837BD461F
:1028200080BD80B582B000AF78607868FFF75EFA4F
:1028300000BF0837BD4680BD80B582B000AF78606C
:1028400039607B68012B07D13B684FF6FF729342DA
:1028500002D10348FFF788FF00BF0837BD4680BD9F
:10286000441E002080B500AF4FF6FF710120FFF736
:10287000E3FF80BD012838BF012010B50446204683
:10288000EEF7ECFD30B900F007F808B9EEF7B4FD4B
:102890008047F4E710BD0000024B1868BFF35B8F60
:1028A000704700BF541E0020F8B500BFF8BC08BC3C
:1028B0009E467047F8B500BFF8BC08BC9E467047FE
:1028C000444542555320496E6974204572726F72B7
:1028D0000A0000007075742074686520557064618A
:1028E00074652066756E6374696F6E20696E20452D
:1028F00058544920526973696E6720696E74657215
:102900007275707400000000707574207468652022
:102910005570646174652066756E6374696F6E20AE
:10292000696E20343835687A20696E746572727504
:10293000707400007075742074686520737461741D
:10294000655F7469636B2066756E6374696F6E2072
:10295000696E203530687A20696E746572727570A0
:10296000740000007075742074686520557064618F
:1029700074652066756E6374696F6E20696E2038A9
:1029800030306B487A20696E7465727275707400AD
:102990005245424F4F540D0A000000007B0A202090
:1029A0002274797065223A202248493931222C0A52
:1029B0002020226D61696E5F737461747573223AB1
:1029C000205B307825585D2C0A202022737973749F
:1029D000656D5F74696D65223A2025642C0A20209C
:1029E00022616363223A205B252E33662C20252E3C
:1029F00033662C20252E33665D2C0A202022677931
:102A000072223A205B252E33662C20252E33662C2D
:102A100020252E33665D2C0A2020226D6167223A24
:102A2000205B252E33662C20252E33662C20252E68
:102A300033665D2C0A2020227069746368223A2074
:102A4000252E32662C0A202022726F6C6C223A20CE
:102A5000252E32662C0A202022796177223A202501
:102A60002E32662C0A20202271756174223A205B76
:102A7000252E33662C20252E33662C20252E3366FA
:102A80002C20252E33665D2C0A2020226169725F7E
:102A90007072657373757265223A20252E31660A4D
:102AA0007D0A00007B0A20202274797065223A207A
:102AB0002248493831222C0A2020226D61696E5F3C
:102AC000737461747573223A2025642C0A202022C5
:102AD000696E735F737461747573223A2025642C78
:102AE0000A202022677073745F776E223A20256473
:102AF0002C0A202022677073745F746F77223A204B
:102B000025642C0A202022677972223A205B252E28
:102B100033662C20252E33662C20252E33665D2C23
:102B20000A202022616363223A205B252E33662C23
:102B300020252E33662C20252E33665D2C0A20207E
:102B4000226D6167223A205B252E33662C20252ECC
:102B500033662C20252E33665D2C0A2020226169E5
:102B6000725F7072657373757265223A20252E311B
:102B7000662C0A20202274656D706572617475720E
:102B800065223A2025642C0A202022757463223A9B
:102B900020223230253032642D253032642D25300C
:102BA000326420253032643A253032643A2530329E
:102BB000642E25303364222C0A202022706974632D
:102BC00068223A20252E32662C0A202022726F6C51
:102BD0006C223A20252E32662C0A20202279617739
:102BE000223A20252E32662C0A202022717561742B
:102BF000223A205B252E33662C20252E33662C208E
:102C0000252E33662C20252E33665D2C0A202022AB
:102C1000696E735F6C6174223A20252E37662C0A28
:102C2000202022696E735F6C6F6E223A20252E374A
:102C3000662C0A202022696E735F6D736C223A2025
:102C4000252E32662C0A20202270646F70223A20D2
:102C5000252E31662C0A20202268646F70223A20CB
:102C6000252E31662C0A202022736F6C715F706FE5
:102C700073223A2025642C0A2020226E765F706F22
:102C800073223A2025642C0A202022736F6C715F16
:102C900068656164696E67223A2025642C0A2020E9
:102CA000226E765F68656164696E67223A202564EA
:102CB0002C0A202022646966665F616765223A20DB
:102CC00025642C0A202022756E64756C6174696F0E
:102CD0006E223A20252E32662C0A20202276656C40
:102CE0005F656E75223A205B252E32662C20252EDC
:102CF00032662C20252E32665D2C0A20202261634C
:102D0000635F656E75223A205B252E32662C202586
:102D10002E32662C20252E32665D2C0A7D0A00009C
:102D20007B0A20202274797065223A202248493893
:102D300033222C0A2020226D61696E5F73746174E6
:102D40007573223A2025642C0A202022696E735F55
:102D5000737461747573223A2025752C0A20202221
:102D6000646174615F6269746D6170223A202575D7
:102D70000A00000020202C22616363223A205B2598
:102D80002E33662C20252E33662C20252E33665DAF
:102D90000A00000020202C22677972223A205B254D
:102DA0002E33662C20252E33662C20252E33665D8F
:102DB0000A00000020202C226D6167223A205B254A
:102DC0002E33662C20252E33662C20252E33665D6F
:102DD0000A00000020202C227069746368223A20C7
:102DE000252E32660A20202C22726F6C6C223A202B
:102DF000252E32660A20202C22796177223A20255E
:102E00002E32660A0000000020202C2271756174A9
:102E1000223A205B252E33662C20252E33662C206B
:102E2000252E33662C20252E33665D0A0000000017
:102E300020202C2273797374656D5F74696D65222F
:102E40003A2025750A00000020202C227574632288
:102E50003A20223230253032752D253032752D251D
:102E600030327520253032753A253032753A2530AA
:102E700032752E25303375220A00000020202C22C6
:102E80006169725F7072657373757265223A20258D
:102E90002E31660A0000000020202C2274656D701F
:102EA00065726174757265223A20252E32660A00B9
:102EB00020202C22696E636C696E6174696F6E22CA
:102EC0003A205B252E32662C20252E32662C2025BA
:102ED0002E32665D0A00000020202C2268737322C7
:102EE0003A205B252E33662C20252E33662C202598
:102EF0002E33665D0A00000020202C226873735F69
:102F0000667271223A205B252E33662C20252E33E3
:102F1000662C20252E33665D0A00000020202C221E
:102F200076656C5F656E75223A205B252E33662CC4
:102F300020252E33662C20252E33665D0A000000E6
:102F400020202C226163635F656E75223A205B2529
:102F50002E33662C20252E33662C20252E33665DDD
:102F60000A00000020202C22696E735F6C6F6E5F78
:102F70006C61745F6D736C223A205B252E37662C72
:102F800020252E37662C20252E33665D0A00000092
:102F900020202C22736F6C715F706F73223A202592
:102FA000750A20202C226E765F706F73223A2025DE
:102FB000750A20202C22736F6C715F6865616469EB
:102FC0006E67223A2025750A20202C226E765F68D3
:102FD000656164696E67223A2025750A0000000069
:102FE00020202C226F645F7370656564223A20256F
:102FF0002E33660A0000000020202C22756E6475B6
:103000006C6174696F6E223A20252E33660A0000C7
:1030100020202C22646966665F616765223A20255C
:103020002E33660A0000000020202C226E6F64659B
:103030005F6964223A2025750A00000020202C22B6
:10304000676E73735F6C6F6E5F6C61745F6D736CD2
:10305000223A205B252E37662C20252E37662C2021
:10306000252E33665D0A000020202C22676E7373C4
:103070005F76656C223A205B252E33662C20252E48
:1030800033662C20252E33665D0A00007D0A000081
:10309000DB0F49BFE4CB1640E4CB16C00000008034
:1030A000DB0F4940DB0F49C06937AC31682122335F
:1030B000B40F14336821A2333863ED3EDA0F493F71
:1030C0005E987B3FDA0FC93F00000000000000005F
:1030D00000000000000000000000000000000000F0
:1030E00000000000000000000000000000000000E0
:1030F00000000000000000000000000000000000D0
:1031000000000000000000000000000000000000BF
:1031100000000000000000000000000000000000AF
:10312000000000000000000000000000000000009F
:10313000010203040607080900000000010203045D
:1031400000061016000610160000891112239B328B
:103150002446AD573665BF74488CC19D5AAFD3BE67
:103160006CCAE5DB7EE9F7F88110080193331A2277
:10317000A5562C47B7753E64C99C408DDBBF52AE47
:10318000EDDA64CBFFF976E802218B301002991357
:103190002667AF763444BD554AADC3BC588ED19F27
:1031A0006EEBE7FA7CC8F5D983310A209112180337
:1031B000A7772E66B5543C45CBBD42ACD99E508F07
:1031C000EFFB66EAFDD874C904428D5316619F7007
:1031D0002004A9153227BB364CCEC5DF5EEDD7FCE7
:1031E0006888E1997AABF3BA85520C4397711E60F7
:1031F000A1142805B3373A26CDDE44CFDFFD56ECC7
:10320000E9986089FBBB72AA06638F7214409D51D6
:103210002225AB343006B9174EEFC7FE5CCCD5DDA6
:103220006AA9E3B8788AF19B87730E6295501C41B6
:10323000A3352A24B1163807CFFF46EEDDDC54CD86
:10324000EBB962A8F99A708B088481951AA793B696
:103250002CC2A5D33EE1B7F04008C919522BDB3A86
:10326000644EED5F766DFF7C899400859BB712A656
:10327000ADD224C3BFF136E0C1184809D33B5A2A66
:10328000E55E6C4FF77D7E6C0AA583B41886919736
:103290002EE3A7F23CC0B5D14229CB38500AD91B46
:1032A000666FEF7E744CFD5D8BB502A49996108716
:1032B000AFF326E2BDD034C1C3394A28D11A580B26
:1032C000E77F6E6EF55C7C4D0CC685D71EE597F4E6
:1032D0002880A1913AA3B3B2444ACD5B5669DF7806
:1032E000600CE91D722FFB3E8DD604C79FF516E4D6
:1032F000A9902081BBB332A2C55A4C4BD7795E68E6
:10330000E11C680DF33F7A2E0EE787F61CC495D5B5
:103310002AA1A3B03882B193466BCF7A5448DD59C5
:10332000622DEB3C700EF91F8FF706E69DD414C595
:10333000ABB122A0B9923083C77B4E6AD5585C49A5
:10334000E33D6A2CF11E780FB9E10008000000008F
:10335000D1E3000800000000F1E5000800000000D3
:10336000B1E600080000000055F30008000000006E
:103370007DF3000800000000F9F3000800000000E1
:1033800075F4000800000000FD06010800000000C0
:103390009D0C0108000000006D0B010800000000FA
:1033A000C909010800000000DD0A01080000000052
:1033B000610D010800000000232D302B20000000CB
:1033C000686C4C0065666745464700003031323313
:1033D0003435363738394142434445460000000011
:1033E000303132333435363738396162636465667B
:0433F00000000000D9
:0833F40030DDFE7F0100000046
:1033FC00F901000839960008059C0008D9C300089B
:10340C000DD40008C9D5000839D6000869D80008C1
:10341C0039E9000801030108611001085927010866
:04342C006528010806
:04343000D1010008BE
:10343400FF0000000800002000000000083101081F
:10344400E8300108C8300108000000000000000056
:103454000000000000000000000000000000000068
:103464000000000000000000000000000000000058
:103474000000000000000000000000000000000048
:103484000000000000000000000000000000000038
:1034940000000000000000000024F4001000000000
:1034A400010000007B142E3EDC1100207816002061
:0434B4000400000010
:04000005080097490F
:00000001FF
