:020000040800F2
:1000000090460020E10200084D760008956B00083C
:100010004175000805190008298E0008000000003D
:10002000000000000000000000000000B17900089E
:10003000591B000800000000BD760008097A00087E
:10004000FB020008FB020008FB020008FB0200089C
:10005000FB020008FB020008FB020008FB0200088C
:10006000FB020008FB020008FB020008411900081F
:1000700051190008FB02000861190008FB02000882
:100080007119000881190008FB020008FB02000832
:1000900009190008FB020008FB020008FB02000827
:1000A000FB020008257A0008FB020008FB0200089A
:1000B000357A0008FB020008FB020008FB0200087A
:1000C000FB020008FB020008FB020008FB0200081C
:1000D000FB0200085D8A0008A18B0008F18D000872
:1000E000FB020008FB020008FB020008757A00080A
:1000F000857A0008FB020008FB020008911900083D
:10010000FB020008FB020008457A0008FB02000819
:10011000FB02000811810008557A0008657A000882
:10012000FB020008A1190008B1190008FB02000831
:10013000FB0200080000000000000000FB020008B5
:10014000FB02000819190008FB020008FB02000866
:10015000FB020008FB020008FB0200080D8E0008ED
:10016000FB020008FB020008FB020008FB0200087B
:10017000FB020008FB020008000000000000000075
:10018000FB020008FB02000800F002F800F098F8FB
:100190000AA090E8000C82448344AAF10107DA45E2
:1001A00001D100F08DF8AFF2090EBAE80F0013F09C
:1001B000010F18BFFB1A43F0010318479014010008
:1001C000B0140100103A24BF78C878C1FAD8520799
:1001D00024BF30C830C144BF04680C6070470000C1
:1001E0000023002400250026103A28BF78C1FBD840
:1001F000520728BF30C148BF0B6070476E2900F01E
:100200004383702900F08584662911F07480652984
:1002100011F07180672911F06E80612911F06D80F5
:1002200003681B0A28BF41F08001692900F0F082B1
:10023000642900F0ED82752900F0EA826F2900F050
:100240001384782900F05184E92900F0AD83E42972
:1002500000F0AA83F52900F0A783EF2900F01084AD
:10026000F82900F050840368DB0928BF41F08001C1
:10027000632901F0B181732901F0B681E32901F00E
:10028000C181F32901F0C681002070471FB511F02C
:1002900020F89DE8030000F035FD00F017FD040094
:1002A0000020002110F056FA401C60600020002160
:1002B00010F066FAE06000F0C9F91FBD10B510BD7E
:1002C00001F0D1F91146FFF7E1FF0EF0EBFF01F06D
:1002D000BBFA03B4FFF7F2FF03BC00F0E9FC000037
:1002E0000948804709480047FEE7FEE7FEE7FEE7CA
:1002F000FEE7FEE7FEE7FEE7FEE7FEE70448054906
:10030000054A064B70470000117A00088901000871
:10031000901E00209046002090260020902600206D
:1003200053EA020C00F069802DE9F04B4FF0000613
:10033000002B1FBFB3FA83F503FA05F424FA05F680
:100340005E4012BF1643B2FA82F502FA05F4C5F117
:1003500020051EBF22FA05FC44EA0C04203556EAAB
:10036000044C4FEA144418BF641C4FF000084FF0CF
:100370000009904271EB030C39D3002919BFB1FA7F
:1003800081F701FA07F6B0FA80F700FA07F6C7F12D
:1003900020071EBF20FA07FC46EA0C062037B6FBF2
:1003A000F4FCA7EB0507103F07F01F0BCBF120066D
:1003B0002CFA06F60CFA0BFB44BFB3460026202F9E
:1003C000A4BF5E464FF0000B5BEA060C08BF4FF07F
:1003D000010B19EB0B0948EB0608ABFB027C06FB93
:1003E00002CC0BFB03CCC01B71EB0C01C1E70B462D
:1003F000024641464846BDE8F08B13B5084318BF96
:100400004FF0FF300146AFF30080BDE81C4070475D
:100410000FB41CB5084B06AA7B44694600900598AA
:1004200000F04BFA04460020694600F059FA2046D5
:100430001CBC5DF814FB0000C5040000002800DAB5
:1004400040427047032A40F2308010F0030C00F065
:10045000158011F8013BBCF1020F624498BF11F8FE
:1004600001CB00F8013B38BF11F8013BA2F10402B7
:1004700098BF00F801CB38BF00F8013B11F003032F
:1004800000F02580083AC0F0088051F8043B083A93
:1004900051F804CBA0E80810F5E7121D5CBF51F835
:1004A000043B40F8043BAFF30080D20724BF11F8AF
:1004B000013B11F801CB48BF11F8012B24BF00F814
:1004C000013B00F801CB48BF00F8012B704710B585
:1004D000203AC0F00B80B1E81850A0E81850B1E8FD
:1004E0001850A0E81850203ABFF4F5AF5FEA027C3C
:1004F00024BFB1E81850A0E8185044BF18C918C06C
:10050000BDE810405FEA827C24BF51F8043B40F80C
:10051000043B08BF7047D20728BF31F8023B48BFF1
:1005200011F8012B28BF20F8023B48BF00F8012B2F
:1005300070474FF000020429C0F0128010F0030C45
:1005400000F01B80CCF1040CBCF1020F18BF00F8C6
:10055000012BA8BF20F8022BA1EB0C0100F00DB875
:100560005FEAC17C24BF00F8012B00F8012B48BFD3
:1005700000F8012B70474FF0000200B51346944677
:100580009646203922BFA0E80C50A0E80C50B1F1EB
:100590002001BFF4F7AF090728BFA0E80C5048BFFF
:1005A0000CC05DF804EB890028BF40F8042B08BF9D
:1005B000704748BF20F8022B11F0804F18BF00F899
:1005C000012B70470000000030B44FF0013C50F8A0
:1005D000042B51F8043BCCFA52F4D51A20D1FCB9C3
:1005E00050F8042B51F8043BCCFA52F4D51A17D129
:1005F000B4B950F8042B51F8043BCCFA52F4D51A94
:100600000ED16CB950F8042B51F8043BCCFA52F4DB
:10061000D51A05D1002CDAD030BC4FF0000070475D
:1006200029BAB1FA81F111F01801D1F1200084400A
:10063000F2D1CA40CB4012F0FF0213F0FF0330BCEE
:10064000D01A7047704770477047000070B5064C6D
:100650007C44064D7D4404E0204601680844804700
:10066000241DAC42F8D170BD441101006C11010091
:1006700010B500F02BFB001D10BD00BFD90001001C
:10068000004870472000002070B5064600F01AFBB5
:10069000056806F10B0020F00704B4429CBF00205F
:1006A00070BD2B466A68BAB11068A04210D304F13D
:1006B000080188423CBF5068586007D35168101940
:1006C00041601168091B016058601460101D70BD05
:1006D00013465268002AE7D12146284600F0FEFA68
:1006E0000028DED170BD70B50446051F00F0EAFA9F
:1006F0000068002C14BF446870BD002C18BFAC42C9
:100700003CBF20466468F8D301680A18AA4218BFA3
:10071000456003D12A6805461144016028684119E3
:10072000A1421CBF6C6070BD6168696021680844AB
:10073000286070BD10B5FFF7A3FF006810BD10B5AD
:100740000446FFF79DFF046010BD70B5044685693F
:100750000068C10601D5302600E02026C00707D07A
:1007600070BDD4E9012130469047206A401C2062C8
:100770006D1EF6D570BD70B5044685690078C0075A
:1007800007D170BDD4E9012120209047206A401C88
:1007900020626D1EF6D570BD09684A0501D540B2CC
:1007A0007047C905FCD500B2704709684A0501D5F4
:1007B000C0B27047C905FCD580B2704770B50C4611
:1007C0000546012A05D02878800600D5EA6900236D
:1007D00002E0012305E05B1C934202D2E05C0028AA
:1007E000F9D1A869E618C01AA861286A18442862D5
:1007F0002846FFF7AAFF04E0D5E9012114F8010B10
:100800009047B442F8D32846FFF7B5FF70BD00000B
:100810002DE9F0410646002410687529314616A5D9
:1008200010D0FFF7B9FF002802DA404213A507E015
:1008300031688A0701D512A502E0490704D511A540
:10084000012401E0FFF7B1FF00210A2206F124078D
:1008500009E0B0FBF2FCB0FBF2F302FB1C0030300D
:1008600078541846491C0028F3D123462A463046BE
:10087000BDE8F04100F0C1BA000000002D0000000A
:100880002B0000002000000011680268006A530578
:1008900001D508700AE0D30501D5088006E01306EB
:1008A00003D5C217C1E9000200E0086001207047CB
:1008B00001694A1C02610878704700B58FB0CDE924
:1008C00001310021059105497944CDE90310114614
:1008D000684600F029F90FB000BD0000E5FFFFFFFA
:1008E0000A6802F8010B0A60704700002DE9FF5FFB
:1008F00015468A460446DFF8AC80F8440027D8E95C
:1009000000103E46CDE9001010E03AF816106A4695
:1009100002A800F083FE411C07D02178890603D588
:10092000E269391891420DD80744761C2078800678
:1009300002D5E069B84205DDAE42E6DB3AF81600C2
:100940000028E2D1A069C01BA0612046FFF7FDFE90
:10095000D8E90010CDE90010002017E03AF818108F
:100960006A4602A800F05AFEB0F1FF3F81460BD064
:1009700000250DF1080B05E0D4E901211BF8050065
:1009800090476D1C4D45F7D308F10100B0428046F9
:10099000E4DB206A384420622046FFF7ECFEBDE825
:1009A000FF9F0000020A01002DE9F0418046D21DA0
:1009B00022F007020025D2E90002F52915A614D07D
:1009C000011E72F1000106DA0023D0EB030063EB95
:1009D000020211A608E0D8F800108B0701D50FA677
:1009E00002E0490701D50EA601251146002408F1B1
:1009F000240704E000F0BCF930323A55641C50EA98
:100A00000102F7D12B46324621464046BDE8F0416F
:100A100000F0F3B9000000002D0000002B000000E2
:100A20002000000030B4002100F1240408E002F0AE
:100A30000705D208303542EA4372DB086554491C89
:100A400052EA0305F3D10468002310A2250708D554
:100A500004F020040C4304D0C46901230CA2641EDA
:100A6000C46130BC00F0C9B910B504462146106815
:100A7000FFF79BFE02462046BDE810400023D1E769
:100A8000D21D22F00701D1E90023CBE700000000CE
:100A900030000000F0B40D460188090502D5214C54
:100AA0007C4402E01F4C7C440E34002100F12406FB
:100AB00008E002F00F071209E75D42EA03721B0922
:100AC0007754491C52EA0307F3D102780023120736
:100AD00004D5702D06D009B1022311342246F0BC92
:100AE00000F08BB901231034F8E770B504460D46C9
:100AF00021461068FFF759FE024629462046BDE808
:100B000070400023C6E7D21D22F00703D3E900237B
:100B1000C0E70368126843F0200303600823C36141
:100B20000023B7E7640801002DE9F05F8946044619
:100B30004FF0000ADFF874B1FB44C0F820A0204653
:100B4000E1688847002874D0252806D0D4E901211F
:100B50009047206A401C2062F1E700265F4620464D
:100B6000E16888472028054607DB312D05D2781932
:100B700010F8200C08B10643F1E7B00701D526F0C4
:100B80000406C4F81CA00027C4F818A02A2D09D018
:100B900028460FF0B9FD38B304EB8708303DC8F89C
:100BA000185019E059F8041B204604EB87029161A4
:100BB000E1688847012F054618D1E069002820DA4E
:100BC00026F020061DE0D8F8180000EB800005EBA9
:100BD00040003038C8F818002046E16888470546CC
:100BE0000FF092FD0028EED1012F0AD02E2D08D152
:100BF0002046E16888477F1C0546022F46F0200604
:100C0000C4DBA069002803DA404246F00106A06177
:100C1000F00701D026F010066C2D0BD0682D09D0FE
:100C20004C2D39D06A2D35D0742D35D07A2D33D056
:100C300016E038E0E1682F4620468847B84205466E
:100C400009D16C2F26D04FF48060E168064320461E
:100C50008847054604E06C2F1AD04FF48070064395
:100C60000DB3A5F14100192802D8203546F40066DD
:100C70004A462946204626604E46FFF7BFFA80B115
:100C800001280BD0F61D26F0070000F1080956E7F1
:100C90004020E4E78020D8E70020D6E706F10409E9
:100CA0004DE7284652E7206ABDE8F09FF4070100AF
:100CB00001491820ABBEFEE726000200004870473D
:100CC000200000200048704728000020004870479E
:100CD00040000020704770477047704738B50446A1
:100CE0000A4600206946AFF30080002808BF38BDDF
:100CF00002460099204600F0DBFC012038BD0120AF
:100D000000F0B0BDF8B5AFF30080054600200C46FA
:100D1000102000BF0646A819A0420DD932466946E8
:100D20000020AFF30080070008BF00F09BFD009893
:100D3000A04218BF0546C419FFF7C4FF0560074667
:100D4000F01D20F007004619284600F00AF8B442CA
:100D500008BFF8BDA21B31463868BDE8F84000F076
:100D6000A7BC00210160C0E9011070471020704746
:100D700030B5B0F10A0271F100034FEA900E4EEA6D
:100D8000817EB0EB0E0061EB91014FEA101E4EEA3E
:100D9000017E10EB0E0041EB11114FEA102E4EEACE
:100DA000016E10EB0E0041EB11214FEA104E4EEA9E
:100DB000014E10EB0E0041EB1141401841F10001D2
:100DC0004FEAD00040EA41704FEAD1014FEA810476
:100DD00044EA907410EB800544EB01046D1944EB78
:100DE0000404521BA3414FF0000348BF0A3200D550
:100DF00030BD401C41F1000130BD2DE9F0470D46EA
:100E000099469246044600F124080168880604D5F4
:100E1000E06921F01001216000E00120A84201DD1D
:100E2000471B00E00027A1697A1902EB0900081AA4
:100E3000A0612078C00602D42046FFF786FC002679
:100E400008E0D4E901211AF806009047206A401C06
:100E5000761C20624E45F4DB2078C0060AD5204679
:100E6000FFF773FC06E0D4E9012130209047206AA7
:100E7000401C2062381EA7F10107F4DC07E0D4E92A
:100E8000012118F805009047206A401C2062281EA6
:100E9000A5F10105F3DC2046FFF76DFC2078000684
:100EA00002D50220BDE8F0870120FBE72DE9FF4FC6
:100EB0000C461E464FF0FF378BB0D2E90001DDF83B
:100EC00060800A908A46C1F30A5505B93D46002163
:100ED00008464FF00000BAF1000F00F4400005DAB8
:100EE00000EB80004FF4400101EA50004FEA9059B6
:100EF000B9F1010F00DDB9460A9850EA4A000ED058
:100F000044F61050A5F2FF3545432F14B8F1000FF9
:100F10001ED07542291E1EDDC9F100021CE0B8F189
:100F2000010F4FF0000001D0302103E0F24305E053
:100F30002154401CB042FBDB3046002200212154EA
:100F40000B99C1F80880C1E900200FB0BDE8F08F0F
:100F5000BD1B6D1CDEE74A4600DA694206A800F0B8
:100F600001FC06AB93E8070003AB83E8070050469B
:100F70000A990EF0D2FD8DE80700A0F500501F3849
:100F800000900398002D0ADD42F21F014A460844F2
:100F9000002303A9039068460FF03CF809E0A0F590
:100FA00000504A461F38002303A9039068460FF0FB
:100FB00046F88DE807000004000C03D04FF0FF3026
:100FC000410800E01046B8F1000F03D00022009263
:100FD00015461EE0751E05D4FFF7CAFE3032625575
:100FE0006D1EF9D5B3460122084302D000227F1CB2
:100FF00004E02078302801D100227F1E002A0997C2
:1010000084D01DE0112D07DAFFF7B2FE30326255B1
:101010006D1C50EA0102F5D1084302D00098C8B116
:101020000EE00021681E05E0235C625C63542254DC
:10103000401E491C8142F7DBAB46A81B401E0990AD
:10104000002004F80B000B98099AC0F80880C0E94A
:10105000002B7AE711264FF0000857E72DE9F04FF3
:1010600088460446D21D22F0070191B0D1E9000163
:10107000CDE90A010FF01AF902460B98C00F01D012
:101080002D2007E02068810701D52B2002E02021D8
:1010900001EAC000032A099001D0072A05DB0346B4
:1010A0004146204600F01EFB0BE12078800601D56A
:1010B000E06900E00620B8F1650F814606D0B8F17E
:1010C000660F18D0B8F1670F70D131E00020B9F188
:1010D000110F009001DB112301E009F101030AAABD
:1010E00001A90CA8FFF7E2FEDDE90C70002609F16A
:1010F0000105834647E001204B4600904FF0004732
:101100000AAA01A90CA8FFF7D1FEDDE90DB00C99E0
:101110005D46002610B909F101000D18B9EB050074
:1011200003D4C0F1FF3609F10105A5EB09002BE05E
:10113000B9F1010F01DA4FF001090020B9F1110FE7
:101140000090484601DD112300E003460AAA01A9E8
:101150000CA8FFF7ABFEDDE90C704D460026834678
:10116000207800070AD4AB4500DA5D4601A8012DBE
:1011700004DD411911F8011C302907D04F4502DA6E
:1011800017F1040F04DA012082460FE06D1EEEE72E
:10119000002F02DCED1B3E4403E0781CA84200DD7A
:1011A0007D1CB81B00F1010A4FF0004720780007B2
:1011B00003D4AA4501DB4FF0FF3A0021B7F1004FFD
:1011C0000DF143088DF8431024D002202B23002F6B
:1011D00001DA7F422D230A21021EA0F1010000DC6A
:1011E0005FB197FBF1FC97FBF1F201FB1C7C17460A
:1011F0000CF1300C08F801CDEEE7A8F10100037006
:101200002188090501D5452100E06521A0F10108EB
:1012100000F8011C09980FA9A1EB0807FF1D00B1F8
:101220000120411901EBEA70A1693844081A401EF7
:10123000A0612078C00602D42046FFF786FA0998FC
:1012400028B1D4E901219047206A401C206220780F
:10125000C00622D52046FFF778FA1EE0002E04DBF8
:10126000B34502DD01A8805D00E03020D4E9012112
:101270009047206A401C2062761CAAF101005FEAB8
:10128000000A0AD1FFF722FDC0680168405CD4E97A
:1012900001219047206A401C2062281EA5F101050B
:1012A000DCDC07E0D4E9012118F8010B9047206A43
:1012B000401C2062381EA7F10107F3DC2046FFF72F
:1012C0005AFA032011B041E62DE9F04F04460D46CD
:1012D000D21D22F0070089B0D0E900974846394670
:1012E0000EF0E4FF0246F80F01D02D2307E020683E
:1012F000810701D52B2302E0202101EAC0038DF8EC
:1013000020300BB1012000E00020032A824601D0EA
:10131000072A04DB2946204600F0E4F93FE1207863
:10132000800601D40D2500E0E569C7F30A560D2DAE
:1013300049DA00214FEA175B08464FF00000002F02
:1013400000F4400007DA00EB80004FF4400100EBAE
:10135000D07001EA60008115012901DD4FF0FF31F5
:1013600000224FEA850CBCF1180F06D31346ACF1EE
:1013700018004FF08052C24003E04FF4801323FA6C
:101380000CF30CF10C0CBCF1200F04D3ACF1200CCD
:1013900009FA0CF001E007FA0CF000294FF00048C0
:1013A00001DD18B90FE00ED140450CD319EB02094D
:1013B0005F4121B9404502D19F4329EA0209BBEBB5
:1013C000175F00D0761C2088000502D57B48784442
:1013D00002E07A487844193808AA302302F80A3023
:1013E000037C0AF10101002E0AF1020A53546A46F5
:1013F00002DC4FF0300101E04FF031014FF0010805
:101400008DF8001002D0A6F2FF3603E059EA47013A
:1014100000D06B4E002D02DC2178090704D54FF077
:1014200002082E218DF80110C44600210BE0C7F3FD
:1014300003433F01C35C491C6D1E02F808300529B7
:1014400008F1010801DA002DF1DC00210CE000EBCD
:101450001973491C1B786D1E082902F808304FEAE1
:10146000091908F1010801DA002DF0DC21688B066A
:1014700002D516E0A8F10108E04505DD02EB0803FE
:1014800013F8013C302BF5D0B8F1000F09DD02EB69
:10149000080313F8013C2E2B03D1090701D4A8F14E
:1014A0000108002D05DD3E2102F808106D1E08F12F
:1014B0000108407C002E02F8080008F1010804DA57
:1014C0002D20764202F8080002E02B2002F80800E6
:1014D0000A214FF47A70864208F101080BDB96FB73
:1014E000F0F3303302F8083096FBF0F308F101080E
:1014F00000FB136601E0642E0CDB642096FBF0F326
:10150000303302F8083096FBF0F308F1010800FBD5
:10151000136601E00A2E06DB96FBF1F0303002F88C
:10152000080008F1010896FBF1F001FB1060303073
:1015300002F80800A16908F1010808EB050202EBB6
:101540000A00081AA0612078C00602D42046FFF7DE
:10155000FCF8216A08AE01EB0A00206204E0D4E93D
:10156000012116F8010B9047BAF1010AF7D2207851
:10157000C00602D52046FFF7E8F86E4609E016F8E7
:10158000010B3E280FD0D4E901219047206A401C6E
:101590002062B8F10108F2D22046FFF7ECF809B05A
:1015A0000320BDE8F08F206A2844206203E0D4E9DC
:1015B0000121302090476D1EEBD3F8E782FF000039
:1015C00002FCFFFF10B5436913B1AFF3008001E0E7
:1015D000FFF7F4F8012010BD127800F124010A7021
:1015E00000224A700122EDE711684FF0FF32E9E76F
:1015F00010B5436913B1AFF3008001E0FFF776F94E
:10160000012010BD128800F1240182840022C284CE
:101610000122EDE711684FF0FF32E9E72DE9F041D3
:1016200016460C460546FFF723F8036893F80101B8
:10163000012807D0FF2C12D8185D80B101202C7032
:10164000BDE8F081D3F807013246214603F20713C3
:10165000C7182846BC46BDE8F041002360474FF05C
:10166000FF30EDE770477546FFF728FBAE460500F3
:101670006946534620F00700854618B020B5FEF7AE
:101680003DFEBDE820404FF000064FF000074FF050
:1016900000084FF0000BAC46ACE8C009ACE8C0094C
:1016A000ACE8C009ACE8C00921F007018D467047DD
:1016B000034640688C46002818BF88423CBF03465A
:1016C0004068F8D318681844884207D00CF103002A
:1016D00020F00700001D411A521A0146081D0A6039
:1016E000FFF701B82DE9F0411F46044603260168C3
:1016F000072A01F4006004DB08B116A505E016A571
:1017000003E008B115A500E015A521F01000206048
:10171000A069C01EA0610FB1401EA0612046FFF766
:1017200014F84FB1D4E9012138469047206A401C93
:101730002062C01C206206E0206AFAE7D4E9012199
:1017400015F8010B9047761EF8D22046FFF713F8E4
:10175000BDE8F0814E414E006E616E00494E46007C
:10176000696E66002DE9F047814616468AB0354815
:1017700078440DC88DE80D0032487844801C03ACD5
:101780000DC884E80D0041F69B300844372190FBDA
:10179000F1F290FBF1F5A5F1800501FB12041B3C71
:1017A00002D56442012000E00020DFF898A08046C6
:1017B0000027FA44AAF1BE0A0EE0E0070AD032463A
:1017C000684607EB470101230AEB81010EF037FC65
:1017D0008DE8070064107F1C002CEED1194F7F4468
:1017E000AE3F19E0E80715D007EB04100DF1180A19
:1017F00090E80E008AE80E00C068F04201D1981906
:1018000008903246012306A903A80EF018FC03AB8A
:1018100083E807006D10641C002DE3D14FF0010335
:1018200032466946B8F1000F03A802D00EF0F2FB71
:1018300001E00EF004FCC9E90001C9F808200AB073
:10184000BDE8F08770FC000010B50446AFF30080DF
:101850002046BDE81040FEF73CBD002801D0FFF750
:1018600027BA704710B500F01DF8BDE81040FFF72B
:10187000F4BF70B505460C460A2000E06D1C00F070
:1018800039F835B128780028F8D102E0641C00F05E
:1018900031F814B120780028F8D1BDE870400A2052
:1018A00000F028B810B5012805D0002103A0FFF7EB
:1018B000E0FF012010BD09A1F8E70000534947529D
:1018C000544D454D3A204F7574206F662068656110
:1018D00070206D656D6F7279000000003A204865D8
:1018E0006170206D656D6F727920636F72727570B3
:1018F0007465640008B569468DF800000320ABBE2E
:1019000008BD0000FFE7FEE780B540F61070C2F2A8
:10191000000000F05DFC80BD80B540F63870C2F27A
:10192000000000F055FC80BD84B003900399086866
:101930004968019100909DED000B04B070470000D4
:1019400080B540F66070C2F2000001F095F980BDEC
:1019500080B541F24010C2F2000001F08DF980BD67
:1019600080B541F2A010C2F2000001F085F980BDFF
:1019700080B541F28000C2F2000001F07DF980BD27
:1019800080B541F2E000C2F2000001F075F980BDBF
:1019900080B540F6C070C2F2000001F06DF980BD64
:1019A00080B541F20020C2F2000001F065F980BD6F
:1019B00080B541F22000C2F2000001F05DF980BD67
:1019C00082B001900198007810384AF6AB21CAF62F
:1019D000AA21A0FB011000090090009941F21440D7
:1019E000C0F60100405C0199C8650098042807D33F
:1019F000FFE701990868042262F30900886506E0A0
:101A00000199086840F2FF3290438865FFE701982A
:101A1000806D02B07047000086B0059000208DF800
:101A200013000598806A03900598806910BBFFE752
:101A30000398029003281BD80299DFE801F0020DF9
:101A40000218059890F82F00C00720B1FFE7012089
:101A50008DF81300FFE70CE00598C06AB0F1C07F75
:101A600004D1FFE701208DF81300FFE701E000E05B
:101A7000FFE745E005988069B0F5005F25D1FFE7F5
:101A80000398019003281ED80199DFE801F00206AF
:101A9000021101208DF8130016E0059890F82F0030
:101AA000C00720B1FFE701208DF81300FFE70BE02E
:101AB0000598C06AB0F1C07F04D1FFE701208DF81E
:101AC0001300FFE700E0FFE719E003980090032808
:101AD00004D3FFE70098032804D00EE001208DF81E
:101AE00013000BE0059890F82F00C00720B1FFE726
:101AF00001208DF81300FFE700E0FFE7FFE7FFE7B5
:101B00009DF8130006B0704784B0039002910192D3
:101B1000009303980168086820F48020086000980A
:101B200003990968486003988068402809D1FFE755
:101B30000198039909688860029803990968C86048
:101B400008E0029803990968886001980399096878
:101B5000C860FFE704B070477047000072B6FFE747
:101B6000FEE7000080B584B00390039800786628F3
:101B700040D1FFE70398007F11283BD1FFE703988E
:101B8000407840F6A832C2F20002029202F8040B3A
:101B9000039840F23021C2F20001019191ED7A0ADE
:101BA000022108F09DF80299039801F1080206212C
:101BB00008F064F80299039801F10C020A2108F078
:101BC0005DF8019A0299039892ED790A01F11002E9
:101BD0000E2108F085F80299039801F114021221F0
:101BE00008F04CF80299039801F11802162108F048
:101BF00045F8FFE704B080BD84B0029001910298DF
:101C000090F820008DF803009DF80300012805D00E
:101C1000FFE79DF8030002280AD1FFE7019A029826
:101C2000016848691043486100208DF80F0008E002
:101C30000299486A40F48020486201208DF80F0024
:101C4000FFE79DF80F0004B07047000088B00690D1
:101C5000059104920393069890F820008DF80700F0
:101C600006980068806800900598806808B9FFE7CA
:101C700000E0FFE79DF80700012806D0FFE79DF888
:101C80000700022840F08080FFE79DF8030040072E
:101C900000280CD4FFE79DF803000007002806D4B5
:101CA000FFE79DF80300C006002864D5FFE7009811
:101CB000C0F30160029002990120884003990860F6
:101CC0000598806868B9FFE705980168C06840EA30
:101CD000415006990968029A01EB0211C1F880018E
:101CE0000EE005994A688868C96840EAC20008435E
:101CF00006990968029A01EB0211C1F88001FFE719
:101D00000598006906990968029A01EB0211C1F869
:101D100084010598007D01280CD1FFE70698006832
:101D2000029900EB0111D1F8840140F48070C1F8F0
:101D30008401FFE70498406806990968029A01EB5C
:101D40000211C1F88C010498006806990968029A8A
:101D500001EB0211C1F8880106980068029900EBB6
:101D60000111D1F8800140F00100C1F8800100208C
:101D70008DF81F0011E00699486A40F4001048628F
:101D800001208DF81F0008E00699486A40F4802081
:101D9000486201208DF81F00FFE79DF81F0008B082
:101DA0007047000086B004900391049890F82000DA
:101DB0008DF803009DF80300012806D0FFE79DF889
:101DC0000300022840F0B080FFE746F20040C4F272
:101DD000000001900199D1F8000240F00100C1F823
:101DE00000020199D1F8000220F47C50C1F80002F1
:101DF0000398426A0199D1F8000240EA0220C1F832
:101E000000020398406900F01F0101208840029001
:101E1000029A0199D1F81C029043C1F81C02039860
:101E2000C069F0B9FFE7029A0199D1F80C0290431A
:101E3000C1F80C02039A9088D168526940EA0140C7
:101E4000019901EBC201C1F84002039A1088916820
:101E5000526940EA0140019901EBC201C1F8440214
:101E6000FFE70398C06901281ED1FFE7029A019994
:101E7000D1F80C021043C1F80C02039A9088116843
:101E8000526940EA0140019901EBC201C1F84002E8
:101E9000039A90899168526940EA0140019901EBE7
:101EA000C201C1F84402FFE70398806940B9FFE727
:101EB000029A0199D1F804029043C1F8040207E0A4
:101EC000029A0199D1F804021043C1F80402FFE715
:101ED0000398006940B9FFE7029A0199D1F814020A
:101EE0009043C1F8140207E0029A0199D1F8140254
:101EF0001043C1F81402FFE70398006A012808D1D3
:101F0000FFE7029A0199D1F81C021043C1F81C02A4
:101F1000FFE70199D1F8000220F00100C1F80002AA
:101F200000208DF8170008E00499486A40F48020EA
:101F3000486201208DF81700FFE79DF8170006B0F2
:101F40007047000081B0009001B0704786B00490E7
:101F5000039102920193049890F820008DF80300F9
:101F60009DF80300012806D0FFE79DF80300022832
:101F700040F0E880FFE7039880B9FFE70498006825
:101F8000C068800748B9FFE70499486A40F4001028
:101F9000486201208DF81700DDE00FE0049800682A
:101FA0000069800748B9FFE70499486A40F40010C7
:101FB000486201208DF81700CDE0FFE70498006823
:101FC000039900EB0110D0F8B00100F00400029971
:101FD00088600298806858B9FFE704980068039900
:101FE00000EB0110D0F8B001400D029908600AE042
:101FF00004980068039900EB0110D0F8B001C00804
:1020000002994860FFE704980068039900EB01100B
:10201000D0F8B00100F002000299C860049800688E
:10202000039900EB0110D0F8B40100F00F0008286C
:1020300004D3FFE70299082008610BE004980068C8
:10204000039900EB0110D0F8B40100F00F000299E1
:102050000861FFE704980068039900EB0110D0F8CD
:10206000B40180B2000A029988610498006803995B
:1020700000EB0110D0F8B401000C029948610498FB
:102080000068039900EB0110D0F8B80101990870BD
:1020900004980068039900EB0110D0F8B801000A19
:1020A0000199487004980068039900EB0110D0F87A
:1020B000B801000C0199887004980068039900EB3E
:1020C0000110D0F8B801000E0199C870049800689A
:1020D000039900EB0110D0F8BC0101990871049834
:1020E0000068039900EB0110D0F8BC01000A0199C7
:1020F000487104980068039900EB0110D0F8BC0106
:10210000000C0199887104980068039900EB011094
:10211000D0F8BC01000E0199C871039838B9FFE7E7
:1021200004980168C86840F02000C86006E0049880
:102130000168086940F020000861FFE700208DF881
:10214000170008E00499486A40F4802048620120A2
:102150008DF81700FFE79DF8170006B070470000E4
:1021600083B0029000200190029890F820008DF832
:1021700003009DF80300012805D0FFE79DF8030048
:10218000022822D1FFE702980068806840010028F9
:1021900004D5FFE7019801300190FFE7029800683D
:1021A00080680001002804D5FFE701980130019004
:1021B000FFE7029800688068C000002804D5FFE7A8
:1021C000019801300190FFE7FFE7019803B07047E5
:1021D00080B58AB00990002008900998006840698D
:1021E0000790099800684068069009980068806820
:1021F000059009980068C068049009980068006913
:10220000039009980068806902909DF81C00C0073F
:10221000002800F09480FFE79DF81400C00758B331
:10222000FFE709980168012088609DF81400800785
:10223000002804D5FFE7099800F06EFC1BE09DF82C
:1022400014004007002805D5FFE7089840F4006017
:1022500008900FE09DF814000007002805D5FFE75F
:10226000089840F48050089003E0099800F050FC72
:10227000FFE7FFE7FFE7FFE79DF81500C00760B342
:10228000FFE7099801684FF4807088609DF8150099
:102290008007002804D5FFE7099800F045FC1BE003
:1022A0009DF815004007002805D5FFE7089840F481
:1022B000005008900FE09DF815000007002805D594
:1022C000FFE7089840F48040089003E0099800F088
:1022D00027FCFFE7FFE7FFE7FFE79DF81600C007D1
:1022E00060B3FFE7099801684FF4803088609DF87B
:1022F00016008007002804D5FFE7099800F01CFCB1
:102300001BE09DF816004007002805D5FFE7089858
:1023100040F4004008900FE09DF8160000070028E8
:1023200005D5FFE7089840F48030089003E009984D
:1023300000F0FEFBFFE7FFE7FFE7FFE7FFE79DF8A1
:102340001C000007002810D5FFE79DF81000C0060C
:10235000002809D5FFE7089840F400700890099814
:1023600001681020C860FFE7FFE79DF81C004007E8
:1023700000280FD5FFE79DF810000007002808D5BA
:10238000FFE7099801680820C860099800F0CEFAB4
:10239000FFE7FFE79DF81C00800700280BD5FFE74B
:1023A00009980068C068800720B1FFE7099800F02D
:1023B000C1FAFFE7FFE79DF81C004006002810D592
:1023C000FFE79DF80C00C006002809D5FFE7089834
:1023D00040F4806008900998016810200861FFE7C8
:1023E000FFE79DF81C00800600280FD5FFE79DF849
:1023F0000C000007002808D5FFE7099801680820AD
:102400000861099800F0D4FAFFE7FFE79DF81C0087
:10241000C00600280BD5FFE709980068006980070F
:1024200020B1FFE7099800F0C7FAFFE7FFE79DF842
:102430001E00800700280FD5FFE79DF81800C00692
:10244000002808D5FFE7099801681020486009981E
:1024500000F014FBFFE7FFE79DF81E00C00778B10E
:10246000FFE79DF818000007002808D5FFE7099846
:10247000016808204860099800F062FBFFE7FFE769
:102480009DF81D000006002840F18D80FFE79DF8B3
:1024900018004007002840F18180FFE79DF81D00EB
:1024A000C00750B1FFE79DF80800C00728B1FFE75B
:1024B000089840F001000890FFE79DF81D00800794
:1024C00000280BD5FFE79DF808008007002805D5F8
:1024D000FFE7089840F002000890FFE79DF81D0014
:1024E000400700280BD5FFE79DF8080040070028AB
:1024F00005D5FFE7089840F004000890FFE79DF835
:102500001D000007002848D5FFE79DF8080010F0DF
:10251000700F42D0FFE7029800F070000146019171
:10252000102814D0FFE70198202815D0FFE7019864
:10253000302816D0FFE70198402817D0FFE7019810
:10254000502818D0FFE70198602819D01DE008989E
:1025500040F00800089019E0089840F0100008903A
:1025600014E0089840F0200008900FE0089840F030
:10257000400008900AE0089840F08000089005E0CC
:10258000089840F48070089000E0FFE7099801681F
:10259000886920F070008861FFE7FFE7099801680B
:1025A00004204860FFE7089848B1FFE7089A0999B6
:1025B000486A104348620998FFF7C4FCFFE70AB075
:1025C00080BD000080B584B00290029820B9FFE77A
:1025D00001208DF80F00E0E0029890F8200020B96B
:1025E000FFE7029800F0DEF8FFE70298016808684C
:1025F00040F00100086000F0FFFF0190FFE7029843
:1026000000684068C007A8B9FFE700F0F5FF01992E
:10261000401A0B280DD3FFE70299486A40F40030B6
:1026200048620299052081F8200001208DF80F00F2
:10263000B3E0E4E702980168086820F0020008604F
:1026400000F0DAFF0190FFE7029800684068800719
:10265000002815D5FFE700F0CFFF0199401A0B289D
:102660000DD3FFE70299486A40F4003048620299AE
:10267000052081F8200001208DF80F008DE0E3E7B0
:102680000298007E012807D1FFE7029801680868D8
:1026900040F08000086006E002980168086820F0B9
:1026A00080000860FFE70298407E012807D1FFE71D
:1026B00002980168086840F04000086006E002984F
:1026C0000168086820F040000860FFE70298807EFB
:1026D000012807D1FFE702980168086840F0200050
:1026E000086006E002980168086820F02000086091
:1026F000FFE70298C07E012807D1FFE70298016832
:10270000086820F01000086006E002980168086878
:1027100040F010000860FFE70298007F012807D111
:10272000FFE702980168086840F00800086006E0CA
:1027300002980168086820F008000860FFE7029826
:10274000407F012807D1FFE702980168086840F040
:102750000400086006E002980168086820F00400A0
:102760000860FFE7029B19685A689868D3F80CC0A4
:1027700040EA0C00D3F810C040EA0C005B69184333
:10278000013A1043C861029900204862029A01216F
:1027900082F820108DF80F00FFE79DF80F0004B0BD
:1027A00080BD000080B590B00F9000200E900D907D
:1027B0000C900B900A900F98006846F20041C4F20A
:1027C000000188424AD1FFE740F2A040C2F2000077
:1027D0000168013101600068012812D1FFE7FFE7BD
:1027E0000020099043F64000C4F20200016841F065
:1027F00000710160006800F0007009900998FFE71F
:10280000FFE7FFE70020089043F63000C4F2020023
:10281000016841F001010160006800F001000890CA
:102820000898FFE74FF4C0500A9002200B90002058
:1028300003900C9003200D9009200E900020C4F20C
:1028400002000AA900F0E4FC039A14200490114647
:1028500000F06AFF049800F05DFF65E00F980068E3
:1028600046F60001C4F2000188425CD1FFE7FFE7B1
:102870000020079043F64000C4F20200016841F0D6
:1028800080610160006800F0806007900798FFE7B2
:1028900040F2A040C2F2000001680131016000680E
:1028A000012812D1FFE7FFE70020069043F6400021
:1028B000C4F20200016841F000710160006800F09C
:1028C000007006900698FFE7FFE7FFE700200590FD
:1028D00043F63000C4F20200016841F002010160D9
:1028E000006800F0020005900598FFE74FF44050A3
:1028F0000A9002200B90002001900C9003200D9074
:1029000009200E9040F20040C4F202000AA900F033
:102910007FFC019A41200290114600F005FF0298C9
:1029200000F0F8FEFFE7FFE710B080BD81B0009037
:1029300001B0704780B582B0019040F2A000C2F2B1
:10294000000040F61071C2F200010BF0A7FB68BB5B
:10295000FFE740F24C10C2F200000BF0F1F998B919
:10296000FFE741F69440C2F20000006841F688415A
:10297000C2F20001097809F07FFC40F6A030C2F2F3
:10298000000080ED000AFFE741F68C40C2F2000033
:10299000006840F6D851C2F20001097808F082FFC1
:1029A00040F68011C2F200010860FFE702B080BD6E
:1029B00081B0009001B0704780B584B0039040F2C0
:1029C000F400C2F2000040F63871C2F200010BF0D0
:1029D00065FB00284FD1FFE740F2BC10C2F20000B7
:1029E0000BF0AEF998B9FFE741F6CC40C2F2000017
:1029F000006841F68841C2F20001097809F060FAE6
:102A000040F69060C2F2000080ED000AFFE740F25D
:102A10008050C2F200000BF083FA58BBFFE740F68B
:102A2000F460C2F20000006840F6D851C2F2000122
:102A3000097841F68842C2F20002127807F0C8FC19
:102A400040F29800C2F2000080ED000A90ED000A0A
:102A5000BDEEC00A10EE101A684641600023036004
:102A600040F2F400C2F200004FF400711A460BF07D
:102A70003DFBFFE7FFE704B080BD000081B00090A0
:102A800001B0704780B584B00290029890F82000A1
:102A900001282FD1FFE70299022081F82000029837
:102AA0000168086820F00100086000F0A5FD0190B1
:102AB000FFE7029800684068C007A8B1FFE700F090
:102AC0009BFD0199401A0B280DD3FFE70299486A34
:102AD00040F4003048620299052081F8200001206E
:102AE0008DF80F000FE0E4E70299002048628DF8AE
:102AF0000F0008E00299486A40F400204862012073
:102B00008DF80F00FFE79DF80F0004B080BD0000B6
:102B100081B0009001B0704781B0009001B0704763
:102B200081B0009001B0704781B0009001B0704753
:102B300081B0009001B0704781B0009001B0704743
:102B400081B0009001B0704780B584B002900298C7
:102B5000806D019000F050FD0090029890F83500D3
:102B600002280DD0FFE7029980204865FFE702990F
:102B7000002081F83400FFE701208DF80F0055E0B8
:102B800002980168086820F0160008600298016841
:102B9000486920F0800048610298006C20B9FFE786
:102BA0000298806C38B1FFE702980168086820F04D
:102BB00008000860FFE702980168086820F001003B
:102BC0000860FFE7029800680068C007C8B1FFE727
:102BD00000F012FD0099401A062811D3FFE7029970
:102BE000202048650299032081F83500FFE702990B
:102BF000002081F83400FFE703208DF80F0015E076
:102C0000E0E70298C16D3F208840019988600299F1
:102C1000012081F83500FFE70299002081F8340097
:102C2000FFE7FFE700208DF80F00FFE79DF80F009A
:102C300004B080BD82B00090009890F83500022862
:102C400007D0FFE700998020486501208DF8070034
:102C50000EE00099052081F83500009801680868A9
:102C600020F001000860FFE700208DF80700FFE773
:102C70009DF8070002B0704780B586B0059000202F
:102C8000039040F20400C2F20000006848F2B5115F
:102C9000C1F64E31A0FB0110800A02900598806DAC
:102CA000019001980068049004980599C96DC84086
:102CB000000700281AD5FFE705980068006840075C
:102CC000002812D5FFE705980168086820F0040085
:102CD00008600598C16D08208840019988600599B1
:102CE000486D40F001004865FFE7FFE7049805994B
:102CF000C96DC840C007A0B1FFE7059800684069EA
:102D0000000600280CD5FFE70598C16D012088401A
:102D1000019988600599486D40F002004865FFE719
:102D2000FFE704980599C96DC8404007002814D5ED
:102D3000FFE7059800680068800700280CD5FFE7CA
:102D40000598C16D04208840019988600599486DF7
:102D500040F004004865FFE7FFE704980599C96D56
:102D6000C840C006002847D5FFE7059800680068FE
:102D7000000700283FD5FFE70598C16D1020884067
:102D800001998860059800680068400300281AD5FA
:102D9000FFE70598006800680003002809D4FFE7F2
:102DA0000598006C20B1FFE70598016C8847FFE7A4
:102DB00008E00598806C20B1FFE70598816C884792
:102DC000FFE7FFE716E0059800680068C0050028E7
:102DD00007D4FFE705980168086820F0080008603C
:102DE000FFE70598006C20B1FFE70598016C884764
:102DF000FFE7FFE7FFE7FFE704980599C96DC840C3
:102E00008006002840F18D80FFE705980068006883
:102E1000C006002840F18480FFE70598C16D20209E
:102E2000884001998860059890F83500052834D1CC
:102E3000FFE705980168086820F01600086005980B
:102E40000168486920F0800048610598006C20B94D
:102E5000FFE70598806C38B1FFE7059801680868BE
:102E600020F008000860FFE70598C16D3F2088400A
:102E7000019988600599012081F83500FFE70599DF
:102E8000002081F83400FFE70598006D20B1FFE7CE
:102E90000598016D8847FFE77BE0059800680068AA
:102EA000400300281AD5FFE7059800680068000372
:102EB000002809D4FFE70598406C20B1FFE705988A
:102EC000416C8847FFE708E00598C06B20B1FFE739
:102ED0000598C16B8847FFE7FFE720E00598006889
:102EE0000068C005002811D4FFE70598016808684C
:102EF00020F0100008600599012081F83500FFE7F7
:102F00000599002081F83400FFE7FFE70598C06BC2
:102F100020B1FFE70598C16B8847FFE7FFE7FFE7B0
:102F2000FFE70598406DA0B3FFE70598406DC00727
:102F300030B3FFE70599052081F835000598016851
:102F4000086820F001000860FFE703980130039053
:102F50000299884201D9FFE707E0FFE7059800687A
:102F60000068C0070028F0D1FFE70599012081F82B
:102F70003500FFE70599002081F83400FFE7FFE7FF
:102F80000598C06C20B1FFE70598C16C8847FFE742
:102F9000FFE706B080BD000080B586B00490002039
:102FA000039000F029FB0290049820B9FFE701206C
:102FB0008DF81700A3E00498406A08B1FFE7FFE727
:102FC0000499022081F83500FFE70499002081F878
:102FD0003400FFE704980168086820F001000860E9
:102FE000FFE7049800680068C00790B1FFE700F0B1
:102FF00003FB0299401A06280AD3FFE70499202010
:1030000048650499032081F835008DF8170076E0B3
:10301000E7E70498006800680390039848F23F01CE
:10302000CFF2100108400390049900914868D1F84C
:1030300008C0CB680A6940EA0C00184310434A698B
:1030400010438A691043CA691043096A014303980F
:10305000084303900498406A042808D1FFE70499C4
:10306000C86A096B0143039808430390FFE703987C
:1030700004990968086004980068406903900398FF
:1030800020F0070003900498416A039808430390D6
:103090000498406A04281AD1FFE70498816A0398CB
:1030A000084303900498C06A80B1FFE70498FEF7D4
:1030B000B3FC50B1FFE70499402048650499012012
:1030C00081F835008DF8170019E0FFE7FFE7039856
:1030D0000499096848610498FEF772FC019004980D
:1030E000C16D3F208840019988600499002048659F
:1030F000049A012182F835108DF81700FFE79DF83A
:10310000170006B080BD000080B588B0069005911C
:103110000492039300208DF80B000698806D0190B7
:10312000FFE7069890F83400012804D1FFE7022059
:103130008DF81F0045E00699012081F83400FFE773
:10314000FFE7069890F8350001282BD1FFE7069994
:10315000022081F8350006990020486506980599F7
:10316000049A039BFEF7D0FC0698C16D3F2088406F
:103170000199886006980168086840F016000860A8
:103180000698006C38B1FFE706980168086840F0BF
:1031900008000860FFE706980168086840F0010031
:1031A000086009E0FFE70699002081F83400FFE796
:1031B00002208DF80B00FFE79DF80B008DF81F0033
:1031C000FFE79DF81F0008B080BD000080B584B007
:1031D000039000F011FA02900398019001980130D9
:1031E00048B1FFE740F21400C2F2000001780198F4
:1031F00008440190FFE7FFE700F0FEF90299401A4A
:103200000199884201D2FFE7F6E704B080BD0000D3
:103210008EB00D900C9100200A90099008900B90B0
:10322000FFE70B980F2800F2CC81FFE70B990120F4
:1032300088400A900C9800680A99084009900998FB
:103240000A99884240F0B881FFE70C98406800F086
:103250000300012807D0FFE70C98406800F0030046
:1032600002282FD1FFE70D98806808900B98410045
:10327000032000FA01F10898884308900C98C06870
:103280000B99490000FA01F1089808430890089842
:103290000D9988600D98406808900B99012000FAFC
:1032A00001F10898884308900C984068C0F300101A
:1032B0000B9900FA01F108980843089008980D99B5
:1032C0004860FFE70C98406800F00300032818D01E
:1032D000FFE70D98C06808900B984100032000FAA2
:1032E00001F10898884308900C9880680B99490070
:1032F00000FA01F108980843089008980D99C860F1
:10330000FFE70C98406800F00300022826D1FFE791
:103310000D980B996FF0030202EA51010844006A0C
:1033200008900B9800F0070081000F2000FA01F1CF
:103330000898884308900C9800690B9901F00701E0
:10334000890000FA01F108980843089008980D993F
:103350000B9B02EA530211440862FFE70D980068D4
:1033600008900B984100032000FA01F10898884367
:1033700008900C98406800F003000B99490000FA8F
:1033800001F108980843089008980D9908600C9876
:1033900080798007002800F00E81FFE7FFE700201A
:1033A000079043F64400C4F20200016841F48041F2
:1033B0000160006800F4804007900798FFE70B98D1
:1033C00020F0030043F60801C4F2010140580890C0
:1033D0000B9800F0030081000F2000FA01F108981B
:1033E000884308900D980021C4F20201884203D15D
:1033F000FFE7002006905EE00D9840F20041C4F225
:103400000201884203D1FFE70120059050E00D98AA
:1034100040F60001C4F20201884203D1FFE7022016
:10342000049042E00D9840F60041C4F20201884247
:1034300003D1FFE70320039034E00D9841F200012F
:10344000C4F20201884203D1FFE70420029026E083
:103450000D9841F20041C4F20201884203D1FFE716
:103460000520019018E00D9841F60001C4F2020118
:10347000884203D1FFE7062000900AE00D9941F64B
:103480000042C4F202020820914208BF07200090C7
:10349000FFE700980190FFE701980290FFE702988C
:1034A0000390FFE703980490FFE704980590FFE777
:1034B00005980690FFE70698C0B20B9901F003014A
:1034C000890000FA01F108980843089008980B99C0
:1034D00021F0030143F60802C4F20102885043F6CA
:1034E0000840C4F2010000680890099908988843D0
:1034F00008900C988079C006002805D5FFE7099947
:10350000089808430890FFE7089843F60841C4F27A
:103510000101086043F60C40C4F201000068089005
:1035200009990898884308900C98807980060028AB
:1035300005D5FFE70999089808430890FFE7089820
:1035400043F60C41C4F20101086043F60440C4F2A2
:1035500001000068089009990898884308900C9821
:1035600080798007002805D5FFE709990898084366
:103570000890FFE7089843F60441C4F2010108608F
:1035800043F60040C4F201000068089009990898C9
:10359000884308900C988079C00728B1FFE7099903
:1035A000089808430890FFE7089843F60041C4F2E2
:1035B00001010860FFE7FFE7FFE70B9801300B9080
:1035C0002FE60EB07047000082B00190ADF80210F7
:1035D0008DF801209DF8010028B1FFE7BDF8020039
:1035E0000199886105E0BDF8020000040199886135
:1035F000FFE702B07047000041F6C840C2F2000089
:103600000068704740F21400C2F20000027841F6F0
:10361000C841C2F200010868104408607047000009
:1036200080B543F60041C4F20201086840F400701E
:103630000860086840F480600860086840F48070A2
:103640000860032000F08AF80F2000F005F800F071
:103650003BF8002080BD000080B582B0009040F2B1
:103660000400C2F20000006840F21401C2F200013E
:103670000A784FF47A71B1FBF2F1B0FBF1F001F08E
:10368000B9FA20B1FFE701208DF8070018E0009893
:103690000F280DD8FFE700994FF0FF30002200F00F
:1036A00043F8009840F21801C2F20001086003E0FC
:1036B00001208DF8070003E000208DF80700FFE7E8
:1036C0009DF8070002B080BD82B0FFE700200190A6
:1036D00043F64400C4F20200016841F480410160F5
:1036E000006800F4804001900198FFE7FFE70020A8
:1036F000009043F64000C4F20200016841F080519E
:103700000160006800F0805000900098FFE702B070
:103710007047000080B582B08DF807009DF9070062
:103720000BF002F802B080BD80B586B08DF81700AE
:1037300004910392002002900BF00EF802909DF984
:103740001700019002980499039A03F081FF014643
:1037500001980BF009F806B080BD000080B582B07A
:10376000019001980BF022F802B080BD80B584B0C2
:1037700002900191029820B9FFE701208DF80F0017
:1037800021E1019843F60041C4F20201096801F009
:103790000701884212D9FFE7019943F60040C4F2BD
:1037A00002000170006800F007000199884204D00F
:1037B000FFE701208DF80F0005E1FFE70298007890
:1037C000800700282AD5FFE70298007840070028E4
:1037D00009D5FFE743F60801C4F20201086840F486
:1037E000E0500860FFE7029800780007002809D53C
:1037F000FFE743F60801C4F20201086840F46040A4
:103800000860FFE743F60801C4F20201086820F0EF
:10381000F000029A926810430860FFE7029800786F
:10382000C00700286ED0FFE702984068012811D138
:10383000FFE743F60000C4F20200006800F4003124
:103840000020B0EB514F04D1FFE701208DF80F00AD
:10385000B9E02CE002984068022805D0FFE7029802
:103860004068032811D1FFE743F60000C4F20200CC
:10387000006800F000710020B0EB516F04D1FFE749
:1038800001208DF80F009EE010E043F60000C4F226
:103890000200006800F002010020B0EB510F04D1DB
:1038A000FFE701208DF80F008DE0FFE7FFE743F60B
:1038B0000801C4F20201086820F00300029A52686D
:1038C00010430860FFF798FE0090FFE743F60800FA
:1038D000C4F20200006800F00C0002994968B0EBE5
:1038E000810F0ED0FFE7FFF787FE0099401A41F2E3
:1038F0008931884204D3FFE703208DF80F0062E08E
:10390000E4E7FFE7019843F60041C4F202010968C9
:1039100001F00701884212D2FFE7019943F6004007
:10392000C4F202000170006800F0070001998842AB
:1039300004D0FFE701208DF80F0044E0FFE7029874
:103940000078400700280CD5FFE743F60801C4F2D1
:103950000201086820F4E050029AD268104308601F
:10396000FFE702980078000700280DD5FFE743F62F
:103970000801C4F20201086820F46040029A12694A
:1039800040EAC2000860FFE700F04CF843F6080187
:10399000C4F202010968C9B20A0941F2FC31C0F659
:1039A0000101895CC84040F20401C2F200010860D4
:1039B00040F21800C2F200000068FFF74DFE002040
:1039C0008DF80F00FFE79DF80F0004B080BD0000E8
:1039D00040F20400C2F200000068704780B5FFF7B3
:1039E000F7FF43F60801C4F202010968C1F382221D
:1039F00041F20C41C0F60101895CC84080BD000065
:103A000080B5FFF7E5FF43F60801C4F2020109683B
:103A100089B24A0B41F20C41C0F60101895CC840F1
:103A200080BD000080B586B0002005900490039012
:103A3000029043F60800C4F20200006800F00C0097
:103A40000146019140B1FFE7019804280AD0FFE741
:103A5000019808280CD04FE042F20040C0F2F40078
:103A600002904FE047F64000C0F27D10029049E01E
:103A700043F60400C4F20200016801F03F01059121
:103A800000684002002813D5FFE743F60400C4F2A3
:103A900002000068C0F3881047F64001C0F27D11B3
:103AA000A0FB0101059A0023FCF73AFC049012E008
:103AB00043F60400C4F202000068C0F3881042F22A
:103AC0000041C0F2F401A0FB0101059A0023FCF7BC
:103AD00027FC0490FFE743F60400C4F202000068EC
:103AE00000F44031022000EBD13003900498039998
:103AF000B0FBF1F0029005E042F20040C0F2F400A9
:103B00000290FFE7029806B080BD000080B586B045
:103B10000490049820B9FFE701208DF8170050E3C6
:103B200004980078C007002800F0A580FFE743F65E
:103B30000800C4F20200006800F00C00042813D052
:103B4000FFE743F60800C4F20200006800F00C0032
:103B500008281ED1FFE743F60400C4F20200006803
:103B60004002002815D5FFE743F60000C4F202002A
:103B7000006800F400310020B0EB514F08D0FFE79F
:103B80000498406820B9FFE701208DF8170018E37A
:103B900070E0FFE704984068B0F5803F09D1FFE787
:103BA00043F60001C4F20201086840F48030086066
:103BB00020E004984068B0F5A02F0DD1FFE743F650
:103BC0000001C4F20201086840F48020086008681F
:103BD00040F4803008600CE043F60001C4F20201BA
:103BE000086820F480300860086820F480200860AD
:103BF000FFE7FFE7FFE704984068E8B1FFE7FFF75A
:103C0000FBFC0390FFE743F60000C4F202000068EB
:103C100000F400310020B0EB514F0CD1FFE7FFF76B
:103C2000EBFC0399401A652804D3FFE703208DF8C5
:103C30001700C6E2E7E71CE0FFF7DEFC0390FFE7B2
:103C400043F60000C4F20200006800F400310020D6
:103C5000B0EB514F0CD0FFE7FFF7CEFC0399401AB1
:103C6000652804D3FFE703208DF81700A9E2E7E7F2
:103C7000FFE7FFE7FFE7049800788007002840F19E
:103C80009680FFE743F60800C4F20200006810F0D7
:103C90000C0F13D0FFE743F60800C4F202000068DF
:103CA00000F00C0008282CD1FFE743F60400C4F212
:103CB000020000684002002823D4FFE743F600001A
:103CC000C4F20200006800F002010020B0EB510FC6
:103CD00009D0FFE70498C068012804D0FFE701205D
:103CE0008DF817006DE243F60001C4F20201086886
:103CF00020F0F800049A126940EAC2000860FFE769
:103D000054E00498C06870B3FFE70021C4F2472173
:103D100001200860FFF770FC0390FFE743F6000006
:103D2000C4F20200006800F002010020B0EB510F65
:103D30000CD1FFE7FFF760FC0399401A032804D376
:103D4000FFE703208DF817003BE2E7E743F60001A9
:103D5000C4F20201086820F0F800049A126940EAEF
:103D6000C200086021E00021C4F247210020086061
:103D7000FFF742FC0390FFE743F60000C4F20200A5
:103D8000006800F002010020B0EB510F0CD0FFE7FB
:103D9000FFF732FC0399401A032804D3FFE70320FE
:103DA0008DF817000DE2E7E7FFE7FFE7FFE704986C
:103DB0000078000700284BD5FFE70498406918B346
:103DC000FFE740F68061C4F2472101200860FFF759
:103DD00013FC0390FFE743F67400C4F2020000688E
:103DE00000F002010020B0EB510F0CD1FFE7FFF70C
:103DF00003FC0399401A032804D3FFE703208DF83E
:103E00001700DEE1E7E722E040F68061C4F24721D7
:103E100000200860FFF7F0FB0390FFE743F6740013
:103E2000C4F20200006800F002010020B0EB510F64
:103E30000CD0FFE7FFF7E0FB0399401A032804D3F7
:103E4000FFE703208DF81700BBE1E7E7FFE7FFE797
:103E5000049800784007002840F1CE80FFE700205A
:103E60008DF8070043F64000C4F202000068C0006D
:103E7000002815D4FFE7FFE70020009043F640003C
:103E8000C4F20200016841F080510160006800F056
:103E9000805000900098FFE701208DF80700FFE7B1
:103EA00047F20000C4F200000068C005002822D4D8
:103EB000FFE747F20001C4F20001086840F4807097
:103EC0000860FFF799FB0390FFE747F20000C4F298
:103ED00000000068C00500280CD4FFE7FFF78CFB4A
:103EE0000399401A032804D3FFE703208DF8170035
:103EF00067E1EAE7FFE7FFE704988068012809D156
:103F0000FFE743F67001C4F20201086840F00100C7
:103F100008601FE00498806805280DD1FFE743F68C
:103F20007001C4F20201086840F0040008600868EB
:103F300040F0010008600CE043F67001C4F2020199
:103F4000086820F001000860086820F0040008609C
:103F5000FFE7FFE7FFE704988068F8B1FFE7FFF7A6
:103F60004BFB0390FFE743F67000C4F202000068C9
:103F700000F002010020B0EB510F0ED1FFE7FFF778
:103F80003BFB0399401A41F28931884204D3FFE791
:103F900003208DF8170014E1E5E71EE0FFF72CFB86
:103FA0000390FFE743F67000C4F20200006800F0DF
:103FB00002010020B0EB510F0ED0FFE7FFF71CFB12
:103FC0000399401A41F28931884204D3FFE7032064
:103FD0008DF81700F5E0E5E7FFE79DF807000128F9
:103FE00009D1FFE743F64001C4F20201086820F05E
:103FF00080500860FFE7FFE704988069002800F020
:10400000DC80FFE743F60800C4F20200006800F01D
:104010000C00082800F08580FFE7049880690228DA
:104020005CD1FFE76021C4F2472100200860FFF760
:10403000E3FA0390FFE743F60000C4F202000068D1
:1040400000F000710020B0EB516F0CD0FFE7FFF7DC
:10405000D3FA0399401A032804D3FFE703208DF80D
:104060001700AEE0E7E70499C869D1F820C04B6AB1
:104070008A6A40EA0C0040EA8310D2034FF6FF73CD
:104080009A43A2F580321043C96A40EA016043F6C0
:104090000401C4F2020108606021C4F2472101203A
:1040A0000860FFF7A9FA0390FFE743F60000C4F2A7
:1040B0000200006800F000710020B0EB516F0CD1DD
:1040C000FFE7FFF799FA0399401A032804D3FFE7A3
:1040D00003208DF8170074E0E7E721E06021C4F2C7
:1040E000472100200860FFF787FA0390FFE743F6B7
:1040F0000000C4F20200006800F000710020B0EB84
:10410000516F0CD0FFE7FFF777FA0399401A0328A5
:1041100004D3FFE703208DF8170052E0E7E7FFE73D
:104120004AE004988069012804D1FFE701208DF856
:10413000170046E043F60400C4F202000068029053
:1041400004988069012831D0FFE7029800F48000CC
:104150000499C969884229D1FFE7029800F03F001D
:104160000499096A884221D1FFE7029847F6C07195
:1041700008400499496AB0EB811F17D1FFE7029804
:1041800000F440300499896AC9034FF6FF729143E5
:10419000A1F58031884209D1FFE7029800F07060F4
:1041A0000499C96AB0EB016F04D0FFE701208DF8D4
:1041B000170006E0FFE7FFE7FFE700208DF8170094
:1041C000FFE79DF8170006B080BD000080B584B001
:1041D0000290029820B9FFE701208DF80F0071E0EE
:1041E0000298406A60B9FFE702984068B0F5827FA4
:1041F00001D1FFE703E002990020C861FFE705E075
:1042000002990020086102994861FFE702990020A5
:104210008862029890F8510040B9FFE702990020A7
:1042200081F85000029800F051F8FFE7029902204F
:1042300081F8510002980168086820F04000086089
:10424000029A019211685068D2F808C0D36800F44D
:1042500082700CF4044C604403F400631844136946
:1042600003F002031844536903F0010318449369EF
:1042700003F400731844D36903F038031844136A35
:1042800003F080031843926A02F40052104308605E
:10429000029A508B00F004001168526A02F010027A
:1042A0001044486002980168C86920F40060C86141
:1042B000029900204865029A012182F851108DF878
:1042C0000F00FFE79DF80F0004B080BD80B588B0F7
:1042D00007900020069005900490039002900798A4
:1042E000006843F20001C4F20101884233D1FFE7C4
:1042F000FFE70020019043F64400C4F20200016889
:1043000041F480510160006800F4805001900198F0
:10431000FFE7FFE70020009043F63000C4F2020000
:10432000016841F001010160006800F001000090A7
:104330000098FFE7E0200290022003900020049004
:1043400003200590052006900020C4F2020002A977
:10435000FEF75EFFFFE708B080BD000080B588B0C3
:1043600006900591ADF812200393069890F851003D
:10437000012804D0FFE702208DF81F0011E1059805
:1043800020B1FFE7BDF8120020B9FFE701208DF84A
:104390001F0006E106984068B0F5827F16D1FFE75E
:1043A0000698806890B9FFE70699042081F85100CB
:1043B0000698059ABDF812300399EC46CCF8001027
:1043C000114600F045FA8DF81F00EAE0FFF714F9F6
:1043D0000290FFE7069890F85000012804D1FFE70B
:1043E00002208DF81F00DCE00699012081F85000C2
:1043F000FFE7FFE70699042081F8510006990020A5
:1044000048650599069A9163BDF81210069A91873E
:10441000BDF81210069AD187069908630699888616
:104420000699C886069908640699486406988068C3
:10443000B0F5004F0DD1FFE706980168086820F03D
:104440004000086006980168086820F48040086011
:10445000FFE706980068006800F04000402807D099
:10446000FFE706980168086840F040000860FFE731
:104470000698C068D0BBFFE7FFE70698C08FA0B3DF
:10448000FFE7069800688068C00778B1FFE70698E4
:104490000068007B0699896B08700699886B01306B
:1044A00088630699C88F0138C8871DE0FFF7A4F814
:1044B0000299401A0399884204D3FFE70398013018
:1044C00018B9FFE7039870B9FFE70699012081F852
:1044D0005100FFE70699002081F85000FFE7032014
:1044E0008DF81F005DE0FFE7C7E739E0FFE70698BA
:1044F000C08FA0B3FFE7069800688068C00778B156
:10450000FFE706980068C0680699896B08800699DD
:10451000886B023088630699C88F0138C8871DE010
:10452000FFF76AF80299401A0399884204D3FFE71B
:104530000398013018B9FFE7039870B9FFE70699AF
:10454000012081F85100FFE70699002081F8500012
:10455000FFE703208DF81F0023E0FFE7C7E7FFE731
:1045600006980399029A03F0B5F820B1FFE706997F
:1045700020204865FFE70699012081F85100FFE7F8
:104580000699002081F85000FFE70698406D20B1A1
:10459000FFE701208DF81F0003E000208DF81F00C9
:1045A000FFE79DF81F0008B080BD000080B588B00F
:1045B00006900591ADF812200393FFF71DF80290C5
:1045C000BDF81200ADF80600069890F851000128D9
:1045D00004D0FFE702208DF81F0034E1059820B1D8
:1045E000FFE7BDF8120020B9FFE701208DF81F009A
:1045F00029E1FFE7069890F85000012804D1FFE771
:1046000002208DF81F001EE10699012081F850005C
:10461000FFE7FFE70699032081F851000699002083
:1046200048650599069A1163BDF81210069A91869D
:10463000BDF81210069AD186069988630699888774
:104640000699C887069948640699086406988068A0
:10465000B0F5004F0DD1FFE706980168086820F01B
:104660004000086006980168086840F480400860CF
:10467000FFE706980068006800F04000402807D077
:10468000FFE706980168086840F040000860FFE70F
:104690000698C068B0F5006F51D1FFE706984068F2
:1046A00028B1FFE7BDF8060001280ED1FFE7069804
:1046B0000168006B0088C8600699086B02300863C7
:1046C0000699C88E0138C886FFE7FFE70698C08EB6
:1046D000A0B3FFE7069800688068800700280ED521
:1046E000FFE706980168006B0088C8600699086BB0
:1046F000023008630699C88E0138C8861DE0FEF7AF
:104700007BFF0299401A0399884204D3FFE703987C
:10471000013018B9FFE7039870B9FFE70699012047
:1047200081F85100FFE70699002081F85000FFE76B
:1047300003208DF81F0086E0FFE7C7E750E00698EA
:10474000406828B1FFE7BDF8060001280ED1FFE759
:1047500006980168006B007808730699086B0130B1
:1047600008630699C88E0138C886FFE7FFE70698F8
:10477000C08EA0B3FFE70698006880688007002815
:104780000ED5FFE706980168006B0078087306995C
:10479000086B013008630699C88E0138C8861DE091
:1047A000FEF72AFF0299401A0399884204D3FFE7D3
:1047B0000398013018B9FFE7039870B9FFE706992D
:1047C000012081F85100FFE70699002081F8500090
:1047D000FFE703208DF81F0035E0FFE7C7E7FFE79D
:1047E00006980399029A02F0E7FF20B1FFE70699C5
:1047F00020204865FFE70698806870B9FFE7FFE76B
:104800000020009006980068C06800900698006834
:10481000806800900098FFE7FFE70699012081F883
:104820005100FFE70699002081F85000FFE7069845
:10483000406D20B1FFE701208DF81F0003E000204C
:104840008DF81F00FFE79DF81F0008B080BD000035
:1048500080B58CB0DDF838C00A9009910892ADF8A7
:104860001E3001200390FEF7C7FE04900A9890F8CE
:1048700051008DF817000A9840680690BDF81E0098
:10488000ADF81C009DF81700012812D0FFE706982C
:10489000B0F5827F09D1FFE70A98806828B9FFE761
:1048A0009DF81700042804D0FFE702208DF82F00A0
:1048B0009BE1099838B1FFE7089820B1FFE7BDF800
:1048C0001E0020B9FFE701208DF82F008DE1FFE7E2
:1048D0000A9890F85000012804D1FFE702208DF8D3
:1048E0002F0082E10A99012081F85000FFE7FFE7DD
:1048F0000A9890F85100042805D0FFE70A9905208E
:1049000081F85100FFE70A990020486508990A9A42
:104910009163BDF81E100A9AD187BDF81E100A9A3D
:10492000918709990A9A1163BDF81E100A9AD186D7
:10493000BDF81E100A9A91860A9908640A9948647B
:104940000A980068006800F04000402807D0FFE7A0
:104950000A980168086840F040000860FFE70A987C
:10496000C068B0F5006F40F08180FFE70A984068AA
:1049700028B1FFE7BDF81C0001280ED1FFE70A9817
:104980000168006B0088C8600A99086B02300863F0
:104990000A99C88E0138C886FFE7FFE70A98C18EDA
:1049A0000120019039B9FFE70A98C08F002818BF8D
:1049B00001200190FFE70198C007002855D0FFE7CC
:1049C0000A98006880688007002818D5FFE70A98D1
:1049D000C08EA0B1FFE70398012810D1FFE70A9825
:1049E0000168006B0088C8600A99086B0230086390
:1049F0000A99C88E0138C88600200390FFE70A98FC
:104A000000688068C007A8B1FFE70A98C08F88B126
:104A1000FFE70A980068C0680A99896B08800A99BC
:104A2000886B023088630A99C88F0138C8870120D3
:104A30000390FFE7FEF7E0FD0499401A0E998842C3
:104A400012D3FFE70E98013070B1FFE70A990120F9
:104A500081F85100FFE70A99002081F85000FFE734
:104A600003208DF82F00C0E098E782E00A984068A4
:104A700028B1FFE7BDF81C0001280ED1FFE70A9816
:104A80000168006B007808730A99086B01300863AD
:104A90000A99C88E0138C886FFE7FFE70A98C18ED9
:104AA0000120009039B9FFE70A98C08F002818BF8D
:104AB00001200090FFE70098C007002858D0FFE7CA
:104AC0000A98006880688007002818D5FFE70A98D0
:104AD000C08EA0B1FFE70398012810D1FFE70A9824
:104AE0000168006B007808730A99086B013008634D
:104AF0000A99C88E0138C88600200390FFE70A98FB
:104B000000688068C007A8B1FFE70A98C08F88B125
:104B1000FFE70A980068C0680A99896B08700A99CB
:104B2000886B013088630A99C88F0138C8870120D3
:104B30000390FFE7FEF760FD0499401A0E99884242
:104B400004D3FFE70E98013018B9FFE70E9870B94B
:104B5000FFE70A99012081F85100FFE70A99002038
:104B600081F85000FFE703208DF82F003DE095E726
:104B7000FFE70A980E99049A02F01EFE68B1FFE75B
:104B80000A9920204865FFE70A99002081F8500023
:104B9000FFE701208DF82F0027E00A98806870B9A0
:104BA000FFE7FFE7002002900A980068C0680290C3
:104BB0000A980068806802900298FFE7FFE70A9968
:104BC000012081F85100FFE70A99002081F8500088
:104BD000FFE70A98406D20B1FFE701208DF82F0014
:104BE00003E000208DF82F00FFE79DF82F000CB0A8
:104BF00080BD000080B582B00190019802F0DAFE1D
:104C000002B080BD81B0009001B0704781B00090CB
:104C100001B0704785B003900291FFE7039890F8C8
:104C20003C00012804D1FFE702208DF813007EE04C
:104C30000399012081F83C00FFE7FFE70399022078
:104C400081F83D000398006840680190039800686F
:104C500080680090019820F070000190029801682F
:104C600001980843019001980399096848600398E6
:104C700000680021C4F2010188423CD0FFE703989C
:104C80000068B0F1804F36D0FFE70398006840F22B
:104C90000041C4F2000188422DD0FFE7039800686C
:104CA00040F60001C4F20001884224D0FFE70398D7
:104CB000006840F60041C4F2000188421BD0FFE7C3
:104CC0000398006840F20041C4F20101884212D00A
:104CD000FFE70398006844F20001C4F20101884232
:104CE00009D0FFE70398006841F60001C4F2000113
:104CF00088420ED1FFE7009820F0800000900298D3
:104D000041680098084300900098039909688860FA
:104D1000FFE70399012081F83D00FFE70399002098
:104D200081F83C00FFE700208DF81300FFE79DF8B5
:104D3000130005B07047000080B582B00090009865
:104D400020B9FFE701208DF807003FE0009890F8B8
:104D50003D0040B9FFE70099002081F83C00009831
:104D600000F038F8FFE70099022081F83D00009933
:104D700051F8040B02F08EFE0099012081F84600E4
:104D8000FFE70099012081F83E00009981F83F007B
:104D9000009981F84000009981F84100FFE7FFE7A2
:104DA0000099012081F84200009981F843000099A0
:104DB00081F84400009981F84500FFE7009901203F
:104DC00081F83D0000208DF80700FFE79DF80700FF
:104DD00002B080BD80B590B00F900F9800680021A0
:104DE000C4F2010188421BD1FFE7FFE700200E90CB
:104DF00043F64400C4F20200016841F00101016081
:104E0000006800F001000E900E98FFE7192007904F
:104E100000221146FEF788FC0798FEF77BFCDBE0DA
:104E20000F980068B0F1804F1BD1FFE7FFE700202B
:104E30000D9043F64000C4F20200016841F0010108
:104E40000160006800F001000D900D98FFE71C2044
:104E5000069000221146FEF767FC0698FEF75AFC02
:104E6000B9E00F98006840F20041C4F200018842A6
:104E700012D1FFE7FFE700200C9043F64000C4F298
:104E80000200016841F002010160006800F00200C8
:104E90000C900C98FFE79DE00F98006840F60041E9
:104EA000C4F2000188421BD1FFE7FFE700200B900E
:104EB00043F64000C4F20200016841F008010160BD
:104EC000006800F008000B900B98FFE73220059077
:104ED00000221146FEF728FC0598FEF71BFC78E03F
:104EE0000F98006841F20001C4F2000188421BD112
:104EF000FFE7FFE700200A9043F64000C4F20200FB
:104F0000016841F010010160006800F010000A9093
:104F10000A98FFE73620049000221146FEF704FCB1
:104F20000498FEF7F7FB53E00F98006841F2004148
:104F3000C4F2000188421BD1FFE7FFE7002009907F
:104F400043F64000C4F20200016841F02001016014
:104F5000006800F0200009900998FFE737200390CF
:104F600000221146FEF7E0FB0398FEF7D3FB2EE08C
:104F70000F98006840F20041C4F20101884225D137
:104F8000FFE7FFE70020089043F64400C4F2020068
:104F9000016841F002010160006800F00200089021
:104FA0000898FFE72B200090002201921146FEF79F
:104FB000BBFB0098FEF7AEFB019A2C200290114635
:104FC000FEF7B2FB0298FEF7A5FBFFE7FFE7FFE75E
:104FD000FFE7FFE7FFE7FFE710B080BD83B0019078
:104FE000019890F83D00012804D0FFE701208DF8DA
:104FF0000B006AE00199022081F83D0001980168E8
:10500000C86840F00100C860019800680021C4F23F
:10501000010188423CD0FFE701980068B0F1804F61
:1050200036D0FFE70198006840F20041C4F2000169
:1050300088422DD0FFE70198006840F60001C4F2D5
:105040000001884224D0FFE70198006840F6004143
:10505000C4F2000188421BD0FFE70198006840F2CB
:105060000041C4F20101884212D0FFE701980068B4
:1050700044F20001C4F20101884209D0FFE701981F
:10508000006841F60001C4F20001884212D1FFE736
:1050900001980068806800F00700009000980628DA
:1050A00007D0FFE701980168086840F00100086038
:1050B000FFE706E001980168086840F00100086019
:1050C000FFE700208DF80B00FFE79DF80B0003B011
:1050D0007047000080B586B00490039100208DF8E1
:1050E0000B00FFE7049890F83C00012804D1FFE78B
:1050F00002208DF81700ABE00499012081F83C00F4
:10510000FFE7FFE70499022081F83D00049800685A
:1051100080680190019820F077000190019820F4B8
:105120007F4001900198049909688860039800689D
:105130000090002872D0FFE7009810286ED0FFE79B
:10514000009820286AD0FFE70098302866D0FFE753
:105150000098402855D0FFE70098502837D0FFE747
:105160000098602840D0FFE7009870280BD0FFE738
:105170000098B0F5805F05D0FFE70098B0F5005FBC
:1051800016D052E055E004980068039B5A6899686D
:10519000DB6802F06DFD049800688068019001985A
:1051A00040F077000190019804990968886040E018
:1051B00004980068039B5A689968DB6802F058FD00
:1051C00004980168886840F48040886031E0049861
:1051D0000068039A5168D26802F036FF04980068AC
:1051E000502102F05FFD24E004980068039A5168A2
:1051F000D26802F051FF04980068602102F052FD6D
:1052000017E004980068039A5168D26802F01CFF06
:1052100004980068402102F045FD0AE00498006807
:105220000399096802F03EFD03E001208DF80B00B0
:10523000FFE70499012081F83D00FFE70499002071
:1052400081F83C00FFE79DF80B008DF81700FFE7A1
:105250009DF8170006B080BD81B0009001B0704786
:1052600080B584B0039003980068C06802900398EA
:105270000068006901909DF804008007002824D58B
:10528000FFE79DF80800800700281DD5FFE7039879
:1052900001686FF002000861039901200877039804
:1052A00000688069800720B1FFE70398FFF7D4FF0B
:1052B00006E0039800F018F9039800F00DFAFFE7F4
:1052C000039900200877FFE7FFE79DF804004007F7
:1052D000002825D5FFE79DF80800400700281ED5C7
:1052E000FFE7039801686FF004000861039902204A
:1052F000087703980068806910F4407F04D0FFE7C6
:105300000398FFF7A9FF06E0039800F0EDF8039873
:1053100000F0E2F9FFE7039900200877FFE7FFE7D5
:105320009DF804000007002824D5FFE79DF8080039
:10533000000700281DD5FFE7039801686FF00800FB
:10534000086103990420087703980068C069800702
:1053500020B1FFE70398FFF77FFF06E0039800F016
:10536000C3F8039800F0B8F9FFE703990020087725
:10537000FFE7FFE79DF80400C006002825D5FFE7FA
:105380009DF80800C00600281ED5FFE703980168B5
:105390006FF01000086103990820087703980068EF
:1053A000C06910F4407F04D0FFE70398FFF754FF73
:1053B00006E0039800F098F8039800F08DF9FFE7F5
:1053C000039900200877FFE7FFE79DF80400C00776
:1053D00078B1FFE79DF80800C00748B1FFE70398E0
:1053E00001686FF001000861039800F05FFAFFE7C1
:1053F000FFE79DF804000006002810D5FFE79DF8A0
:1054000008000006002809D5FFE7039801686FF03F
:10541000800008610398FFF7F5FBFFE7FFE79DF8C1
:1054200004004006002810D5FFE79DF8080040065C
:10543000002809D5FFE7039801686FF04000086174
:10544000039800F081FBFFE7FFE79DF8040080066A
:10545000002810D5FFE79DF808008006002809D530
:10546000FFE7039801686FF0200008610398FFF7D9
:10547000CDFBFFE7FFE704B080BD000080B588B03A
:1054800007900020069005900490039002900798E2
:10549000006840F20041C4F20001884221D1FFE7D8
:1054A000FFE70020019043F63000C4F202000168DB
:1054B00041F002010160006800F0020001900198D3
:1054C000FFE7012002900220039000210491059142
:1054D000069040F20040C4F2020002A9FDF798FED7
:1054E000FFE708B080BD000081B0009001B07047B8
:1054F00080B586B004900391029200208DF80700D9
:10550000FFE7049890F83C00012804D1FFE702204F
:105510008DF8170089E00499012081F83C00FFE72D
:10552000FFE7029800900C2800F270800099DFE8F5
:1055300001F0076D6D6D206D6D6D3A6D6D6D5300F1
:1055400004980068039902F0C3FB04980168886915
:1055500040F00800886104980168886920F0040020
:10556000886103980269049801688869104388611A
:1055700050E004980068039902F020FC0498016848
:10558000886940F40060886104980168886920F4A3
:10559000806088610398026904980168886940EA1C
:1055A0000220886136E004980068039902F080FCCC
:1055B00004980168C86940F00800C861049801684F
:1055C000C86920F00400C861039802690498016862
:1055D000C8691043C8611DE004980068039902F08F
:1055E000E1FC04980168C86940F40060C86104984F
:1055F0000168C86920F48060C86103980269049852
:105600000168C86940EA0220C86103E001208DF802
:105610000700FFE7FFE70499002081F83C00FFE75F
:105620009DF807008DF81700FFE79DF8170006B0FA
:1056300080BD000080B582B00090009820B9FFE7DF
:1056400001208DF807003FE0009890F83D0040B938
:10565000FFE70099002081F83C00009800F038F83E
:10566000FFE70099022081F83D00009951F8040BF2
:1056700002F010FA0099012081F84600FFE7009936
:10568000012081F83E00009981F83F00009981F8DF
:105690004000009981F84100FFE7FFE700990120F1
:1056A00081F84200009981F84300009981F8440094
:1056B000009981F84500FFE70099012081F83D003D
:1056C00000208DF80700FFE79DF8070002B080BDBD
:1056D00081B0009001B0704781B0009001B0704778
:1056E00080B58CB00A900991099828B9FFE70A980B
:1056F00090F83E0007901CE00998042805D1FFE7C8
:105700000A9890F83F00069010E00998082805D103
:10571000FFE70A9890F84000059004E00A9890F896
:1057200041000590FFE705980690FFE7069807906F
:10573000FFE70798012804D0FFE701208DF82F002C
:10574000AFE0099828B9FFE70A99022081F83E00E6
:105750001EE00998042806D1FFE70A99022081F883
:105760003F00049012E00998082806D1FFE70A9943
:10577000022081F84000039005E00A99022081F898
:1057800041000390FFE703980490FFE70498FFE7C8
:105790000A98006809990122019202F04DFA0198D5
:1057A0000A9909680022C4F20102914202900CD0C9
:1057B000FFE70A9800684FF60041CBF6FE710844F7
:1057C000B0FA80F040090290FFE70298C00738B1B4
:1057D000FFE70A980168486C40F400404864FFE71E
:1057E0000A9800680021C4F2010188423CD0FFE71A
:1057F0000A980068B0F1804F36D0FFE70A98006839
:1058000040F20041C4F2000188422DD0FFE70A981F
:10581000006840F60001C4F20001884224D0FFE78E
:105820000A98006840F60041C4F2000188421BD08B
:10583000FFE70A98006840F20041C4F20101884283
:1058400012D0FFE70A98006844F20001C4F2010197
:10585000884209D0FFE70A98006841F60001C4F2C7
:105860000001884212D1FFE70A980068806800F0C2
:10587000070008900898062807D0FFE70A980168F3
:10588000086840F001000860FFE706E00A98016838
:10589000086840F001000860FFE700208DF82F0045
:1058A000FFE79DF82F000CB080BD000080B582B0EE
:1058B0000190019841F25C61C2F20001884203D17B
:1058C000FFE703F08DFEFFE7019841F27C71C2F221
:1058D000000188426BD1FFE740F22C20C2F20000A9
:1058E000007838B9FFE740F61840C2F2000005F032
:1058F00075FCFFE740F61840C2F2000005F08EFC90
:1059000040F6ED60C2F20000007849F69812C1F648
:1059100099124CF6CD41CCF6CC4100FB01204FEA68
:10592000F00046F26661C0F26661884237D8FFE750
:1059300040F6EB60C2F200000078D0B1FFE740F221
:10594000BC10C2F20000022108F0C8F941F6C341C0
:10595000C2F2000108780130087040F6ED61C2F231
:1059600000010020087040F6EB61C2F200010870EF
:1059700014E040F24C10C2F200000121009108F046
:10598000ADF9009840F6EB61C2F20001087040F6F4
:10599000ED61C2F2000100200870FFE7FFE740F66A
:1059A000ED61C2F20001087801300870FFE701984C
:1059B00041F2C471C2F2000188420ED1FFE740F209
:1059C0003020C2F2000007F0DDFD40F6F460C2F2C4
:1059D0000000006804F024FBFFE7019841F2A46195
:1059E000C2F20001884240F08580FFE740F6EC609B
:1059F000C2F200000078C007D0BBFFE740F24C10B5
:105A0000C2F20000B0F90A00012830D1FFE740F6E9
:105A10006430C2F20000007890B9FFE740F24C1009
:105A2000C2F2000001219FED462AB0EE420AF0EEDC
:105A3000420AB0EE421AF0EE421A08F0ADF815E054
:105A400040F6A030C2F2000090ED002A40F24C1067
:105A5000C2F2000001219FED3A1AF7EE001AB0EEF3
:105A6000410AF0EE410A08F097F8FFE7FFE739E056
:105A700040F2BC10C2F20000B0F90A00012830D197
:105A8000FFE740F61440C2F20000007890B9FFE74B
:105A900040F2BC10C2F2000002219FED292AB0EEB4
:105AA000420AF0EE420AB0EE421AF0EE421A08F054
:105AB00073F815E040F69060C2F2000090ED002A05
:105AC00040F2BC10C2F2000002219FED1D1ADFED72
:105AD0001D1AB0EE410AF0EE410A08F05DF8FFE74A
:105AE000FFE7FFE740F6EC61C2F200010878013001
:105AF0000870FFE7019841F60C01C2F200018842EC
:105B00001CD1FFE740F23020C2F20000D0F804229E
:105B100040F28001C2F200010A60D0F808224A6017
:105B2000D0F80C228A60D0F81002C86043F23330FB
:105B3000C4F2C310086101F017FDFFE702B080BD99
:105B400000000000CDCCCC3D81B0009001B070478A
:105B500082B00190ADF8021002B0704781B00090A1
:105B600001B0704780B588B0079001200690FFE72C
:105B7000FFE70798006850E8030F20F4F0700590E5
:105B8000FFE705990798026842E803100028F0D162
:105B9000FFE7FFE7FFE7FFE70798006850E8050F1A
:105BA00020F001000490FFE704990798026842E89A
:105BB00005100028F0D1FFE7FFE70798006B0128E8
:105BC00014D1FFE7FFE7FFE70798006850E8030FED
:105BD00020F010000390FFE703990798026842E85D
:105BE00003100028F0D1FFE7FFE7FFE70798806B7D
:105BF000A8B1FFE70798006840690006002808D5AB
:105C0000FFE70798816B48F2B530C0F600000865E1
:105C100004E00798816B00200865FFE7FFE707981D
:105C2000C06BA8B1FFE707980068406940060028EC
:105C300008D5FFE70798C16B48F2AD20C0F6000019
:105C4000086504E00798C16B00200865FFE7FFE7DF
:105C50000798006840690006002827D5FFE7FFE79E
:105C6000FFE70798006850E8050F20F080000290D9
:105C7000FFE702990798026842E805100028F0D172
:105C8000FFE7FFE70798806B78B1FFE70798806B25
:105C9000FCF7D0FF28B1FFE70798816B002008656B
:105CA00002E000200690FFE7FFE7FFE707980068A3
:105CB00040694006002829D5FFE7FFE7FFE707987E
:105CC000006850E8050F20F040000190FFE70199BF
:105CD0000798026842E805100028F0D1FFE7FFE7C7
:105CE0000798C06B88B1FFE70798C06BFCF7A2FF6D
:105CF00038B1FFE70798C16B0020086501200690C6
:105D000002E000200690FFE7FFE7FFE70698012882
:105D100014D1FFE707990020C8840799C88507991F
:105D20004864079A202182F84110079A82F84210AD
:105D3000079908630798FFF711FFFFE7002008B0F5
:105D400080BD000080B584B00390002002900398CD
:105D500000684069C0B2C0090290039890F8410001
:105D6000212823D1FFE7029800B3FFE7FFE7FFE711
:105D70000398006850E8050F20F080000190FFE7CD
:105D800001990398026842E805100028F0D1FFE766
:105D9000FFE70398806B28B1FFE70398806BFCF75F
:105DA000D3FEFFE7039802F09BFBFFE70398006830
:105DB0004069C0F380100290039890F842002228B6
:105DC00023D1FFE7029800B3FFE7FFE7FFE703985F
:105DD000006850E8050F20F040000090FFE70099B0
:105DE0000398026842E805100028F0D1FFE7FFE7BA
:105DF0000398C06B28B1FFE70398C06BFCF7A4FEC3
:105E0000FFE7039802F00EFBFFE7002004B080BD1F
:105E100081B0009001B0704780B592B01190119898
:105E200000680068109011980068C0680F90119881
:105E3000006840690E9000200D900C90109800F0C2
:105E40000F000D900D9888B9FFE79DF8400080067F
:105E500000280AD5FFE79DF83C008006002804D5FD
:105E6000FFE7119802F058FB02E2FFE70D980028C7
:105E700000F0C280FFE79DF83800C00738B9FFE79F
:105E8000BDF83C0010F4907F00F0B680FFE79DF86D
:105E90004000C00758B1FFE79DF83D00C00730B192
:105EA000FFE71199486C40F001004864FFE79DF856
:105EB0004000400700280BD5FFE79DF83800C007D9
:105EC00030B1FFE71199486C40F002004864FFE7E9
:105ED0009DF84000800700280BD5FFE79DF83800AB
:105EE000C00730B1FFE71199486C40F004004864E6
:105EF000FFE79DF840000007002811D5FFE79DF857
:105F00003C008006002805D4FFE79DF83800C00754
:105F100030B1FFE71199486C40F008004864FFE792
:105F20001198406C002866D0FFE79DF8400080067D
:105F300000280AD5FFE79DF83C008006002804D51C
:105F4000FFE7119802F0E8FAFFE71198006840694E
:105F5000C0F380100C901198406C0007002804D406
:105F6000FFE70C9800283ED0FFE7119802F05AFA9C
:105F7000119800684069400600282FD5FFE7FFE729
:105F8000FFE71198006850E8050F20F040000B90E3
:105F9000FFE70B991198026842E805100028F0D13C
:105FA000FFE7FFE71198C06B98B1FFE71198C16B4D
:105FB00048F22110C0F6000008651198C06BFCF78C
:105FC00039FE28B1FFE71198C06B016D8847FFE7E4
:105FD00003E01198FFF71CFFFFE703E01198FFF7BC
:105FE00017FFFFE706E01198FFF712FF1199002055
:105FF0004864FFE7FFE73BE11198006B012840F0A0
:106000001781FFE79DF84000C006002840F110818D
:10601000FFE79DF83C00C006002840F10981FFE73A
:10602000FFE700200A901198006800680A90119814
:10603000006840680A900A98FFE711980068406974
:106040004006002840F19A80FFE71198C06B006875
:106050004068ADF82600BDF82600002875D0FFE79F
:10606000BDF826001199898D88426EDAFFE7BDF8E8
:1060700026001199C8851198C06BC069B0F5807F62
:1060800058D0FFE7FFE7FFE71198006850E8030FDB
:1060900020F480700890FFE708991198026842E8A0
:1060A00003100028F0D1FFE7FFE7FFE7FFE71198B3
:1060B000006850E8050F20F001000790FFE70799FE
:1060C0001198026842E805100028F0D1FFE7FFE7C9
:1060D000FFE7FFE71198006850E8050F20F0400047
:1060E0000690FFE706991198026842E8051000281B
:1060F000F0D1FFE7FFE71199202081F842001199C4
:1061000000200863FFE7FFE71198006850E8030FDD
:1061100020F010000590FFE705991198026842E809
:1061200003100028F0D1FFE7FFE71198C06BFCF7E0
:106130000BFDFFE71199022048631198818DC28DF4
:10614000891A89B2FFF704FD17E0BDF826001199FE
:10615000898D884210D1FFE71198C06BC069B0F5F6
:10616000807F08D1FFE71199022048631198818D43
:10617000FFF7EEFCFFE7FFE7FFE779E01199888D75
:10618000C98D401AADF812001198C08D00284ED06C
:10619000FFE7BDF81200002849D0FFE7FFE7FFE75F
:1061A0001198006850E8030F20F490700390FFE707
:1061B00003991198026842E803100028F0D1FFE724
:1061C000FFE7FFE7FFE71198006850E8050F20F0B0
:1061D00001000290FFE702991198026842E8051059
:1061E0000028F0D1FFE7FFE71199202081F8420055
:1061F000119900200863FFE7FFE71198006850E855
:10620000030F20F010000190FFE701991198026838
:1062100042E803100028F0D1FFE7FFE711990220C0
:1062200048631198BDF81210FFF792FCFFE71FE0DA
:106230009DF84000000600280AD5FFE79DF83C00C5
:106240000006002804D5FFE7119802F04FFB0FE08D
:106250009DF84000400600280AD5FFE79DF83C0065
:106260004006002804D5FFE7119802F025F9FFE762
:1062700012B080BD80B582B00090009820B9FFE7D1
:1062800001208DF8070040E00098806908B1FFE721
:1062900000E0FFE7009890F8410040B9FFE700995F
:1062A000002081F84000009800F034F8FFE70099E2
:1062B000242081F8410000980168C86820F400504B
:1062C000C860009802F0DCF900980168086920F4C1
:1062D0009040086100980168486920F02A004861F0
:1062E00000980168C86840F40050C8600099002018
:1062F0004864009A202182F84110009A82F84210E6
:10630000009948638DF80700FFE79DF8070002B089
:1063100080BD000080B5A4B0239000202290219081
:1063200020901F901E902398006845F20001C4F24F
:106330000001884240F0BD80FFE7FFE700201D908C
:1063400043F64000C4F20200016841F4801101608C
:10635000006800F480101D901D98FFE7FFE7002003
:106360001C9043F63000C4F20200016841F00401C1
:106370000160006800F004001C901C98FFE7FFE734
:1063800000201B9043F63000C4F20200016841F087
:1063900008010160006800F008001B901B98FFE7EF
:1063A0004FF480501E9002200D901F9000201190FD
:1063B000209003200E90219008200F90229040F60C
:1063C0000000C4F202001EA91091FCF721FFDDF8C5
:1063D00034C00E9A0F981099119B4FF0040ECDF80F
:1063E00078E0CDF87CC020932192229040F60040C6
:1063F000C4F20200FCF70CFF119940F66070C2F283
:106400000000129046F21002C4F2020202604FF045
:10641000006242608160C1604FF48062026141614C
:106420008161C16101624162FCF7B6FD18B1FFE70D
:10643000FBF794FBFFE7FFE7239840F66071C2F299
:106440000001C16323988863FFE740F6C070C2F281
:1064500000000C9046F2B801C4F2020101604FF056
:1064600000614160402181600021C1604FF4806281
:10647000026141618161C16101624162FCF78CFD91
:1064800018B1FFE7FBF76AFBFFE7FFE7239840F649
:10649000C071C2F20001816323988863FFE7352051
:1064A0000B9000221146FDF73FF90B98FDF732F9EA
:1064B0001BE22398006841F20001C4F20101884206
:1064C00068D1FFE7FFE700201A9043F64400C4F2CA
:1064D0000200016841F010010160006800F0100046
:1064E0001A901A98FFE7FFE70020199043F6300052
:1064F000C4F20200016841F001010160006800F08F
:10650000010019901998FFE74FF4C0601E90022017
:106510001F9001202090032021900720229000202E
:10652000C4F202001EA9FCF773FE41F22000C2F281
:1065300000000A9046F24041C4F2020101604FF0AF
:106540000061416000218160C1604FF4806202619E
:1065500041618161C1614FF4403202624162FCF7E6
:106560001BFD18B1FFE7FBF7F9FAFFE7FFE72398F8
:1065700041F22001C2F20001C16323988863FFE762
:106580002520099000221146FDF7CEF80998FDF765
:10659000C1F8A9E12398006844F20041C4F2000167
:1065A000884240F09480FFE7FFE70020189043F610
:1065B0004000C4F20200016841F40031016000684B
:1065C00000F4003018901898FFE7FFE700201790BC
:1065D00043F63000C4F20200016841F0010101609D
:1065E000006800F0010017901798FFE70C201E903C
:1065F00002201F900120209003202190072022904C
:106600000020C4F202001EA9FCF702FE41F2800045
:10661000C2F20000089046F28801C4F20201016053
:106620004FF00061416000218160C1604FF48062E1
:10663000026141618161C1614FF440320262416295
:10664000FCF7AAFC18B1FFE7FBF788FAFFE7FFE7C2
:10665000239841F28001C2F20001C163239888634C
:10666000FFE741F2E000C2F20000079046F2A0010D
:10667000C4F2020101604FF000614160402181607D
:106680000021C1604FF48062026141618161C1619A
:106690004FF4403202624162FCF77EFC18B1FFE722
:1066A000FBF75CFAFFE7FFE7239841F2E001C2F253
:1066B0000001816323988863FFE72620069000226B
:1066C0001146FDF731F80698FDF724F80BE1239801
:1066D000006844F60001C4F20001884240F0928054
:1066E000FFE7FFE70020169043F64000C4F20200E7
:1066F000016841F480210160006800F48020169058
:106700001698FFE7FFE70020159043F63000C4F22B
:106710000200016841F002010160006800F002001F
:1067200015901598FFE74FF440601E9002201F90CF
:1067300001202090032021900720229040F2004069
:10674000C4F202001EA9FCF763FD41F24010C2F240
:106750000000059046F22801C4F2020101604FF0EA
:106760000061416000218160C1604FF4806202617C
:1067700041618161C16101624162FCF70DFC18B1A8
:10678000FFE7FBF7EBF9FFE7FFE7239841F2401142
:10679000C2F20001C16323988863FFE741F2A010B1
:1067A000C2F20000049046F25801C4F202010160F6
:1067B0004FF000614160402181600021C1604FF4D1
:1067C0008062026141618161C16101624162FCF7E5
:1067D000E3FB18B1FFE7FBF7C1F9FFE7FFE72398F9
:1067E00041F2A011C2F20001816323988863FFE7A0
:1067F0002720039000221146FCF796FF0398FCF730
:1068000089FF6FE02398006841F20041C4F2010162
:10681000884266D1FFE7FFE70020149043F644006A
:10682000C4F20200016841F020010160006800F03C
:10683000200014901498FFE7FFE70020139043F620
:106840003000C4F20200016841F0040101600068F8
:1068500000F0040013901398FFE7C0201E90022060
:106860001F9001202090032021900820229040F6C4
:106870000000C4F202001EA9FCF7CAFC41F200208D
:10688000C2F20000029046F22841C4F20201016007
:106890004FF02061416000218160C1604FF480624F
:1068A000026141618161C16101624162FCF774FB77
:1068B00018B1FFE7FBF752F9FFE7FFE7239841F232
:1068C0000021C2F20001C16323988863FFE74720DB
:1068D000019000221146FCF727FF0198FCF71AFFF0
:1068E000FFE7FFE7FFE7FFE7FFE724B080BD000019
:1068F00080B584B002900191ADF80220029890F822
:106900004200202817D1FFE7019820B1FFE7BDF82A
:10691000020020B9FFE701208DF80F000FE0029977
:106920000020086302980199BDF8022001F046FF9B
:106930008DF80F0003E002208DF80F00FFE79DF8AF
:106940000F0004B080BD000081B0009001B070471E
:1069500081B0009001B0704780B58AB0089007916F
:10696000ADF81A20059300200290089890F8410095
:10697000202840F08180FFE7079820B1FFE7BDF8AD
:106980001A0020B9FFE701208DF8270078E0089968
:10699000002048640899212081F84100FCF72CFE72
:1069A0000290BDF81A0008998884BDF81A00089969
:1069B000C88408988068B0F5805F09D1FFE708981F
:1069C000006928B9FFE7002004900798039004E0CD
:1069D0000798049000200390FFE7FFE70898C08C19
:1069E00078B3FFE70898029B05996A4611608021F9
:1069F000002201F0C5FF40B1FFE70899202081F88F
:106A0000410003208DF827003AE0049858B9FFE7C9
:106A1000039800886FF35F2008990968486003981D
:106A20000230039008E004980078089909684860EB
:106A3000049801300490FFE70899C88C0138C88495
:106A4000CCE70898029B05996A4611604021002214
:106A500001F096FF40B1FFE70899202081F841003E
:106A600003208DF827000BE00899202081F84100D1
:106A700000208DF8270003E002208DF82700FFE7B3
:106A80009DF827000AB080BD80B586B004900391C0
:106A9000ADF80A20049890F8410020286AD1FFE759
:106AA000039820B1FFE7BDF80A0020B9FFE70120F5
:106AB0008DF8170062E0039804990862BDF80A0097
:106AC00004998884BDF80A000499C88404990020B8
:106AD0004864049A212182F8411004998A6B48F293
:106AE0003931C0F60001D16304998A6B48F20D4137
:106AF000C0F60001116404998A6B48F23D11C0F69A
:106B00000001D1640499896B086503A80190049879
:106B10000268806B019909680432BDF80A30FCF7FD
:106B2000F3FA58B1FFE70499102048640499202033
:106B300081F8410001208DF817001FE004980168DA
:106B40006FF040000860FFE7FFE70498006850E836
:106B5000050F40F080000090FFE70099049802685C
:106B600042E805100028F0D1FFE7FFE700208DF88C
:106B7000170003E002208DF81700FFE79DF81700CB
:106B800006B080BD81B0009001B0704781B0009028
:106B900001B07047FFE7FEE780B586B005900020A2
:106BA000049041F6E400C2F2000000680068C0F3FF
:106BB00000100490049800286DD0FFE7FFE7002044
:106BC000029041F6E400C2F20000016809680291F7
:106BD0000068406802900298FFE741F6E400C2F2C4
:106BE00000000090016809680391016849680391F9
:106BF000FFF7A8F800980599096849680391039977
:106C0000C1F5807140F2A642C2F20002118040F24A
:106C1000A441C2F200010A78B2FA82F252090A7063
:106C20000A7841F60821C2F2000101EB02214FF47B
:106C30008072FFF75DFE0020ADF80600FFE7BDF8AB
:106C4000060040F2A641C2F200010988884221DA1A
:106C5000FFE740F2A440C2F200000078B0FA80F0F2
:106C6000410941F60820C2F2000000EB0120BDF806
:106C70000610415C41F26020C2F2000008F0BEFA4A
:106C800008B1FFE7FFE7FFE7BDF806000130ADF808
:106C90000600D4E7FFE706B080BD000080B582B0F3
:106CA00041F26020C2F200004FF46971F9F763FC11
:106CB00041F6BC10C2F200004C21F9F73AFC41F653
:106CC000E400C2F2000001900268D16841F01001B6
:106CD000D16041F60821C2F200014FF48072FFF743
:106CE00007FE019841F24161C0F6010108224FF60A
:106CF000FF73FFF731FE4FF47A70FCF767FA02B0CA
:106D000080BD000080B582B040F61070C2F2000075
:106D1000019046F20041C4F2000101600621416089
:106D200000218160C1604FF4403202614FF4801253
:106D300042610176012242768176C27601774177FF
:106D4000FBF740FC18B1FFE7FAF708FFFFE702B0D6
:106D500080BD000080B582B040F63870C2F20000FD
:106D6000019046F60001C4F2000101600621416075
:106D700000218160C1604FF4403202614FF4801203
:106D800042610176012242768176C27601774177AF
:106D9000FBF718FC18B1FFE7FAF7E0FEFFE702B0D7
:106DA00080BD000080B58CB0FFE700200B9043F65B
:106DB0003000C4F20200016841F480010160006803
:106DC00000F480000B900B98FFE7FFE700200A908B
:106DD00043F63000C4F20200016841F40011016082
:106DE000006800F400100A900A98FFE70B20019059
:106DF000002208921146FCF797FC0198FCF78AFCE8
:106E0000089A0C2002901146FCF78EFC0298FCF7C1
:106E100081FC089A0E2003901146FCF785FC03982C
:106E2000FCF778FC089A102004901146FCF77CFCD3
:106E30000498FCF76FFC089A112005901146FCF7A6
:106E400073FC0598FCF766FC089A2F200690114603
:106E5000FCF76AFC0698FCF75DFC089A392007905D
:106E60001146FCF761FC0798FCF754FC089A3A209D
:106E700009901146FCF758FC0998FCF74BFC0CB044
:106E800080BD000080B594B0002013901290119046
:106E900010900F90FFE700200E9043F63000C4F2F0
:106EA0000200016841F080010160006800F080008C
:106EB0000E900E98FFE7FFE700200D9043F630009C
:106EC000C4F20200016841F001010160006800F0B5
:106ED00001000D900D98FFE7FFE700200C9043F6AE
:106EE0003000C4F20200016841F004010160006852
:106EF00000F004000C900C98FFE7FFE700200B90D7
:106F000043F63000C4F20200016841F00201016062
:106F1000006800F002000B900B98FFE7FFE70020ED
:106F20000A9043F63000C4F20200016841F0080103
:106F30000160006800F008000A900A98FFE700204E
:106F4000C4F2020000901021019100220792FCF788
:106F50003BFB0199079A40F60000C4F2020004903E
:106F6000FCF732FB04982021029101220692FCF7E3
:106F70002BFB079A40F20040C4F202000890642103
:106F80000591FCF721FB0098019B069A07990F9346
:106F9000109211910321039112910FA90991FCF70D
:106FA00037F9039A0498DDF818C0079B0999DDF8B2
:106FB00004E0CDF83CE0CDF840C011931292FCF70C
:106FC00027F9DDF808C0039A0498069B0999CDF8C3
:106FD0003CC0109311931292FCF71AF9DDF814C01B
:106FE000069B079A08980999CDF83CC01093119216
:106FF0001292FCF70DF914B080BD000080B582B08C
:1070000041F20460C2F20000019043F20001C4F2B8
:10701000010101604FF48271416000218160C16013
:10702000016141614FF4007282611822C261016204
:10703000416281620A21C162FDF7C8F818B1FFE719
:10704000FAF78CFDFFE702B080BD000080B588B084
:1070500000210091079106910591049103910291FD
:1070600041F25C60C2F2000001900022C4F2010211
:10707000026053224260816040F69F72C2600161EB
:1070800041618161FDF758FE18B1FFE7FAF766FD2F
:10709000FFE74FF48050049041F25C60C2F20000C0
:1070A00004A9FEF717F818B1FFE7FAF757FDFFE755
:1070B00000200290039041F25C60C2F2000002A93D
:1070C000FDF7A8FD18B1FFE7FAF748FDFFE708B0A4
:1070D00080BD000080B588B0002101910791069124
:1070E000059104910391029141F2A460C2F2000063
:1070F0004FF08042026053224260816040F2F312FE
:10710000C26001618161FDF717FE18B1FFE7FAF770
:1071100025FDFFE74FF48050049041F2A460C2F2D5
:10712000000004A9FDF7D6FF18B1FFE7FAF716FD36
:10713000FFE700200290039041F2A460C2F2000039
:1071400002A9FDF767FD18B1FFE7FAF707FDFFE7B2
:1071500008B080BD80B58EB0002100910D910C91DA
:107160000B910A910991089107910691059104915B
:1071700003910291019141F2EC60C2F2000040F2F1
:107180000042C4F200020260A822426081606422D0
:10719000C260016180218161FDF7CEFD18B1FFE77A
:1071A000FAF7DCFCFFE74FF480500A9041F2EC6004
:1071B000C2F200000AA9FDF78DFF18B1FFE7FAF748
:1071C000CDFCFFE741F2EC60C2F20000FEF732FABC
:1071D00018B1FFE7FAF7C2FCFFE70020089009901A
:1071E00041F2EC60C2F2000008A9FDF713FD18B1EE
:1071F000FFE7FAF7B3FCFFE7602001900020029060
:107200000390059041F2EC60C2F2000001A908224F
:10721000FEF76EF918B1FFE7FAF7A0FCFFE741F2BD
:10722000EC60C2F20000FEF729F90EB080BD00004C
:1072300080B588B0002101910791069105910491D4
:107240000391029141F23470C2F2000040F6004214
:10725000C4F20002026053224260816040F2E732D1
:10726000C26001618161FDF767FD18B1FFE7FAF7C0
:1072700075FCFFE74FF48050049041F23470C2F285
:10728000000004A9FDF726FF18B1FFE7FAF766FC36
:10729000FFE700200290039041F23470C2F2000038
:1072A00002A9FDF7B7FC18B1FFE7FAF757FCFFE7B3
:1072B00008B080BD80B582B000210191009141F2FB
:1072C0007C70C2F2000041F20002C4F200020260CF
:1072D00040F247324260816042F20F72C2608161C7
:1072E000FDF72AFD18B1FFE7FAF738FCFFE70020A9
:1072F0000090019041F27C70C2F200006946FDF7F7
:1073000089FC18B1FFE7FAF729FCFFE702B080BD5E
:1073100080B582B000210191009141F2C470C2F2A7
:10732000000041F20042C4F20002026053224260B7
:10733000816040F2E732C2608161FDF7FDFC18B167
:10734000FFE7FAF70BFCFFE700200090019041F205
:10735000C470C2F200006946FDF75CFC18B1FFE79B
:10736000FAF7FCFBFFE702B080BD000080B588B0F3
:1073700000210091079106910591049103910291DA
:1073800041F60C00C2F20000019040F20042C4F24B
:107390000102026053224260816040F2E142C26019
:1073A000016141618161FDF7C7FC18B1FFE7FAF7A0
:1073B000D5FBFFE74FF48050049041F60C00C2F279
:1073C000000004A9FDF786FE18B1FFE7FAF7C6FB37
:1073D000FFE700200290039041F60C00C2F200008B
:1073E00002A9FDF717FC18B1FFE7FAF7B7FBFFE7B3
:1073F00008B080BD80B582B041F62C10C2F200000A
:10740000019045F20001C4F2000101604FF4E13146
:10741000416000218160C16001610C224261816193
:10742000C161FEF727FF18B1FFE7FAF797FBFFE707
:1074300002B080BD80B582B041F65400C2F20000B7
:10744000019041F20001C4F2010101604FF4612199
:10745000416000218160C16001610C224261816153
:10746000C161FEF707FF18B1FFE7FAF777FBFFE707
:1074700002B080BD80B582B041F69C00C2F200002F
:10748000019044F20041C4F2000101604FF4E12197
:10749000416000218160C16001610C224261816113
:1074A000C161FEF7E7FE18B1FFE7FAF757FBFFE708
:1074B00002B080BD80B582B041F6E400C2F20000A7
:1074C000019044F60001C4F2000101604FF4612113
:1074D000416000218160C16001610C2242618161D3
:1074E000C161FEF7C7FE18B1FFE7FAF737FBFFE708
:1074F00002B080BD80B582B041F67410C2F20000C7
:10750000019041F20041C4F20101016048F2A06122
:10751000C0F2010141604FF4805181600021C160DF
:107520004FF4806202610C2242618161C161FEF709
:10753000A1FE18B1FFE7FAF711FBFFE702B080BD2B
:10754000FFE7FEE780B541F69C00C2F2000002684A
:10755000D16841F01001D16040F68411C2F20001FF
:107560008022FFF7C5F980BD80B584B040F60421C4
:10757000C2F2000101915A2008705320487040F671
:10758000A430C2F200000078887040F28000C2F29D
:1075900000000290827DCA70C27D0A7102784A7131
:1075A00042788A718278CA71C2780A7202794A7204
:1075B00042798A728279CA72C2790A73027A4A73EC
:1075C000427A8A73827ACA73C27A0A74027B4A74D4
:1075D000427B8A74827BCA74C27B0A75027C4A75BC
:1075E000427C8A75827CCA75C07C0876192003901B
:1075F000FFE7039819280CDCFFE7039A40F6042103
:10760000C2F2000100208854FFE703980130039084
:10761000EFE740F60420C2F2000000901B2102F0C8
:1076200099FA0099024640F28000C2F2000082827C
:10763000027DCA76407D087741F69C00C2F20000C8
:107640001D22FFF721FA04B080BD0000FFE7FEE72E
:1076500088B0079006910592079800F00700049003
:107660000498C0F10700052803D3FFE70420019028
:1076700004E00498C0F107000190FFE7019803902F
:1076800004980430062803D8FFE70020009003E0A8
:10769000049803380090FFE7009802900698039939
:1076A000012202FA01F101390840029B9840059934
:1076B0009A40013A1140084308B0704770470000F3
:1076C00082B001900198006800909DED000A02B020
:1076D0007047000080B586B0049003910292049830
:1076E0004068B0F5827F13D1FFE704988068B0F559
:1076F000004F06D0FFE704988068B0F5806F07D18F
:10770000FFE704980168086820F040000860FFE780
:1077100004984068B0F5827F31D1FFE70498806813
:10772000B0F5806F15D0FFE70498039B02996A4675
:1077300011608021002200F0A5F848B1FFE704990C
:10774000486D40F02000486503208DF817002FE0B9
:1077500014E00498039B02996A46116001210022FB
:1077600000F090F848B1FFE70499486D40F0200020
:10777000486503208DF817001AE0FFE714E004982D
:10778000039B02996A4611600121002200F07AF8F9
:1077900048B1FFE70499486D40F020004865032098
:1077A0008DF8170004E0FFE700208DF81700FFE7D1
:1077B0009DF8170006B080BD80B586B00490039197
:1077C00002920498039B02996A46116002210122E9
:1077D00000F058F848B1FFE70499486D40F02000E8
:1077E000486503208DF8170048E040F20400C2F21B
:1077F000000000684AF6AB21CAF6AA21A0FB0110DE
:1078000000094DF68361C4F21B31A0FB0110800C0E
:107810004FF47A714843019004984068B0F5827F34
:1078200015D1FFE70498039B02996A4611608021F5
:10783000002200F027F848B1FFE70499486D40F0B6
:107840002000486503208DF8170017E012E0FFE7DD
:10785000019808B9FFE70CE0019801380190FFE7B3
:10786000049800688068C1B20020B0EBD11FEFD14E
:10787000FFE7FFE700208DF81700FFE79DF81700EE
:1078800006B080BD80B58AB0DDF830C008900791A1
:107890008DF81B20059305980190FBF7ADFE02467D
:1078A00001980C99891A08440390FBF7A5FE0290F1
:1078B000039840F20401C2F200010968C1F3CB3120
:1078C00048430490FFE708980068806807990840DB
:1078D000401AB0FA80F040099DF81B1088425FD032
:1078E000FFE705980130002859D0FFE7FBF784FE39
:1078F0000299401A0399884204D2FFE703980028AE
:1079000042D1FFE708980168486820F0E00048602D
:1079100008984068B0F5827F13D1FFE70898806827
:10792000B0F5004F06D0FFE708988068B0F5806F8B
:1079300007D1FFE708980168086820F04000086058
:10794000FFE70898806AB0F5005F0FD1FFE7FFE717
:1079500008980168086820F40050086008980168D9
:10796000086840F400500860FFE7FFE7089901202D
:1079700081F85100FFE70899002081F85000FFE7E7
:1079800003208DF827000FE0049818B9FFE70020C6
:10799000039003E0049801380490FFE7FFE792E7C3
:1079A00000208DF82700FFE79DF827000AB080BD72
:1079B0007047000080B582B0009000980138B0F1A7
:1079C000807F03D3FFE70120019019E00098013880
:1079D0004EF21401CEF2000108604FF0FF300F218B
:1079E00006F0C2FE4EF21801CEF20001002008603F
:1079F0004EF21002CEF20002072111600190FFE763
:107A0000019802B080BD000080B5FBF7FBFD80BD92
:107A10004EF68851CEF20001086840F4700008600C
:107A20007047000080B541F25C60C2F20000FDF7D3
:107A300017FC80BD80B541F2A460C2F20000FDF7E2
:107A40000FFC80BD80B541F23470C2F20000FDF73A
:107A500007FC80BD80B541F27C70C2F20000FDF7EA
:107A6000FFFB80BD80B541F2C470C2F20000FDF79B
:107A7000F7FB80BD80B541F60C00C2F20000FDF7B7
:107A8000EFFB80BD80B541F60C00C2F20000FDF7AF
:107A9000E7FB80BD83B002900191029800680090DE
:107AA00002980021C4F20101884225D0FFE7029824
:107AB000B0F1804F20D0FFE7029840F20041C4F2BD
:107AC0000001884218D0FFE7029840F60001C4F296
:107AD0000001884210D0FFE7029840F60041C4F24E
:107AE0000001884208D0FFE7029840F20041C4F24A
:107AF000010188420AD1FFE7009820F07000009051
:107B000001984168009808430090FFE7029800211F
:107B1000C4F20101884255D0FFE70298B0F1804FCE
:107B200050D0FFE7029840F20041C4F200018842C1
:107B300048D0FFE7029840F60001C4F200018842F5
:107B400040D0FFE7029840F60041C4F200018842AD
:107B500038D0FFE7029840F20041C4F201018842A8
:107B600030D0FFE7029844F20001C4F201018842DC
:107B700028D0FFE7029844F20041C4F20101884294
:107B800020D0FFE7029844F60001C4F201018842C8
:107B900018D0FFE7029841F60001C4F200018842C4
:107BA00010D0FFE7029841F60041C4F2000188427C
:107BB00008D0FFE7029842F20001C4F200018842B7
:107BC0000AD1FFE7009820F4407000900198C16846
:107BD000009808430090FFE7009820F0800001998A
:107BE000496908430090019880680299C862019829
:107BF00000680299886202980021C4F2010188425B
:107C000008D0FFE7029840F20041C4F20101884227
:107C100005D1FFE70198006902990863FFE702991F
:107C2000086840F00400086002990120486100984B
:107C30000299086003B0704784B0039002910192EA
:107C4000029800F01F01012088400090009A0399DB
:107C5000086A904308620198029901F01F0100FA36
:107C600001F20399086A1043086204B070470000EB
:107C700085B004900391029201930498806800906B
:107C8000009820F47F40009003980299019A41EAFD
:107C900002210143009808430090009804998860ED
:107CA00005B0704783B002900191029880680090FF
:107CB000009820F07000009001980099084340F06F
:107CC0000700009000980299886003B07047000098
:107CD00085B0049003910498006A01900499086AA1
:107CE00020F00100086204984068009004988069C0
:107CF0000290029820F070000290029820F0030099
:107D0000029003980168029808430290019820F0BD
:107D1000020001900398816801980843019004983B
:107D20000021C4F20101884208D0FFE7049840F224
:107D30000041C4F2010188420ED1FFE7019820F012
:107D4000080001900398C1680198084301900198C8
:107D500020F004000190FFE704980021C4F2010123
:107D6000884208D0FFE7049840F20041C4F20101C4
:107D7000884213D1FFE7009820F4807000900098AB
:107D800020F4007000900398416900980843009027
:107D900003988169009808430090FFE700980499D0
:107DA0004860029804998861039840680499486380
:107DB00001980499086205B07047000085B00490EE
:107DC00003910498006A01900499086A20F0100059
:107DD00008620498406800900498806902900298B4
:107DE00020F4E0400290029820F440700290039842
:107DF0000168029840EA01200290019820F02000DA
:107E0000019003988168019840EA0110019004985C
:107E10000021C4F20101884208D0FFE7049840F233
:107E20000041C4F2010188420FD1FFE7019820F020
:107E3000800001900398C168019840EA0110019008
:107E4000019820F040000190FFE704980021C4F25F
:107E50000101884208D0FFE7049840F20041C4F2D3
:107E60000101884215D1FFE7009820F4806000905E
:107E7000009820F40060009003984169009840EA5F
:107E80008100009003988169009840EA8100009089
:107E9000FFE7009804994860029804998861039864
:107EA00040680499886301980499086205B0704796
:107EB00085B0049003910498006A01900499086ABF
:107EC00020F4807008620498406800900498C069AB
:107ED0000290029820F070000290029820F00300B7
:107EE000029003980168029808430290019820F4D8
:107EF0000070019003988168019840EA0120019088
:107F000004980021C4F20101884208D0FFE70498D8
:107F100040F20041C4F2010188420FD1FFE701980D
:107F200020F4006001900398C168019840EA0120A4
:107F30000190019820F480600190FFE704980021EF
:107F4000C4F20101884208D0FFE7049840F20041E2
:107F5000C4F20101884215D1FFE7009820F4805057
:107F60000090009820F40050009003984169009818
:107F700040EA0110009003988169009840EA0110DE
:107F80000090FFE700980499486002980499C8613E
:107F9000039840680499C86301980499086205B081
:107FA0007047000085B0049003910498006A019026
:107FB0000499086A20F48050086204984068009090
:107FC0000498C0690290029820F4E0400290029860
:107FD00020F44070029003980168029840EA012062
:107FE0000290019820F40050019003988168019854
:107FF00040EA0130019004980021C4F20101884256
:1080000008D0FFE7049840F20041C4F20101884221
:108010000BD1FFE7009820F480400090039841695D
:10802000009840EA81100090FFE7009804994860AA
:1080300002980499C86103984068049908640198FB
:108040000499086205B0704785B0049003910292CC
:108050000498006A00900499086A20F00100086200
:10806000049880690190019820F0F0000190029935
:10807000019840EA01100190009820F00A00009059
:10808000039900980843009001980499886100982A
:108090000499086205B0704785B00490039102927C
:1080A0000498006A00900499086A20F010000862A1
:1080B000049880690190019820F470400190029921
:1080C000019840EA01300190009820F0A000009053
:1080D0000399009840EA0110009001980499886182
:1080E00000980499086205B07047000082B00190C2
:1080F00001980088ADF80200BDF8020002B0704798
:1081000082B00190019800680090009802B070471A
:1081100080B541F62C10C2F20000FDF77DFE80BD57
:1081200080B582B001900198806B0090009900208A
:10813000C8850098FDF76CFE02B080BD80B584B0A4
:108140000390002002900398806B019001980068D2
:108150004069C0B2C0090290019890F841002128FE
:108160000AD1FFE7029838B1FFE701990020C884DF
:10817000019800F0B5F9FFE7019800684069C0F385
:1081800080100290019890F8420022280AD1FFE75F
:10819000029838B1FFE701990020C885019800F0E6
:1081A00041F9FFE70199486C40F0100048640198DC
:1081B000FDF72EFE04B080BD80B586B00590059811
:1081C000806B0490059800680068C00500285AD4A8
:1081D000FFE704990020C885FFE7FFE704980068DF
:1081E00050E8030F20F480700390FFE70399049890
:1081F000026842E803100028F0D1FFE7FFE7FFE73D
:10820000FFE70498006850E8050F20F00100029095
:10821000FFE702990498026842E805100028F0D1AF
:10822000FFE7FFE7FFE7FFE70498006850E8050F66
:1082300020F040000190FFE701990498026842E8AD
:1082400005100028F0D1FFE7FFE70499202081F80E
:1082500042000498006B012814D1FFE7FFE7FFE715
:108260000498006850E8030F20F010000090FFE72A
:1082700000990498026842E803100028F0D1FFE753
:10828000FFE7FFE7FFE70499002048630498006BCD
:10829000012805D1FFE70498818DFDF759FC03E023
:1082A0000498FEF751FBFFE706B080BD80B582B0B1
:1082B00001900198806B00900098C16B00200865C8
:1082C0000098806B38B1FFE70098806B006D08B1B3
:1082D000FFE714E0FFE700990020C8840099C885F3
:1082E00000994864009A202182F84110009A82F88F
:1082F0004210009908630098FDF730FCFFE702B0D8
:1083000080BD000080B582B001900198806B009024
:108310000099012048630098006B012806D1FFE70F
:108320000098818D4908FDF713FC03E00098FEF7E3
:108330000FFBFFE702B080BD80B584B003900398C7
:10834000806B0290039800680068C00500282AD45A
:10835000FFE702990020C884FFE7FFE70298006862
:1083600050E8050F20F080000190FFE70199029886
:10837000026842E805100028F0D1FFE7FFE7FFE7B9
:10838000FFE70298006850E8030F40F040000090BB
:10839000FFE700990298026842E803100028F0D134
:1083A000FFE7FFE703E00298FEF7ECFBFFE704B00E
:1083B00080BD000080B582B001900198806B009074
:1083C0000098816B002008650098C06B38B1FFE70A
:1083D0000098C06B006D08B1FFE714E0FFE700995B
:1083E0000020C8840099C88500994864009A20211B
:1083F00082F84110009A82F84210009908630098B0
:10840000FDF7ACFBFFE702B080BD000080B582B095
:1084100001900198806B00900098FEF7B7FB02B0C6
:1084200080BD000084B00390FFE7FFE70398006879
:1084300050E8030F20F490700290FFE70299039830
:10844000026842E803100028F0D1FFE7FFE7FFE7EA
:10845000FFE70398006850E8050F20F00100019045
:10846000FFE701990398026842E805100028F0D15F
:10847000FFE7FFE70398006B012814D1FFE7FFE750
:10848000FFE70398006850E8030F20F01000009009
:10849000FFE700990398026842E803100028F0D132
:1084A000FFE7FFE7FFE70399202081F842000399E7
:1084B0000020086304B0704780B582B00190019835
:1084C0000168C86820F04000C8600199202081F848
:1084D00041000198FEF756FB002002B080BD00006D
:1084E00082B00190FFE7FFE70198006850E8030FB2
:1084F00020F0C0000090FFE700990198026842E870
:1085000003100028F0D1FFE7FFE70199202081F850
:10851000410002B07047000080B586B00490002092
:1085200003900290049890F84200222840F0A08026
:10853000FFE704988068B0F5805F13D1FFE70498E7
:10854000006978B9FFE70498806A0290049800688F
:1085500040686FF35F20029908800499886A0230AE
:10856000886223E00498806A039004988068B0F5DC
:10857000805F08D0FFE70498806850B9FFE704984F
:10858000006930B9FFE704980068406803990870F3
:1085900007E004980068406800F07F0003990870C5
:1085A000FFE70499886A01308862FFE70499C88D63
:1085B0000138C8850004002856D1FFE704980168F7
:1085C000C86820F02000C86004980168C86820F4DA
:1085D0008070C86004980168486920F00100486113
:1085E0000499202081F842000499002048630498EF
:1085F000006B012830D1FFE7049900200863FFE7F2
:10860000FFE70498006850E8030F20F01000019085
:10861000FFE701990498026842E803100028F0D1AE
:10862000FFE7FFE7049800680068C00600280ED541
:10863000FFE7FFE7002000900498006800680090C2
:1086400004980068406800900098FFE7FFE70498EE
:10865000818DFDF77DFA03E00498FEF775F9FFE7D9
:1086600000208DF8170007E000208DF8170003E0C8
:1086700002208DF81700FFE79DF8170006B080BDB7
:1086800080B586B0059005980068006920F44050D8
:10869000059A1168D26810430861059988680B69CA
:1086A0004A69C96918431043084304900598006853
:1086B000C06849F20C618843049908430599096828
:1086C000C86005980068406920F44070059A1168F8
:1086D0009269104348610598006841F20001C4F2B4
:1086E0000101884209D0FFE70598006841F2004186
:1086F000C4F20101884204D1FFE7FBF781F903903E
:1087000003E0FBF76BF90390FFE70598C069B0F54C
:10871000004F29D1FFE703981921A0FB0101059A19
:108720001368029353685A00DB0FF7F7F9FD0299BB
:10873000864648F21F53C5F2EB13AEFB03204209F5
:1087400010014FF0640C02FB1CEC322202EBCC0255
:10875000A2FB0332F82303EA521300EB4300C2F3F7
:1087600042121044886026E003981921A0FB010101
:10877000059A1368019353689A009B0FF7F7D0FD91
:108780000199844648F21F52C5F2EB12ACFB02304D
:108790004309642003FB10CC322000EB0C10A0FB3B
:1087A0000202F02000EA521000EB0310C2F3431261
:1087B00010448860FFE706B080BD000080B58AB035
:1087C00008900791ADF81A20079808998862BDF8BB
:1087D0001A0008998885089900204864089A22217F
:1087E00082F842100899CA6B48F2B911C0F600012C
:1087F000D1630899CA6B48F20531C0F600011164D3
:108800000899CA6B48F23D11C0F60001D16408997D
:10881000C96B086507A8059008980168C06B04310A
:10882000059A1268BDF81A30FAF76EFC58B1FFE7E6
:108830000899102048640899202081F842000120FE
:108840008DF827004EE0FFE70020049008980068AC
:108850000068049008980068406804900498FFE756
:1088600008980069A0B1FFE7FFE7FFE708980068F4
:1088700050E8030F40F480700390FFE703990898D5
:10888000026842E803100028F0D1FFE7FFE7FFE7A6
:10889000FFE7FFE70898006850E8050F40F0010087
:1088A0000290FFE702990898026842E80510002844
:1088B000F0D1FFE7FFE7FFE7FFE70898006850E81F
:1088C000050F40F040000190FFE701990898026809
:1088D00042E805100028F0D1FFE7FFE700208DF8FF
:1088E0002700FFE79DF827000AB080BD83B0019004
:1088F000019890F8410021283AD1FFE7019880685B
:10890000B0F5805F13D1FFE70198006978B9FFE700
:108910000198006A0090009800886FF35F20019929
:10892000096848600199086A0230086208E0019A03
:10893000106A411C11620078019909684860FFE7DC
:108940000199C88C0138C884000468B9FFE7019810
:108950000168C86820F08000C86001980168C86894
:1089600040F04000C860FFE700208DF80B0003E0F6
:1089700002208DF80B00FFE79DF80B0003B0704755
:1089800080B586B0DDF820C0049003918DF80B20EF
:108990000193FFE704980068006803990840401AB3
:1089A000B0FA80F040099DF80B1088424DD1FFE7E6
:1089B00008980130002847D0FFE7FAF71DFE01991B
:1089C000401A0899884203D8FFE7089820B9FFE7C2
:1089D00003208DF817003CE004980068C068400749
:1089E000002830D5FFE7039880282CD0FFE70398B4
:1089F000402828D0FFE704980068006800F00801CC
:108A00000120B0EBD10F1DD1FFE7FFE70020009060
:108A1000049800680068009004980068406800901E
:108A20000098FFE70498FFF7FDFC049908204864CC
:108A3000FFE70499002081F84000FFE701208DF84E
:108A4000170006E0FFE7FFE7A4E700208DF8170016
:108A5000FFE79DF8170006B080BD000080B584B028
:108A600040F61840C2F20000039002F0A1FC039807
:108A7000D0F80001C0F3013140F6D050C2F200003E
:108A800001F09EFA012811D0FFE740F61840C2F22B
:108A90000000D0F80001C0F3013140F6D250C2F21C
:108AA000000001F08DFA022825D1FFE741F674108D
:108AB000C2F200000290FDF745F902980168C8680B
:108AC00020F07000C86040F60071C2F200010A6830
:108AD0004868013240F100000A60486040F22C21F1
:108AE000C2F200010120087040F61840C2F20000F6
:108AF00002F0DAF8FFE740F61840C2F20000D0F8C2
:108B00000001C0F3013140F6D450C2F2000001F080
:108B100057FA032811D0FFE740F61840C2F20000D0
:108B2000D0F80001C0F3013140F6D650C2F2000087
:108B300001F046FA05282BD1FFE741F67410C2F286
:108B4000000002686FF0200111600268D16841F0F6
:108B50002001D16040F61841C2F2000101910831B4
:108B60001922FDF7C5FE019840F60872C2F2000214
:108B700013685168013341F100011360516040F204
:108B80002C22C2F200020021117002F08DF8FFE7E2
:108B900041F65400C2F20000FDF73EF904B080BD7A
:108BA00080B58EB041F69C00C2F2000000680068FB
:108BB00000F010010020B0EB111F00F00581FFE76D
:108BC000FFE700200C9041F69C00C2F20000016813
:108BD00009680C91006840680C900C98FFE741F61A
:108BE0009C00C2F200000A90016809680D910168BA
:108BF00049680D91FDF7A6F840F68410C2F2000016
:108C00000B90F8F7AFFF0A980B998022FDF770FEE2
:108C10000B980078662840F0D680FFE740F6841075
:108C2000C2F20000007F112840F0CD80FFE740F63F
:108C3000D850C2F200000078062809D0FFE740F6BD
:108C4000D850C2F200000078052840F0BB80FFE752
:108C500041F69C40C2F200004088002800F0B1803C
:108C6000FFE741F69C40C2F20000407808B1FFE700
:108C7000A6E040F6A830C2F200000078012809D032
:108C8000FFE740F6A830C2F200000078022840F06A
:108C90009680FFE741F6CC40C2F2000000680190E8
:108CA00040F6A830C2F200000790406808F076FA5B
:108CB00041EC100B51EC100B9FED470B53EC102BBC
:108CC0000393029208F07EF841EC100B51EC100B6C
:108CD0009FED430B53EC102B0593049207F04CFED1
:108CE00041EC100B51EC100B07F060FD00EE100A88
:108CF00040F23020C2F20000D0ED770A90ED7A1AEF
:108D000000F02AFB019803F0CBF8079841F6944154
:108D1000C2F2000109680691006908F03FFA029A60
:108D2000039B41EC100B51EC100B08F04BF8049A2C
:108D3000059B41EC100B51EC100B07F01DFE41ECB4
:108D4000100B51EC100B07F031FD0146069800EEB8
:108D5000101A03F081FA0798806808F01FFA41ECB6
:108D6000100B51EC100B9FED200B53EC102B0993C3
:108D7000089208F027F841EC100B51EC100B07F0AB
:108D800015FD0146079840F6E462C2F20002116048
:108D9000C06808F003FA089A099B41EC100B51ECEB
:108DA000100B08F00FF841EC100B51EC100B07F012
:108DB000FDFC40F6E061C2F200010860FFE7FFE75A
:108DC000FFE7FFE7FFE7FFE741F69C00C2F2000084
:108DD000FDF722F80EB080BD000000000080664064
:108DE0004AD8124DFB2109406666666666A64C406D
:108DF00080B541F24010C2F20000FDF7CDFE41F611
:108E0000E400C2F20000FDF707F880BD80B540F62F
:108E10001840C2F2000002F089FA41F67410C2F262
:108E20000000FCF7F9FF80BDFFE7FEE780B505F025
:108E3000FBFC80BD80B505F00FFD80BD80B505F061
:108E400013FD05F037FD05F057FE05F027FF05F08F
:108E5000A5FF06F019F880BD80B505F0EDFC80BDDA
:108E600080B505F0F1FC80BD80B505F0D5FC80BD76
:108E700080B505F001FD05F03BFD05F05DFE05F058
:108E80002BFF05F0AFFF06F00FF806F059F806F0DB
:108E9000A3F806F0D9F806F029F905F063FD05F00E
:108EA0007DFD05F097FD05F0B7FD80BD80B505F0AF
:108EB000EBFC05F03BFD05F05DFE05F02BFF05F03A
:108EC000B3FF06F00FF806F05BF806F08FF806F037
:108ED000C5F806F015F980BD80B505F095FC80BD9C
:108EE00080B505F081FC05F0D7FC05F0F7FD05F035
:108EF000C7FE05F045FF05F0B9FF06F013F806F0D0
:108F00005DF806F093F806F0C7F805F019FD05F0D6
:108F100033FD05F04DFD05F06DFD05F08DFD05F00F
:108F20009DFD05F0ADFD05F0BBFD05F0C3FD05F0B1
:108F3000CBFD05F041FE05F049FE05F051FE05F0C0
:108F400059FE05F061FE05F069FE05F071FE05F0C1
:108F500079FE05F081FE05F089FE05F0FDFE05F0C5
:108F600005FF80BD80B505F047FC80BD80B584B0AD
:108F700040F2A000C2F200000022114605F014F8F1
:108F800005200290FAF722F940F2F400C2F2000044
:108F900001220392114605F007F80298FAF716F934
:108FA00040F61840C2F20000009002F07DFA0098EE
:108FB00002F040FA0298FAF709F9FEF7C3FA0298AC
:108FC000FAF704F9039940F24C10C2F2000004F0E1
:108FD00085FE0A200190FAF7F9F840F2BC10C2F2BF
:108FE0000000022104F07AFE0298FAF7EFF840F24E
:108FF0003020C2F2000004F07DF90146019840F2F1
:109000000002C2F200021170FAF7E0F841F25C606F
:10901000C2F20000FBF7E2FF41F60C00C2F20000D2
:10902000FBF7DCFF41F27C70C2F20000FBF7D6FFD9
:1090300041F2C470C2F20000FBF7D0FF41F2A4601D
:10904000C2F20000FBF7CAFF40F6F830C2F200009F
:1090500000F0BCFE40F6DC30C2F2000000F0B6FECC
:1090600040F67460C2F2000000F0B0FE40F68430BA
:10907000C2F2000000F0AAFE40F2B440C2F20000CA
:1090800000F0A4FE40F66830C2F2000000F09EFE40
:109090000298FAF79BF8039940F6E960C2F20000E3
:1090A0000170007804B080BD80B586B040F6D8501D
:1090B000C2F200000078062807D1FFE741F6884198
:1090C000C2F200010120087006E041F68841C2F2B8
:1090D000000100200870FFE741F68840C2F200005E
:1090E0000078002866D0FFE740F61840C2F2000082
:1090F0004FF4006101F024FE00285AD0FFE740F64B
:109100001840C2F20000202101F01AFE002850D0C1
:10911000FFE70520FAF75AF86846002303934360F7
:10912000036040F2A000C2F2000040F2FF211A46A4
:1091300004F0DCFF0A20FAF749F803988DF81300D1
:10914000FFE79DF8130018281CDCFFE740F690604D
:10915000C2F200000023036068464360036040F2EF
:10916000F400C2F2000040F2FF111A4604F0BEFF04
:109170000A20FAF72BF8FFE79DF8130001308DF86D
:109180001300DEE7684600234360036040F2A0005E
:10919000C2F200004FF400711A4604F0A7FF142039
:1091A000FAF714F801200590059880F3138800F071
:1091B000CBFDFFE740F24810C2F200000088C00774
:1091C00038B1FFE740F28001C2F200010020C882FE
:1091D00006E040F28001C2F200010120C882FFE7F0
:1091E00040F20000C2F20000007848B1FFE740F210
:1091F0004A11C2F20001088840F00100088008E02E
:1092000040F24A11C2F20001088820F001000880F3
:10921000FFE740F29C00C2F20000007848B1FFE78F
:1092200040F24A11C2F20001088840F004000880B0
:1092300008E040F24A11C2F20001088820F0040060
:109240000880FFE740F61840C2F2000090F889005D
:1092500050B9FFE740F61840C2F20000B0F92A000A
:1092600010F5167F0CDAFFE741F69C41C2F20001CF
:109270000120488040F6A431C2F2000108700BE0E2
:1092800041F69C41C2F200010020488040F6A43122
:10929000C2F200010870FFE740F61840C2F2000079
:1092A0004FF4007101F04CFD0146002918BF012167
:1092B00040F6D430C2F2000000F0F0FD022818D1D0
:1092C000FFE740F61840C2F20000B0F88C008006BC
:1092D00000280ED5FFE741F68C40C2F2000000687E
:1092E00090ED080A9FED1A1A30EE010A80ED080A87
:1092F000FFE740F61840C2F200004FF4007101F0A1
:109300001FFD0146002918BF012140F6D330C2F2EB
:10931000000000F0C3FD022818D1FFE740F6184016
:10932000C2F20000B0F88C00800600280ED4FFE7DF
:1093300041F68C40C2F20000006890ED080A9FEDF3
:10934000051A30EE010A80ED080AFFE706B080BD7D
:1093500000004842000048C280B584B08DED030A89
:10936000CDED020A8DED011A9DED030A9DED021A65
:1093700030EE410A8DED000A009807F00FFF41EC36
:10938000100B9FED271B53EC112B51EC100B07F02A
:109390004CFFA8B9FFE7009807F000FF41EC100B65
:1093A0009FED251B53EC112B51EC100B07F030FAFD
:1093B00041EC100B51EC100B07F0F8F9009024E091
:1093C000009807F0EBFE41EC100B9FED171B53ECE0
:1093D000112B51EC100B07F021FFA8B9FFE7009803
:1093E00007F0DCFE41EC100B9FED111B53EC112B31
:1093F00051EC100B07F00CFA41EC100B51EC100B78
:1094000007F0D4F90090FFE7FFE79DED010A9DED1D
:10941000001A30EE010A04B080BD00BF00BF00BFDB
:10942000000000000080664000000000008066C070
:10943000000000000080764000000000008076C040
:1094400086B08DED050ACDED040A8DED031A02906C
:109450009DED030A9DED041A30EE410A8DED010ADF
:10946000049800909DED050A9DED031AB4EE410AA3
:10947000F1EE10FA03DDFFE7039805900DE09DED96
:10948000050A9DED041AB4EE410AF1EE10FA03DA72
:10949000FFE704980590FFE7FFE79DED050A9DEDC6
:1094A000001A30EE410A029901208840013801EE8D
:1094B000100AB8EEC11A20EE010A9DED011A80EEE5
:1094C000010ABDEEC00A10EE100A06B07047000097
:1094D00086B005908DED040ACDED030A02919DED55
:1094E000030A9DED041A30EE410A8DED010A04983D
:1094F00000909DED050AB8EEC00A9DED011A20EE20
:10950000010A029901208840013801EE100AB8EEE4
:10951000C11A80EE010A9DED001A30EE010A06B074
:109520007047000080B594B008A83021F7F723F801
:10953000002007900690059004900390FFE700201C
:10954000029043F64000C4F20200016841F08051ED
:109550000160006800F0805002900298FFE7FFE78A
:109560000020019047F20000C4F20000016841F4BD
:1095700080410160006800F4804001900198FFE79D
:109580000220089001210B9110210C910E900021D6
:109590000F9108211091A82111911290042013908D
:1095A00008A8FAF7B3FA18B1FFE7F8F7D7FAFFE718
:1095B0000F20039002200490002005904FF4A0504B
:1095C00006904FF48050079003A80521FAF7CEF8D3
:1095D00018B1FFE7F8F7C2FAFFE714B080BD00004A
:1095E00080B586B040F61840C2F20000D0F8000105
:1095F000000B800700284AD0FFE740F61840C2F26F
:10960000000090F81601A92840D1FFE740F6184065
:10961000C2F2000090F81701532837D1FFE740F657
:10962000184CC2F2000CCDF814C09CF81D010A21A0
:1096300061F31F108CF81D019CF818319CF819116A
:109640009CF81A219CF81B0141EA032140EA022000
:109650009CF81D219CF81C3142EA03229CF8283119
:109660009CF827C143EA0C230FFA83FC6B46C3F82E
:1096700004C012B21A600AB203B240F2F400C2F29D
:1096800000004FF4807104F031FDFFE72FE040F659
:10969000184CC2F2000CCDF810C09CF808309CF8B1
:1096A00009109CF80A209CF80B0041EA032140EACB
:1096B00002209CF80D209CF80C3042EA03229CF812
:1096C00019309CF818C043EA0C230FFA83FC6B4650
:1096D000C3F804C012B21A600AB203B240F2F40036
:1096E000C2F200004FF4887104F000FDFFE740F67D
:1096F000EA60C2F20000007818B3FFE740F61840B5
:10970000C2F20000017E407E40EA012040F24A1190
:10971000C2F20001B1F900306A46002103915160A4
:10972000116002B240F2F400C2F2000040F21311E4
:1097300004F0DCFC039840F6EA61C2F20001087014
:1097400018E041F69C40C2F20000B0F902206846E1
:1097500000234360036040F2F400C2F2000040F2D4
:10976000151104F0C3FC40F6EA61C2F200010120C9
:109770000870FFE740F2F400C2F20000C069B0F5E3
:10978000AB6F32D1FFE740F2F400C2F2000002906A
:1097900090F8382090F8391041EA022140F248123E
:1097A000C2F20002118090F83A2090F83B1041EA92
:1097B000022141F6BC42C2F20002118090F83C2026
:1097C00090F83D1041EA022141F6C042C2F2000287
:1097D000118090F83E1090F83F0040EA012041F6D9
:1097E000BE41C2F200010880FFE706B080BD000064
:1097F00084B08DED030A9DED030AB6EE001A20EE4B
:10980000010A8DED020A03980190019800900099D9
:1098100045F6DF10C5F63770A0EB610000900098A8
:1098200001909DED010A9DED021A21EE001A21EE34
:10983000002AB7EE081A31EE421A20EE010A8DED29
:10984000010A9DED010A04B07047000040F618407F
:10985000C2F2000090F82C00012810D1FFE740F67A
:109860001840C2F2000090F82D00012807D1FFE750
:1098700040F6D851C2F2000100200870BCE040F66A
:109880001840C2F2000090F82C00012810D1FFE728
:1098900040F61840C2F2000090F82D00032807D1CE
:1098A000FFE740F6D851C2F2000105200870A2E09F
:1098B00040F61840C2F2000090F82C00032810D1A6
:1098C000FFE740F61840C2F2000090F82D00012892
:1098D00007D1FFE740F6D851C2F20001022008701C
:1098E00088E040F61840C2F2000090F82C000328EF
:1098F00010D1FFE740F61840C2F2000090F82D00AA
:10990000032807D1FFE740F6D851C2F20001032037
:1099100008706EE040F61840C2F2000090F82C008B
:10992000022810D1FFE740F61840C2F2000090F87C
:109930002D00032807D1FFE740F6D851C2F20001FD
:109940000420087054E040F61840C2F2000090F87D
:109950002C00032810D1FFE740F61840C2F20000A7
:1099600090F82D00022807D1FFE740F6D851C2F247
:109970000001052008703AE040F61840C2F20000ED
:1099800090F82C00022810D1FFE740F61840C2F2F0
:10999000000090F82D00022807D1FFE740F6D851CB
:1099A000C2F200010620087020E040F61840C2F222
:1099B000000090F82C00022810D1FFE740F6184074
:1099C000C2F2000090F82D00012807D1FFE740F611
:1099D000D851C2F200010720087006E040F6D851C5
:1099E000C2F2000100200870FFE7FFE7FFE7FFE792
:1099F000FFE7FFE7FFE7FFE740F20000C2F20000E9
:109A00000078E8BBFFE740F6D850C2F200000078CB
:109A1000032827D0FFE740F6D850C2F200000078B4
:109A200001281FD0FFE740F6D850C2F200000078AE
:109A3000052807D1FFE741F69C40C2F200004088AC
:109A400080B1FFE740F6D850C2F200000078062847
:109A500008D0FFE740F6D850C2F200000078042892
:109A60000ED1FFE741F69C40C2F20000408838B9B1
:109A7000FFE740F61441C2F200010120087015E032
:109A800041F69C40C2F20000408838B1FFE740F642
:109A90001441C2F200010220087006E040F61441B1
:109AA000C2F2000100200870FFE7FFE740F200006B
:109AB000C2F200000078B0BBFFE740F6D850C2F217
:109AC00000000078032820D0FFE740F6D850C2F20B
:109AD00000000078012818D0FFE740F6D850C2F205
:109AE00000000078052810D0FFE740F6D850C2F2F9
:109AF00000000078062808D0FFE740F6D850C2F2F0
:109B00000000007804280ED1FFE741F69C40C2F225
:109B10000000408838B9FFE740F66431C2F2000126
:109B20000120087015E041F69C40C2F20000408818
:109B300038B1FFE740F66431C2F20001022008703C
:109B400006E040F66431C2F2000100200870FFE731
:109B5000FFE7704783B0029001914FF6FF70ADF8B8
:109B60000200FFE70198411E0191D8B1FFE702987A
:109B7000411C029100788DF80100BDF802009DF8AB
:109B8000011048408DF800009DF803009DF800206A
:109B900041F21C41C0F6010131F812104840ADF805
:109BA0000200DFE7BDF8020003B0704785B0049003
:109BB00003910292019300200090FFE70098019921
:109BC00088420DD2FFE703980299009A1144405C45
:109BD0000499009A8854FFE7009801300090EDE75F
:109BE00005B0704780B584B003900291019201984E
:109BF0000399029A0423FFF7D9FF04B080BD000047
:109C000085B08DED030ACDED020A8DED011A9DEDB3
:109C1000020A9DED031A30EE410A8DED000A9DED1A
:109C2000000A9DED011AB4EE410AF1EE10FA09DDC9
:109C3000FFE79DED030A9DED011A30EE010A8DED5F
:109C4000040A17E09DED000A9DED011AB1EE411ADC
:109C5000B4EE410AF1EE10FA09DAFFE79DED030ACE
:109C60009DED011A30EE410A8DED040A02E00298E2
:109C70000490FFE79DED040A05B0704780B586B0FB
:109C800003900291019203980299019AFFF7AAFFAB
:109C9000019890ED000A9FED101AB4EE410AF1EE22
:109CA00010FA13DCFFE7019890ED000A9FED0B1A04
:109CB000B4EE410AF1EE10FA08DBFFE70198006804
:109CC000049004980590012020B9FFE70199002035
:109CD0000860FFE706B080BD0000B4430000B4C3D5
:109CE00080B586B00390029101928DED000A039831
:109CF0000299019AFFF776FF019890ED000A9FED17
:109D0000101AB4EE410AF1EE10FA13DCFFE70198E5
:109D100090ED000A9FED0B1AB4EE410AF1EE10FA35
:109D200008DBFFE701980068049004980590012083
:109D300020B9FFE7009801990860FFE706B080BDF1
:109D40000000B4430000B4C3BFF34F8F4EF60C5174
:109D5000CEF20001086800F4E0600422C0F2FA527A
:109D600010430860BFF34F8FFFE700BFFDE700001F
:109D700083B002908DED010A0298009040F2080035
:109D8000C2F20000007801280AD1FFE7009940F2F2
:109D90000802C2F200020020107001984861FFE73B
:109DA000009890ED031A90ED050A9DED012A32EE20
:109DB000402A21EE021A30EE010A80ED060A81697E
:109DC000416190ED060A03B07047000080B58AB08B
:109DD0000990099808900168009141680491806891
:109DE00007F0DCF941EC100B53EC102B1046194630
:109DF00006F00EFD0246009801920A46019942ECD7
:109E0000101B8DED020B07F0C9F99DED020B41EC23
:109E1000110B53EC112B51EC100B06F0D3FF024643
:109E2000049805920A46059942EC101B8DED060B2D
:109E300007F0B4F99DED061B41EC100B51EC110B32
:109E400053EC102B06F0BEFF41EC100B51EC100B45
:109E500006F0ACFC01460898016190ED040AB7EEEB
:109E6000001A30EE011A80EE010A80ED030A0AB0F2
:109E700080BD000084B003908DED020ACDED010A93
:109E80008DED001A039802990160019941600099D3
:109E900081600021416104B07047000084B00290ED
:109EA0008DF80710029800909DF80700C00760B178
:109EB000FFE700980078C00738B9FFE70099012054
:109EC000087002208DF80F0014E09DF80700C0070D
:109ED00060B9FFE700980078C00738B1FFE7009944
:109EE0000020087001208DF80F0003E000208DF89D
:109EF0000F00FFE79DF80F0004B0704782B001909B
:109F00008DF8031001989DF8031001F00101017014
:109F100002B0704783B00190ADF80210ADF8002098
:109F2000BDF8020098B9FFE7BDF80000012804D190
:109F3000FFE701208DF80B003DE0BDF8000002288E
:109F400004D1FFE702208DF80B0034E02FE0BDF8CC
:109F50000200012812D1FFE7BDF8000020B9FFE799
:109F600003208DF80B0026E0BDF80000022804D184
:109F7000FFE704208DF80B001DE017E0BDF802009C
:109F8000022812D1FFE7BDF8000020B9FFE7052045
:109F90008DF80B000FE0BDF80000012804D1FFE7A9
:109FA00006208DF80B0006E0FFE7FFE7FFE7002043
:109FB0008DF80B00FFE79DF80B0003B07047000021
:109FC00080B584B00290ADF8061002990091BDF8FA
:109FD00006000988884204D1FFE700208DF80F00B1
:109FE00010E000980188BDF80620FFF793FF009964
:109FF0008DF80500BDF8060008809DF805008DF875
:10A000000F00FFE79DF80F0004B080BD82B0019003
:10A01000ADF802100198BDF80210018002B070473F
:10A0200080B58CB00B900B980790F9F7E5FA0A9081
:10A0300040F6F460C2F200000068816C01200890D4
:10A0400079B1FFE70A9840F6F461C2F200010968AD
:10A05000896C401A810800207C2988BF0120089063
:10A06000FFE7089800F001008DF8270040F6F46043
:10A07000C2F20000006890F834008DF8260040F22B
:10A08000F060C2F2000090ED100A01209FED8E1AE0
:10A09000B4EE410AF1EE10FA069011DCFFE740F24F
:10A0A000F060C2F2000090ED100A9FED881A0020C7
:10A0B000B4EE410AF1EE10FAB8BF01200690FFE7B6
:10A0C000069800F001008DF8250040F28060C2F291
:10A0D000000090ED100A01209FED7B1AB4EE410ABA
:10A0E000F1EE10FA059011DCFFE740F28060C2F259
:10A0F000000090ED100A9FED751A0020B4EE410AA1
:10A10000F1EE10FAB8BF01200590FFE7059800F0C6
:10A1100001008DF824009DF82600002853D1FFE7A8
:10A120009DF8250000284ED0FFE740F6F460C2F20B
:10A130000000006890ED010AB7EE001A30EE010A47
:10A1400080ED010A9FED621AB4EE410AF1EE10FAB9
:10A1500038DDFFE79DF8270060B3FFE740F280504D
:10A16000C2F20000006906F09DFD41EC100B40F6C4
:10A17000F460C2F200000490016881ED160B0168E2
:10A1800081ED180B0068039090ED180B9FED4A1BB2
:10A1900053EC112B51EC100B06F03AFB02460398DE
:10A1A0000B46049943EC102B80ED180B0A980968B4
:10A1B0008864FFE740F6F460C2F200000168002006
:10A1C0004860FFE76EE09DF82600002861D0FFE7B9
:10A1D0009DF8240000285CD0FFE740F6F460C2F24E
:10A1E0000000006890ED010AB7EE001A30EE010A97
:10A1F00080ED010A9FED361AB4EE410AF1EE10FA35
:10A2000046DDFFE79DF82700D0B3FFE7079901205F
:10A21000487240F6F461C2F200010191096881F8C8
:10A22000340040F28050C2F20000006906F03AFDAE
:10A230000246019800920A46009942EC101B016800
:10A2400081ED180B016881ED160B0068029090ED0E
:10A25000160B9FED1B1B53EC112B51EC100B06F052
:10A26000D7FA019A034602988C4607994CEC103BAA
:10A2700080ED160B0A981268906400204872FFE780
:10A2800040F6F460C2F20000016800204860FFE779
:10A2900007E040F6F460C2F2000001680020486068
:10A2A000FFE7FFE740F6F460C2F200000168086DC6
:10A2B000013008650CB080BD000000000000E4C063
:10A2C000000000000000E8C000803B4600803BC664
:10A2D0000000484381B0009040F6F460C2F20000F4
:10A2E000006890F84C0001280AD0FFE740F6F460BF
:10A2F000C2F20000006890F84C00022831D1FFE75C
:10A3000040F61840C2F20000B0F9220010F5167FA6
:10A3100009DAFFE740F6F460C2F2000001680120AC
:10A3200081F84D001CE040F61840C2F20000B0F980
:10A330002200B0F5167F09DDFFE740F6F460C2F2B7
:10A3400000000168022081F84D0008E040F6F4604A
:10A35000C2F200000168002081F84D00FFE7FFE72E
:10A3600008E040F6F460C2F200000168002081F8C5
:10A370004D00FFE740F6F460C2F20000026892F878
:10A380004D1001F001011170016891F84D00C0F30A
:10A390004000487001B0704781B0009000980021E3
:10A3A000C4F2601101600021C4F2663141600021F5
:10A3B000C4F2483181600021C16001220274416110
:10A3C0008161C1610162416201B07047000000001B
:10A3D00080B5A4B023908DF88B108DF88A20239837
:10A3E00021909DF88B00052840F04F81FFE740F653
:10A3F000F460C2F2000000680178002918BF012152
:10A4000040F6CA30C2F20000FFF748FD022840F0D3
:10A410008880FFE741F68C40C2F200000068007EB1
:10A4200001287ED1FFE740F28050C2F200001F9069
:10A43000006906F037FC02461F9820920A462099D0
:10A4400042EC101B40F6F461C2F20001096881ED94
:10A45000180B006946F26761C6F2666150FB01F2B3
:10A46000D11301EBD27101EB8101A0EB8130F5F743
:10A47000E5FF42F20F71884209DCFFE740F6F46025
:10A48000C2F200000168002081F86C0008E040F68C
:10A49000F460C2F200000168012081F86C00FFE75F
:10A4A00040F6F460C2F20000006890F86D0048B910
:10A4B000FFE740F6F460C2F20000006890F86E001A
:10A4C00008B1FFE72CE040F6F460C2F200001E90F5
:10A4D00000681D9090ED180B9FEDDD1B53EC112BC8
:10A4E00051EC100B06F094F902461D980B461E998C
:10A4F00043EC102B80ED180B0A68906901309061D5
:10A500000A68002082F834000A6892ED180B82ED88
:10A51000160B0A6882F86D00096881F86E00FFE783
:10A52000B2E040F6F460C2F200000068407880B902
:10A53000FFE741F69C40C2F20000408800286BD043
:10A54000FFE740F6A830C2F200000078022863D18D
:10A55000FFE741F68C40C2F200000068007E01284F
:10A560005AD1FFE72198407A002855D1FFE740F6FD
:10A57000E860C2F20000007801284DD0FFE740F605
:10A58000F460C2F200001B900268012182F83410CE
:10A5900000681C9090ED160B9FEDAF1B53EC112B38
:10A5A00051EC100B06F034F902461B980B461C992F
:10A5B00043EC102B81ED160B40F28051C2F20001EA
:10A5C00091ED040AB8EEC00A026882ED0B0A026837
:10A5D00092ED0A2A92ED0B1A92ED0C0A31EE421A14
:10A5E00030EE010A82ED0C0A026892ED0C0A9FED32
:10A5F0009C1A80EE010ABDEEC00A82ED060A91EDBA
:10A60000040AB8EEC00A016881ED0A0A006890EDFC
:10A61000160B80ED180B36E040F6F460C2F2000035
:10A62000006890F8340088B1FFE740F28050C2F231
:10A630000000006906F036FB41EC100B40F6F460B8
:10A64000C2F20000006880ED180BFFE740F6F460EE
:10A65000C2F200001A9001680020199081F83400BD
:10A6600040F28050C2F20000006906F01BFB024677
:10A6700019980B461A9943EC102B0A6882ED160BB9
:10A6800009684860FFE7FFE729E29DF88B0006288C
:10A6900040F02482FFE741F6C040C2F2000000888B
:10A6A00041F6BE41C2F200010988401A41F69841C4
:10A6B000C2F20001088040F61840C2F2000090F893
:10A6C0008810002918BF012140F6C930C2F20000ED
:10A6D000FFF7E4FB022842D1FFE741F69840C2F2BF
:10A6E000000000881E2809DCFFE740F61840C2F28F
:10A6F0000000202100F024FB88B3FFE740F28050E7
:10A70000C2F20000006906F0CDFA41EC100B40F6F1
:10A71000F460C2F200001890016881ED180B006827
:10A72000179090ED180B9FED4A1B53EC112B51EC39
:10A73000100B06F06DF8024617980B46189943EC7B
:10A74000102B80ED180B086890ED180B80ED160BA0
:10A750000A68002082F8340009680865BDE140F607
:10A760001840C2F2000090F8880048B1FFE740F6B8
:10A77000F460C2F200000068006D962826DCFFE756
:10A7800041F69C40C2F200004088002800F06D8134
:10A79000FFE740F61840C2F2000090F88800002859
:10A7A00000F06381FFE740F6A830C2F200000078B5
:10A7B000022840F05A81FFE741F68C40C2F20000C7
:10A7C0000068007E002800F05081FFE740F6E86056
:10A7D000C2F200000078002840F04781FFE740F611
:10A7E000F460C2F200000168012081F8340041F6F3
:10A7F0009840C2F2000000881D2817DCFFE740F2F5
:10A800008050C2F20000006906F04CFA41EC100BD7
:10A8100040F6F460C2F20000016881ED180B016897
:10A8200081ED160B0168002088701DE141F698400B
:10A83000C2F2000000881E2837DBFFE741F698408F
:10A84000C2F2000000883B282FDC11E000BF00BFEF
:10A85000000000000000F44056FA24A799798E40C9
:10A860000000A04700BF00BF0892D5F6EEC68140A9
:10A8700040F6F460C2F2000015900068169090ED6A
:10A88000160B1FED071B53EC112B51EC100B05F0B1
:10A89000BFFF024615980B46169943EC102B81ED2D
:10A8A000160B016801208870DDE041F69840C2F285
:10A8B000000000883C2825DBFFE741F69840C2F203
:10A8C0000000008877281DDCFFE740F6F460C2F244
:10A8D000000013900068149090ED160B9FEDD61BAE
:10A8E00053EC112B51EC100B05F092FF024613981C
:10A8F0000B46149943EC102B81ED160B01680120D7
:10A900008870AFE041F69840C2F2000000887828D5
:10A9100025DBFFE741F69840C2F200000088952849
:10A920001DDCFFE740F6F460C2F200001190006801
:10A93000129090ED160B9FEDBE1B53EC112B51ECBA
:10A94000100B05F065FF024611980B46129943EC77
:10A95000102B81ED160B01680120887081E041F613
:10A960009840C2F200000088962825DBFFE741F6F8
:10A970009840C2F200000088BD281DDCFFE740F6C9
:10A98000F460C2F200000F900068109090ED160B7A
:10A990009FEDA51B53EC112B51EC100B05F038FF6C
:10A9A00002460F980B46109943EC102B81ED160BC5
:10A9B00001680120887053E041F69840C2F200001F
:10A9C0000088BE2825DBFFE741F69840C2F2000070
:10A9D0000088DB281DDCFFE740F6F460C2F20000CF
:10A9E0000D9000680E9090ED160B9FED8D1B53ECB3
:10A9F000112B51EC100B05F00BFF02460D980B4686
:10AA00000E9943EC102B81ED160B01680120887024
:10AA100025E041F69840C2F200000088DC281DDBEA
:10AA2000FFE740F6F460C2F200000B9000680C9063
:10AA300090ED160B9FED781B53EC112B51EC100B86
:10AA400005F0E6FE02460B980B460C9943EC102BE2
:10AA500081ED160B016801208870FFE7FFE7FFE733
:10AA6000FFE7FFE7FFE7FFE736E040F6F460C2F2FA
:10AA70000000006890F8340088B1FFE740F2805091
:10AA8000C2F20000006906F00DF941EC100B40F62F
:10AA9000F460C2F20000006880ED180BFFE740F69A
:10AAA000F460C2F200000A9001680020099081F869
:10AAB000340040F28050C2F20000006906F0F2F863
:10AAC000024609980B460A9943EC102B0A6882ED5E
:10AAD000160B09684860FFE7FFE7FFE7FFE740F66E
:10AAE000F460C2F20000006890F84C0001280ED01B
:10AAF000FFE79DF88A0050B9FFE740F6F460C2F224
:10AB00000000006890F84C00022874D1FFE740F67E
:10AB1000F460C2F20000006890F83400A8B3FFE7C8
:10AB200040F6F460C2F200000890006890ED160B49
:10AB300051EC100B05F03AFE00EE100A40F2805086
:10AB4000C2F20000069090ED041AF8EEC10A40F23D
:10AB50001060C2F20000059003F06CFC05990698A5
:10AB600091ED100AB0F90A0001EE100AF8EEC10AE0
:10AB700040F28060C2F20000079003F05BFC07988F
:10AB80000899006C0968886634E040F6F460C2F207
:10AB900000000490006890ED180B51EC100B05F0CC
:10ABA00005FE00EE100A40F28050C2F20000029052
:10ABB00090ED041AF8EEC10A40F2A050C2F2000073
:10ABC000019003F037FC0199029891ED100AB0F959
:10ABD0000A0001EE100AF8EEC10A40F2F060C2F27B
:10ABE0000000039003F026FC03980499006C0968A8
:10ABF0008866FFE707E040F6F460C2F200000168F3
:10AC000000208866FFE740F6F460C2F200000068AA
:10AC100090ED1A0A24B080BD761C7708000C934092
:10AC2000990734E5DD8190407AE5E18377EF8B4049
:10AC3000C0BB5B3D33DB8640E4A6181A115184404B
:10AC400080B584B0039003980190002102910170B7
:10AC50004170817041600172417281720C30FFF766
:10AC60009BFB0198029980F8341080F8351080F829
:10AC70003610C163816341640164816480F84C10C3
:10AC800080F84D100165C165816541660166816688
:10AC900080F86C1080F86D1080F86E1080F86F10DE
:10ACA00080F8701004B080BD80B584B00390039A22
:10ACB000009200210191A2F88E10A2F89010A2F843
:10ACC0009210A2F89410012082F8980082F899005E
:10ACD00082F8F41082F8F510A2F89C10A2F89E10E9
:10ACE000A2F8A010A2F89610A2F8F8100290FFE7C0
:10ACF0000298192817DCFFE7009902980144002008
:10AD0000C8710298062809D1FFE70099029801440A
:10AD1000C879052262F31F10C871FFE7FFE70298A8
:10AD200001300290E4E70098D0F80001000B8007A2
:10AD300020B9FFE7009800F0EFFBFFE704B080BD0B
:10AD400083B00190ADF802100198B0F88C00BDF806
:10AD50000210084204D0FFE701208DF80B0003E049
:10AD600000208DF80B00FFE79DF80B0003B0704743
:10AD700083B0029002990091D1F8FC00D1F8002133
:10AD800040F2FF739843C1F80021C1F8FC00D1F8EC
:10AD9000FC006FF3D520C1F8FC00D1F8FC00D1F81D
:10ADA00000216FF39F5022F00102C1F80021C1F889
:10ADB000FC00D1F8000140F6FE729043C1F800019A
:10ADC000D1F8000120F44050C1F80001D1F8000191
:10ADD00020F48040C1F80001D1F8000120F40040C7
:10ADE000C1F80001D1F8000120F48030C1F8000161
:10ADF000D1F800016FF35B40C1F80001D1F8000108
:10AE000020F08050C1F800010020A1F80401A1F851
:10AE10000601A1F8080191F80A2102F0FC0281F86C
:10AE20000A2191F80A2102F0F30281F80A2191F82F
:10AE30000A2102F0CF0281F80A21A1F80B01A1F842
:10AE40000D0101200190FFE7019819280BDCFFE7B5
:10AE5000009901980144002081F81501FFE701984D
:10AE600001300190F0E703B07047000081B000901E
:10AE70000099087A4A7A40EA02206FF3DF20A0F5B1
:10AE80008060A1F88E00487A8A7AC00840EA4210B1
:10AE90006FF3DF20A0F58060A1F89000887ACB7A6C
:10AEA0000A7B800940EA830040EA82206FF3DF20BA
:10AEB000A0F58060A1F89200087B4A7B400840EA38
:10AEC000C2106FF3DF20A0F58060A1F89400487BEA
:10AED000800981F89800487BC0F3011081F899003F
:10AEE000887BCA7B40EA0220A1F89C00087C4A7C4F
:10AEF00040EA0220A1F89E00887CCA7C40EA022039
:10AF0000A1F8A000087D81F8F400487D81F8F500E3
:10AF1000887DCA7D40EA0220A1F8F800087E4A7EBA
:10AF200040EA02206FF3DF20A0F58060A1F89600D0
:10AF300001B0704781B00090009991F8180191F824
:10AF4000192140EA0223D1F8FC00D1F8002163F373
:10AF50000A00C1F80021C1F8FC0091F81901C008ED
:10AF600091F81A2140EA42136FF3DF23D1F8FC0075
:10AF7000D1F800216FF3D52040EAC320C1F80021A9
:10AF8000C1F8FC0091F81A01800991F81B2140EAF0
:10AF9000820091F81C2140EA82236FF3DF23D1F86D
:10AFA000FC00D1F8002122F001026FF39F5040EA2B
:10AFB000835042EA9322C1F80021C1F8FC0091F8C5
:10AFC0001C01400891F81D2140EAC2136FF3DF23F2
:10AFD000D1F8FC20D1F8000140F6FE7C20EA0C00FC
:10AFE00040EA4300C1F8FC20C1F8000191F81D01BE
:10AFF000C0F30113D1F8FC20D1F8000120F4405037
:10B0000040EA0330C1F8FC20C1F8000191F81D01AD
:10B01000C0F38013D1F8FC20D1F8000120F4804067
:10B0200040EA8330C1F8FC20C1F8000191F81D010D
:10B0300000F08003D1F8FC20D1F8000120F400409A
:10B0400040EA0320C1F8FC20C1F8000191F81E017C
:10B0500000F00103D1F8FC20D1F8000120F4803089
:10B0600040EA0340C1F8FC20C1F8000191F81E013C
:10B07000400891F81F2140EAC2136FF3DF23D1F893
:10B08000FC20D1F800016FF35B4040EA4340C1F877
:10B09000FC20C1F8000191F81F01C0F30013D1F8A2
:10B0A000FC20D1F8000120F0805040EA0370C1F884
:10B0B000FC20C1F8000191F8200191F8212140EA1B
:10B0C0000220A1F8040191F8220191F8232140EA1D
:10B0D0000220A1F8060191F8240191F8252140EA07
:10B0E0000220A1F8080191F80A0191F8262102F046
:10B0F000030200F0FC00104481F80A0191F80A01F3
:10B1000091F8262102F00C0200F0F300104481F8BF
:10B110000A0191F80A0191F8262102F0300200F0AC
:10B12000CF00104481F80A0191F8270191F82821F5
:10B1300040EA0220A1F80B0191F8290191F82A2197
:10B1400040EA0220A1F80D01D1F8FC00A0F58062D0
:10B1500062F30A00C1F8FC00D1F8FC004FF600428F
:10B16000CFF6FF7202EBD0236FF3DF236FF3D5200E
:10B1700040EAC320C1F8FC00D1F8FC00D1F800314E
:10B180004FEA905C4CEA832CACF5806C6FF3DF2CBB
:10B1900023F001036FF39F5040EA8C5043EA9C2355
:10B1A000C1F80031C1F8FC00D1F8000102EB5003F6
:10B1B0006FF3DF236FF34B0040EA4300C1F8000157
:10B1C000D1F8000102EB50426FF3DF226FF35B40D6
:10B1D00040EA4240C1F8000101B0704780B582B03A
:10B1E000019001980090B0F812110131A0F81211ED
:10B1F000B0F8120106280EDBFFE70098FFF754FDB8
:10B20000009800F027F800980068FAF7ABFC009867
:10B2100000F010F9FFE702B080BD000080B582B0F9
:10B22000019001980090B0F814110131A0F81411A8
:10B23000B0F8140106280BDBFFE7009800F012F8C5
:10B2400000984068FAF78EFC009800F02DF9FFE7AF
:10B2500002B080BD81B0009000990020A1F81201D9
:10B2600001B0704781B0009000990020A1F814014E
:10B2700001B0704780B584B0029002980190B0F997
:10B280003400A0B9FFE70198807E80B9FFE70198FC
:10B29000C07E60B9FFE7019890F88900012806DCBC
:10B2A000FFE7019890F88800022807DBFFE7019884
:10B2B000FFF7FAFC01208DF80F0003E000208DF865
:10B2C0000F00FFE79DF80F0004B080BD80B584B08B
:10B2D00002900298019090F81601A9280AD1FFE780
:10B2E000019890F81701532804D1FFE700208DF84A
:10B2F0000F0017E0019890F81601A52806D1FFE786
:10B30000019890F817010C2807D0FFE70198FFF784
:10B310002FFD01208DF80F0004E0FFE701208DF8DC
:10B320000F00FFE79DF80F0004B080BD80B584B02A
:10B3300003900398009000680068006800F0100116
:10B340000020B0EB111F30D0FFE7FFE7009800218D
:10B350000191016809680968019100680068406806
:10B3600001900198FFE70098016809680968029157
:10B3700001680968496802910068FAF7E3FC0098DF
:10B38000FFF778FF50B9FFE70098FFF76FFD0098CF
:10B39000FFF760FF009800F0BFF8FFE7009951F851
:10B3A000080B1922FBF7A4FAFFE704B080BD0000E8
:10B3B00080B584B0039003980090406800680068EE
:10B3C00000F010010020B0EB111F31D0FFE7FFE7C4
:10B3D000009800210191416809680968019140685D
:10B3E0000068406801900198FFE70098416809688B
:10B3F0000968029141680968496802914068FAF752
:10B40000A1FC0098FFF762FF50B9FFE70098FFF733
:10B4100091FD0098FFF726FF009800F07DF8FFE708
:10B420000099486801F58B711522FBF761FAFFE777
:10B4300004B080BD80B584B0039003980290FFF7FC
:10B4400033FCFFE702980068406848F2A061C0F250
:10B450000101884219D0FFE741F60840C2F200001E
:10B46000019041F22F61C0F60101F4F7D1FF01997B
:10B4700082B241F6E400C2F200004FF6FF73FBF720
:10B480006BFA0A20F7F7A2FEDCE702990868026867
:10B49000D06840F01000D06051F8080B1922FBF77B
:10B4A00027FA04B080BD000080B584B003900398F3
:10B4B0000290FFF75DFCFFE7029840684068B0F536
:10B4C000612F19D0FFE741F60840C2F20000019059
:10B4D00041F22F61C0F60101F4F79AFF019982B29F
:10B4E00041F6E400C2F200004FF6FF73FBF734FAB6
:10B4F0000A20F7F76BFEDFE7029948680268D06818
:10B5000040F01000D060486801F58B711522FBF700
:10B51000EFF904B080BD000082B001900198009066
:10B52000D0F80001000B8007C0B3FFE70099D1F805
:10B53000FC0040F30A004884D1F8FC0040F3CA2024
:10B540008884D1F8FC20D1F80001C00740EA5200FD
:10B550004015C884D1F8000140F34A000885B1F8CD
:10B560000B01A1F88C00022081F82C0081F82D003D
:10B57000B1F804010886B1F806014886B1F808015F
:10B58000888691F80A0100F0030081F8880091F89C
:10B590000A01C0F3810081F889002DE00099B1F81B
:10B5A0008E004884B1F890008884B1F89200C88475
:10B5B000B1F89400088591F8980081F82C0091F872
:10B5C000990081F82D00B1F89C000886B1F89E0022
:10B5D0004886B1F8A000888691F8F40081F88800C8
:10B5E00091F8F50081F88900B1F8F800A1F88C0015
:10B5F000B1F896004885FFE702B0704783B002902B
:10B6000001910092029801990160009941604FF602
:10B61000FF71A0F8101103B07047000081B00090D6
:10B6200000980021C4F2FA31016041F26F21C3F6A3
:10B630008321416040F6DA71C4F24901816001B0B2
:10B640007047000081B0009000980021C4F2FA31E8
:10B65000016041F26F21C3F68321416040F6DA7147
:10B66000C4F24901816001B07047000081B00090D0
:10B6700000980021C4F2FA31016041F26F21C3F653
:10B680008321416040F6DA71C4F24901816001B062
:10B690007047000081B0009000980021C4F2FA3198
:10B6A000016041F26F21C3F68321416040F6DA71F7
:10B6B000C4F24901816001B07047000081B0009080
:10B6C00000980021C4F2FA31016041F26F21C3F603
:10B6D0008321416040F6DA71C4F24901816001B012
:10B6E0007047000081B0009000980021C4F2FA3148
:10B6F000016041F26F21C3F68321416040F6DA71A7
:10B70000C4F24901816001B07047000081B000902F
:10B7100000980021C4F2FA31016041F26F21C3F6B2
:10B720008321416040F6DA71C4F24901816001B0C1
:10B730007047000081B0009000980021C4F2FA31F7
:10B74000016041F26F21C3F68321416040F6DA7156
:10B75000C4F24901816001B07047000081B00090DF
:10B7600000980021C4F2FA31016041F26F21C3F662
:10B770008321416040F6DA71C4F24901816001B071
:10B780007047000081B0009000980021C4F2FA31A7
:10B79000016041F26F21C3F68321416040F6DA7106
:10B7A000C4F24901816001B07047000081B000908F
:10B7B00000980021C4F2FA31016041F26F21C3F612
:10B7C0008321416040F6DA71C4F24901816001B021
:10B7D0007047000082B001908DF803109DF80300BF
:10B7E000052823D1FFE740F6F460C2F200000168AB
:10B7F000012081F84C0040F61840C2F20000B0F978
:10B800002400B0F5167F08DDFFE741F68C40C2F258
:10B81000000001680120087607E041F68C40C2F282
:10B820000000016800200876FFE738E09DF803007B
:10B83000062810D1FFE740F6F460C2F2000001686C
:10B84000022081F84C0041F68C40C2F200000168F1
:10B850000020087622E09DF8030078B9FFE740F663
:10B86000F460C2F200000168002081F84C0041F64B
:10B870008C41C2F20001096808760EE040F6F460DF
:10B88000C2F200000168002081F84C0041F68C41B2
:10B89000C2F2000109680876FFE7FFE7FFE702B0A0
:10B8A0007047000080B594B013908DF84B1040F2B3
:10B8B000F070C2F2000002F033FB88B9FFE741F6F6
:10B8C0008C40C2F200000168087A40F00100087262
:10B8D00041F6C441C2F20001088801300880FFE748
:10B8E00040F26070C2F2000002F01AFB88B9FFE774
:10B8F00041F68C40C2F200000168087A40F0020074
:10B90000087241F6C641C2F2000108880130088081
:10B91000FFE741F68C40C2F200000068007A00F0B8
:10B920000300032840F05081FFE741F68C40C2F24B
:10B9300000000068007E70B1FFE741F68C40C2F263
:10B940000000006890ED070A90ED081A30EE010A39
:10B950008DED080A04E09FEDA00A8DED080AFFE7CF
:10B960009DED080A8DED110AF7F746FE10900020B4
:10B970000F9041F68C40C2F200000068C06888B1A8
:10B98000FFE7109841F68C41C2F200010968C968CE
:10B99000401A0F900F98152803D3FFE714200F903B
:10B9A000FFE7FFE7109941F68C40C2F20000026801
:10B9B000D160016891ED070A91ED081A30EE010A95
:10B9C000B0EEC00A8DED0E0A9DED0E0A9FED831AB2
:10B9D00080EE010A9DED0F1AB8EE411A20EE010A21
:10B9E0008DED0D0A9DED0E0A9FED7D1A80EE010A88
:10B9F0009DED0F1AB8EE411A20EE010A8DED0C0AEA
:10BA00009DED110AB0EEC00A006890ED001AB0EE8C
:10BA1000C11AB4EE410AF1EE10FA05DDFFE79DED23
:10BA20000D0A8DED070A04E09DED0C0A8DED070A65
:10BA3000FFE79DED070A8DED0B0A9DED110AB1EEB2
:10BA4000400A8DED0A0A9DED0A0AB0EEC00A41F6E1
:10BA50008C40C2F20000006890ED011AB0EEC11AED
:10BA6000B4EE410AF1EE10FA05DDFFE79DED0D0A97
:10BA70008DED060A04E09DED0C0A8DED060AFFE748
:10BA80009DED060A8DED090A41F68C40C2F20000D8
:10BA90000590006890ED000ADDED110A9DED0B1A8E
:10BAA000FEF7AEF80598016881ED000A006890ED98
:10BAB000010ADDED0A0A9DED091AFEF7A1F80598C5
:10BAC000016881ED010A0068007E48B1FFE740F29D
:10BAD0000040C4F2020040210122F7F775FD08E0A2
:10BAE00040F20040C4F2020040210022F7F76CFD52
:10BAF000FFE741F68C40C2F200000490006890ED30
:10BB0000000A40F2F070C2F20000B0F90A0001EE43
:10BB1000100AF8EEC10A40F61000C2F200000290CE
:10BB200002F088FC02990498096C026811610068AF
:10BB300090ED010A40F26070C2F20000B0F90A0014
:10BB400001EE100AF8EEC10A40F28070C2F2000065
:10BB5000039002F06FFC03990498096C026851612C
:10BB60000168002008729DF84B0070B9FFE7684635
:10BB700000234360036040F2A000C2F200004FF4D3
:10BB800000711A4602F0B2FA1DE041F68C40C2F292
:10BB90000000006890ED040A90ED051ABDEEC11A90
:10BBA00011EE102ABDEEC00A10EE103A69460020D0
:10BBB0004860086040F2A000C2F200004FF400713B
:10BBC00002F094FAFFE7FFE741F68C40C2F2000072
:10BBD0000068103014B080BD000000000000FA437F
:10BBE0000000484381B0009000980021016041604E
:10BBF0000172C16001614161017641764CF200023F
:10BC0000CCF2C152C261016201B0704780B590B000
:10BC10000C908DED0B0ACDED0A0A8DED091ACDEDD4
:10BC2000081A8DED072A0C9804909DED080A9DEDE9
:10BC30000B1A30EE410A80ED0D0A9DED070A9DEDCD
:10BC40000A1A30EE410A80ED120A01680D919DED4D
:10BC50000D0AB0EEC00A90ED031A20EE010A8DED38
:10BC6000060A9DED060AB6EE001AB4EE410AF1EEA0
:10BC700010FA04DAFFE74FF07C500690FFE70498D3
:10BC8000416B0E919DED0E0AB0EEC00A90ED031AC5
:10BC9000B4EE410AF1EE10FA13DAFFE70498806C73
:10BCA0000F909DED0F0AB0EEC00A9DED061AB4EE9E
:10BCB000410AF1EE10FA04DAFFE704990020C862A5
:10BCC0007AE0049890ED000A90ED0D2A90ED121A9A
:10BCD00020EE020A30EE010A80ED0C0A90ED0A0A0D
:10BCE0009FED361AB4EE410AF1EE10FA06DDFFE7D9
:10BCF000049890ED0A0A8DED030A04E0B7EE000AFD
:10BD00008DED030AFFE704989DED030A8DED050A0A
:10BD10009DED090A90ED123A90ED001A90ED012A7E
:10BD200090ED054A8DED024A90ED084A8DED004AEE
:10BD300021EE031A30EE411A90ED0C0A22EE002A91
:10BD400031EE421A8DED011ADDED050A00F038F8EA
:10BD50009DED002A9DED011A0498B0EE403A9DED4C
:10BD6000020A22EE032A31EE421A20EE010A80ED89
:10BD70000B0A90ED041A90ED0B0AB4EE410AF1EEB5
:10BD800010FA04DDFFE704990869C862FFE7049828
:10BD900090ED041A90ED0B0AB1EE411AB4EE410A8F
:10BDA000F1EE10FA08DAFFE7049890ED040AB1EE1C
:10BDB000400A80ED0B0AFFE710B080BDBD37863525
:10BDC00085B002908DED010ACDED000A0198049036
:10BDD0009DED040AB0EEC00A9DED001AB4EE410AD2
:10BDE000F1EE10FA09DCFFE79DED010A9DED001A66
:10BDF00080EE010A8DED030A10E09DED010A4FF07F
:10BE0000FF30B5EE400AF1EE10FAC8BF012000EE97
:10BE1000100AB8EEC00A8DED030AFFE79DED030A94
:10BE200005B0704789B008908DED070ACDED060A80
:10BE30008DED051ACDED041A8DED032ACDED022A04
:10BE40008DED013ACDED003A089807990160069909
:10BE50004160059981600499C1600399016102996B
:10BE60004161019901620099816209B07047000047
:10BE700082B001908DED000A009840F6DC51C2F2CC
:10BE800000018860009840F69461C2F20001886069
:10BE9000009840F62861C2F20001886002B0704745
:10BEA00082B001908DED000A009841F6CC41C2F2BB
:10BEB00000010968486002B07047000000000000FF
:10BEC00080B598B017AA149216908DF8571040F6C6
:10BED0001440C2F200000078012840F05581FFE7CD
:10BEE0009DF85700002843D0FFE740F61840C2F203
:10BEF0000000B0F9300010F5FA7F06DAFFE74FF6E0
:10BF00000C60CFF6FF70139018E040F61840C2F2B4
:10BF10000000B0F93000B0F5FA7F04DDFFE74FF420
:10BF2000FA70129007E040F61840C2F20000B0F933
:10BF300030001290FFE712981390FFE7139804F077
:10BF4000B1FE41EC100B9FEDBA1B53EC112B51ECE1
:10BF5000100B04F011FD41EC100B51EC100B04F030
:10BF600025FC05F01BF941EC100B8DED100B1CE0CE
:10BF700040F61840C2F20000B0F9260000EE100AA8
:10BF8000B8EEC00A10EE100A05F008F941EC100BEB
:10BF90009FEDA51B53EC112B51EC100B04F0ECFCA6
:10BFA00041EC100B8DED100BFFE79DED100B8DEDAF
:10BFB0000C0B41F6CC40C2F2000000680F904068C4
:10BFC00005F0ECF89DED0C1B41EC100B53EC112B24
:10BFD00051EC100B04F0F4FF41EC100B51EC100B82
:10BFE00004F0E4FB0F99486040F61840C2F20000EC
:10BFF0004FF48071FEF7A4FE0146002918BF01210D
:10C0000040F6D630C2F20000FDF748FF02282AD1E0
:10C01000FFE741F6CC40C2F200000B9000680A90A6
:10C02000406805F0BBF841EC100B9FED831B53EC0F
:10C03000112B51EC100B04F0EBFB41EC100B51EC0D
:10C04000100B04F0B3FB0A9A01460B98516001688B
:10C050000120087540F24A11C2F20001088840F040
:10C0600002000880FFE741F6CC40C2F20000006801
:10C07000007D00285CD0FFE7149841F6CC41C2F265
:10C080000001096891ED010A40F23021C2F200017D
:10C0900091ED7A1A30EE410A80ED000A90ED000A27
:10C0A000B0EEC00AB1EE041AB4EE410AF1EE10FA95
:10C0B0002DDDFFE741F6CC40C2F200000990006898
:10C0C00090ED010A40F23020C2F200000790D0ED5E
:10C0D0007A0A41F64050C2F20000B3EE041A02F0B0
:10C0E00051F8079841F6D041C2F2000191ED100AD3
:10C0F000D0ED800A41F6B050C2F20000089002F084
:10C1000099F908980999006C096808600FE041F6F0
:10C11000CC40C2F2000001680020087540F24A11CC
:10C12000C2F20001088820F002000880FFE72AE040
:10C1300041F6CC40C2F200000690006890ED010A82
:10C1400040F23020C2F200000490D0ED7A0A41F6AD
:10C15000D040C2F200000390B3EE041A02F012F8CD
:10C160000399049891ED100AD0ED800A41F6206001
:10C17000C2F20000059002F05DF905980699006C86
:10C1800009680860FFE743E040F61440C2F200008F
:10C19000007802282BD1FFE741F6CC40C2F2000024
:10C1A00002900068416840F69460C2F2000001907D
:10C1B000816090ED020A40F6E461C2F20001D1ED27
:10C1C000000A40F6E061C2F2000191ED001A40F26F
:10C1D0003021C2F20001D1ED7A1A91ED802AFFF7E9
:10C1E00015FD01980299C06A096808600FE041F6E0
:10C1F000CC41C2F200010A680020106040F23020F9
:10C20000C2F20000D0F8E80109684860FFE7FFE7E4
:10C2100041F6CC40C2F20000006890ED000A18B070
:10C2200080BD00BF00BF00BF000000000030B14073
:10C230000000000000C09240000000000080664046
:10C2400081B0009000980021016041608160C16070
:10C250000161017501B0704782B001908DED000A57
:10C26000009841F69441C2F200010968486002B0AA
:10C27000704700000000000080B590B00F908DF86E
:10C280003B1040F66430C2F200000078012840F014
:10C290003881FFE79DF83B00002841D0FFE740F6DA
:10C2A0001840C2F20000B0F9320010F5C87F06DA7B
:10C2B000FFE74FF67060CFF6FF700D9018E040F684
:10C2C0001840C2F20000B0F93200B0F5C87F04DDBA
:10C2D000FFE74FF4C8700C9007E040F61840C2F238
:10C2E0000000B0F932000C90FFE70C980D90FFE7CA
:10C2F0000D9804F0D7FC41EC100B9FEDAF1B53ECF5
:10C30000112B51EC100B04F037FB41EC100B51ECEE
:10C31000100B04F04BFA00EE100A8DED0B0A1CE036
:10C3200040F61840C2F20000B0F9280004F0BAFC50
:10C3300041EC100B9FED9E1B53EC112B51EC100B9D
:10C3400004F01AFB41EC100B51EC100B04F02EFA28
:10C3500000EE100A8DED0B0AFFE79DED0B0A41F68A
:10C360009440C2F20000016881ED050A006890ED7A
:10C37000010A90ED051A30EE410A80ED010A40F203
:10C380004C10C2F20000806904F008FF41EC100B71
:10C390009FED8B1B53EC112B51EC100B04F03EFF67
:10C3A000A8B9FFE741F69440C2F20000006890EDA2
:10C3B000050AB5EE400AF1EE10FA08DDFFE741F696
:10C3C0009440C2F20000016888694860FFE740F2CB
:10C3D0004C10C2F20000806904F0E0FE41EC100B4A
:10C3E0009FED791B53EC112B51EC100B04F01DFF4A
:10C3F000A8B9FFE741F69440C2F20000006890ED52
:10C40000050AB5EE400AF1EE10FA08DAFFE741F648
:10C410009440C2F20000016888694860FFE741F675
:10C420009440C2F20000026851689161006890ED8A
:10C43000010A9FED671AB4EE410AF1EE10FA05DA2F
:10C44000FFE79FED630A8DED0A0A22E041F6944072
:10C45000C2F20000006890ED010A9FED5E1AB4EE92
:10C46000410AF1EE10FA05DDFFE79FED5A0A8DED66
:10C47000090A09E041F69440C2F20000006890ED1C
:10C48000010A8DED090AFFE79DED090A8DED0A0A03
:10C49000FFE79DED0A0A41F69440C2F200000890C1
:10C4A000016881ED010A006890ED010A40F2302038
:10C4B000C2F200000690D0ED790A40F68000C2F288
:10C4C00000000590B3EE041A01F05CFE0599069891
:10C4D00091ED100AD0ED7F0A40F6F000C2F20000A4
:10C4E000079001F0A7FF079890ED100A40F68430FE
:10C4F000C2F20000FDF73CFC0898006880ED000ADD
:10C500004BE040F66430C2F200000078022833D1DC
:10C51000FFE741F69440C2F200000490006890EDFD
:10C52000010A40F23020C2F200000290D0ED790AF8
:10C5300040F68420C2F200000190B3EE041A01F02C
:10C5400021FE0199029891ED100AD0ED7F0A40F684
:10C55000F420C2F20000039001F06CFF039890ED0C
:10C56000100A40F68430C2F20000FDF701FC049886
:10C57000006880ED000A0FE041F69441C2F200012C
:10C580000A680020106040F23020C2F20000D0F8AB
:10C59000E40109684860FFE7FFE741F69440C2F212
:10C5A0000000006890ED000A10B080BD00BF00BF21
:10C5B0000000000000C8A9400000000000408F40BB
:10C5C000295C8F626666F2BFB81E852B3333C3BF0A
:10C5D0000000FCC10000A44181B00090009800213F
:10C5E000016041608160C16001614161816101B0B0
:10C5F0007047000080B59EB01D908DED1C0ACDEDFA
:10C600001B0A8DED1A1ACDED191A8DED182ACDEDF4
:10C61000172A1D98009041F26F21C3F6032116914D
:10C62000D0F81C120F91D0F820120E91D0F82412DD
:10C630000D91D0F828020C909DED0F0A20EE000A13
:10C640008DED0B0A9DED0F0A9DED0E1A20EE010AED
:10C650008DED0A0A9DED0F0A9DED0D1A20EE010ADF
:10C660008DED090A9DED0F0A9DED0C1A20EE010AD1
:10C670008DED080A9DED0E0A20EE000A8DED070AE9
:10C680009DED0E0A9DED0D1A20EE010A8DED060AB4
:10C690009DED0E0A9DED0C1A20EE010A8DED050AA6
:10C6A0009DED0D0A20EE000A8DED040A9DED0D0AA8
:10C6B0009DED0C1A20EE010A8DED030A9DED0C0A8A
:10C6C00020EE000A8DED020A9DED190A20EE000A07
:10C6D0009DED181A21EE011A30EE010A9DED171A90
:10C6E00021EE011A30EE010AFDF782F88DED010A04
:10C6F0009DED190A9DED011A20EE010A8DED190A32
:10C700009DED180A9DED011A20EE010A8DED180A23
:10C710009DED170A9DED011A20EE010A8DED170A15
:10C720009DED050A9DED091A30EE410A30EE000A32
:10C730008DED150A9DED0A0A9DED031A30EE010AF2
:10C7400030EE000A8DED140A9DED0B0A9DED071ADF
:10C7500030EE410A9DED041A30EE410A9DED021AB9
:10C7600030EE010A8DED130A9DED180A9DED131AA6
:10C7700020EE010A9DED171A9DED142A21EE021AF2
:10C7800030EE410A8DED120A9DED170A9DED151A46
:10C7900020EE010A9DED191A9DED132A21EE021AD1
:10C7A00030EE410A8DED110A9DED190A9DED141A26
:10C7B00020EE010A9DED181A9DED152A21EE021AB0
:10C7C00030EE410A8DED100A9DED120A9FED951A8B
:10C7D00020EE012A40F2A84CC2F2000C9CED000AA7
:10C7E00030EE020A8CED000A9DED110A20EE012ABE
:10C7F00040F2AC43C2F2000393ED000A30EE020AAD
:10C8000083ED000A9DED100A20EE011A40F2B040BF
:10C81000C2F2000090ED000A30EE010A80ED000A3D
:10C820009DED1C0A40F21002C2F2000292ED001AC5
:10C830009DED122A21EE021A30EE010A41F69041D6
:10C84000C2F2000191ED001A9CED002A21EE021ABD
:10C8500030EE010A8DED1C0A9DED1B0A92ED001AC7
:10C860009DED112A21EE021A30EE010A91ED001A17
:10C8700093ED002A21EE021A30EE010A8DED1B0A1B
:10C880009DED1A0A92ED001A9DED102A21EE021A72
:10C8900030EE010A91ED001A90ED002A21EE021A05
:10C8A00030EE010A8DED1A0A9DED0F0A9DED0E1A6C
:10C8B0009DED1C2A21EE421A9DED0D2A9DED1B3A9D
:10C8C00022EE032A31EE421A9DED0C2A9DED1A3A12
:10C8D00022EE032A31EE421A9DED162A21EE021AAB
:10C8E00030EE010A8DED0F0A9DED0E0A9DED0F1A37
:10C8F0009DED1C2A21EE021A9DED0D2A9DED1A3A9E
:10C9000022EE032A31EE021A9DED0C2A9DED1B3A10
:10C9100022EE032A31EE421A9DED162A21EE021A6A
:10C9200030EE010A8DED0E0A9DED0D0A9DED0F1AF8
:10C930009DED1B2A21EE021A9DED0E2A9DED1A3A5D
:10C9400022EE032A31EE421A9DED0C2A9DED1C3A8F
:10C9500022EE032A31EE021A9DED162A21EE021A6A
:10C9600030EE010A8DED0D0A9DED0C0A9DED0F1ABA
:10C970009DED1A2A21EE021A9DED0E2A9DED1B3A1D
:10C9800022EE032A31EE021A9DED0D2A9DED1C3A8E
:10C9900022EE032A31EE421A9DED162A21EE021AEA
:10C9A00030EE010A8DED0C0A9DED0F0A20EE000A13
:10C9B0009DED0E1A21EE011A30EE010A9DED0D1AC1
:10C9C00021EE011A30EE010A9DED0C1A21EE011A3A
:10C9D00030EE010AFCF70CFF00988DED010A9DED89
:10C9E0000F0A9DED011A20EE010A80ED870A9DEDE8
:10C9F0000E0A9DED011A20EE010A80ED880A9DEDD8
:10CA00000D0A9DED011A20EE010A80ED890A9DEDC7
:10CA10000C0A9DED011A20EE010A80ED8A0A1EB073
:10CA200080BD00BF6F12833A8BB0019001980090D7
:10CA300090ED6F0A90ED721A30EE410A9FED891A5F
:10CA400080EE010A80ED7B0A90ED710A90ED742A68
:10CA500030EE420A80EE010A80ED7D0A90ED700A08
:10CA600090ED732A30EE420A80EE010A80ED7C0AD6
:10CA700090ED7B0A90ED941A30EE410A8DED020A9A
:10CA80009DED020AB0EEC00AB1EE0C1AB4EE410AF6
:10CA9000F1EE10FA15DDFFE7009890ED980AB0EE80
:10CAA000001AB4EE410AF1EE10FA0ADAFFE7009834
:10CAB00090ED980AB7EE001A30EE010A80ED980A60
:10CAC00028E00098D0F8EC110A919DED0A0AB0EE2A
:10CAD000C00AD0F8400209909DED091AB0EEC11AC3
:10CAE000B4EE410AF1EE10FA05DAFFE700990020F2
:10CAF000C1F8F80105E00099D1F8EC01C1F8F8019E
:10CB0000FFE70099D1F8EC01C1F850020020C1F80C
:10CB10006002FFE7009890ED7D0A90ED951A30EEE7
:10CB2000410A8DED080A9DED080AB0EEC00AB1EE8B
:10CB30000C1AB4EE410AF1EE10FA15DDFFE7009889
:10CB400090ED990AB0EE001AB4EE410AF1EE10FA37
:10CB50000ADAFFE7009890ED990AB7EE001A30EE76
:10CB6000010A80ED990A28E00098D0F8F4110791A5
:10CB70009DED070AB0EEC00AD0F8400206909DED88
:10CB8000061AB0EEC11AB4EE410AF1EE10FA05DA57
:10CB9000FFE700990020C1F8000205E00099D1F8F4
:10CBA000F401C1F80002FFE70099D1F8F401C1F8DF
:10CBB00054020020C1F86402FFE7009890ED7C0A5F
:10CBC00090ED961A30EE410A8DED050A9DED050AAD
:10CBD000B0EEC00AB1EE0C1AB4EE410AF1EE10FA52
:10CBE00015DDFFE7009890ED9A0AB0EE001AB4EE5A
:10CBF000410AF1EE10FA0ADAFFE7009890ED9A0A7E
:10CC0000B7EE001A30EE010A80ED9A0A28E000988B
:10CC1000D0F8F01104919DED040AB0EEC00AD0F8EE
:10CC2000400203909DED031AB0EEC11AB4EE410A22
:10CC3000F1EE10FA05DAFFE700990020C1F8FC01D7
:10CC400005E00099D1F8F001C1F8FC01FFE7009977
:10CC5000D1F8F001C1F858020020C1F86802FFE7DE
:10CC60000BB070476F12833A80B584B00390029185
:10CC7000ADF806200298BDF806100022F6F7A4FCD5
:10CC800004B080BD80B584B003900291ADF8062059
:10CC90000298BDF806100122F6F796FC04B080BD9C
:10CCA00010B596B015908DF853108DF8522013934F
:10CCB00015988168028A9DF853309DF852C00CF196
:10CCC000010CEE4603ACCEF804405FFA8CFCCEF8C3
:10CCD00000C000F01BF800208DF80B00FFE79DF866
:10CCE0000B009DF8521088420EDAFFE79DF80B20EA
:10CCF00003A81044407813998854FFE79DF80B006F
:10CD000001308DF80B00EAE716B010BD80B586B093
:10CD1000844609980898CDF814C00491ADF80E2007
:10CD20008DF80D308DF80C00059801909DF80D10D0
:10CD300041F080018DF80B100499BDF80E20FFF72B
:10CD400093FF019800680DF10B01012240F2E733D7
:10CD50000093F7F72BFC009B0198006809999DF858
:10CD60000C20F7F7FBFA01980499BDF80E20FFF7A5
:10CD700089FF06B080BD000010B586B005908DF823
:10CD800013108DF8122003930598C168428A9DF80C
:10CD900013309DF812C0039CEE46CEF80440CEF846
:10CDA00000C0FFF7B3FF06B010BD000080B588B02B
:10CDB00084460A98CDF81CC00691ADF816208DF86F
:10CDC00015308DF81400079803909DF8151001F0A8
:10CDD0007F018DF813100699BDF81620FFF744FF68
:10CDE000039800680DF113010122019240F2E7332C
:10CDF0000293F7F7DBFB019A029B0398006805A9F1
:10CE0000F7F7D4FB03980699BDF81620FFF73AFF11
:10CE100008B080BD80B584B003908DF80B108DF8FC
:10CE20000A2003988168028A9DF80B309DF80AC099
:10CE3000EE46CEF800C0FFF7B9FF04B080BD000099
:10CE400080B58EB00D900D9803900021ADF81210B2
:10CE500012210622019205AB0293FFF721FF019AEE
:10CE6000029B03989DF814109DF815C041EA0C210F
:10CE700009B200EE101AB8EEC00A80ED070A9DF85C
:10CE800016109DF817C041EA0C2109B200EE101AE5
:10CE9000B8EEC00A80ED080A9DF818109DF819C078
:10CEA00041EA0C2109B200EE101AB8EEC00A80ED7A
:10CEB000090A0221FFF760FF03989DF814109DF8FE
:10CEC000152041EA022109B200EE101AB8EEC00A9C
:10CED00080ED130A9DF816109DF8172041EA0221F3
:10CEE00009B200EE101AB8EEC00A80ED140A9DF8DF
:10CEF00018109DF8192041EA022109B200EE101A1B
:10CF0000B8EEC00A80ED150A0EB080BD80B584B0C1
:10CF100003908DF80B108DF80A200398C168428A9F
:10CF20009DF80B309DF80AC0EE46CEF800C0FFF722
:10CF30003DFF04B080BD000080B58CB0069006981F
:10CF4000059000F051FB0598D0ED371A90ED382A86
:10CF5000D0ED392A90ED3A0AD0ED3B0A90ED3C1A1B
:10CF6000FFF748FB0598D0F81C12C0F80412D0F85F
:10CF70002012C0F80812D0F82412C0F80C12D0F811
:10CF80002812C0F8101290ED811A90ED820A90EDEF
:10CF9000832A90ED843AB8EE004A8DED024A20EEE5
:10CFA000040A20EE030A31EE011A21EE021A30EED5
:10CFB000010A8DED070A9DED070A03F0A3F9059814
:10CFC000B0EE401A9DED020A9FED442A8DED032A32
:10CFD00021EE021A9FED422A8DED042A81EE021AFB
:10CFE00080ED6F1A90ED815A90ED824A90ED833A70
:10CFF00090ED841A33EE032A22EE011A35EE055A1B
:10D0000025EE045A31EE051A24EE000A20EE040A39
:10D0100022EE032A30EE420AB7EE002A8DED012AF5
:10D0200030EE020A8DED091A8DED080A9DED090A10
:10D03000DDED080A03F0FCF99DED012A9DED034AA0
:10D040009DED043A0598B0EE401A9DED020A21EEDE
:10D05000041A81EE031A80ED701A90ED815A90ED5A
:10D06000821A90ED833A90ED844A31EE011A21EE56
:10D07000031A35EE055A25EE045A31EE051A23EE51
:10D08000000A20EE030A34EE043A23EE043A30EEAE
:10D09000430A30EE020A8DED0B1A8DED0A0A9DED62
:10D0A0000B0ADDED0A0A03F0C3F99DED032A9DED9D
:10D0B000041A059920EE020A80EE010A81ED710A38
:10D0C000D1F8BC01C1F8D401D1F8C401C1F8DC0128
:10D0D000D1F8C001C1F8D8010CB080BD00003443C4
:10D0E000DB0F494082B001900198009090ED741AD6
:10D0F00090ED770A30EE410A9FED511AB4EE410AE5
:10D10000F1EE10FA05DDFFE70099888A0138888280
:10D1100014E0009890ED741A90ED770A30EE410A11
:10D120009FED481AB4EE410AF1EE10FA05DAFFE776
:10D130000099888A01308882FFE7FFE70098B0F9FC
:10D1400014104FF4B472514300EE101AB8EEC00A36
:10D1500090ED771A30EE010A80ED7A0A90ED721A9E
:10D1600090ED750A30EE410A9FED351AB4EE410A92
:10D17000F1EE10FA05DDFFE70099C88A0138C88290
:10D1800014E0009890ED721A90ED750A30EE410AA5
:10D190009FED2C1AB4EE410AF1EE10FA05DAFFE722
:10D1A0000099C88A0130C882FFE7FFE70098B0F90C
:10D1B00016104FF4B472514300EE101AB8EEC00AC4
:10D1C00090ED751A30EE010A80ED780A90ED731A31
:10D1D00090ED760A30EE410A9FED191AB4EE410A3D
:10D1E000F1EE10FA05DDFFE70099088B013808839E
:10D1F00014E0009890ED731A90ED760A30EE410A33
:10D200009FED101AB4EE410AF1EE10FA05DAFFE7CD
:10D210000099088B01300883FFE7FFE70098B0F919
:10D2200018104FF4B472514300EE101AB8EEC00A51
:10D2300090ED761A30EE010A80ED790A02B070475F
:10D2400000003443000034C380B58CB00B9040F232
:10D250000050C2F2000009900168009141680491F9
:10D26000806803F09BFF41EC100B53EC102B104631
:10D27000194603F0CDFA0246009801920A46019938
:10D2800042EC101B8DED020B03F088FF9DED020BAD
:10D2900041EC110B53EC112B51EC100B03F092FDF0
:10D2A0000246049805920A46059942EC101B8DED42
:10D2B000060B03F073FF9DED061B41EC100B51ECC8
:10D2C000110B53EC102B03F07DFD41EC100B51ECD6
:10D2D000100B03F06BFA014609980A919DED0A0ABA
:10D2E000B7EE001A30EE011A80EE010A80ED030A53
:10D2F0000CB080BD80B592B01090109803900121C1
:10D3000005918DF81F10002104918DF81E107E21CB
:10D31000B622FFF77FFD0598F5F758FF03980499AB
:10D32000059A08AB0693FFF7BBFC0520F5F74EFF07
:10D3300003980499059A069BFFF7B2FC9DF820001C
:10D340001E2804D0FFE702208DF8470015E103985E
:10D350007C2100220292FFF75DFD0520F5F736FFE4
:10D3600003987D210422FFF755FD0A200190F5F76F
:10D370002DFF019A03984021FFF74CFD039890F888
:10D380002D224121FFF746FD0220F5F71FFF0398EC
:10D390001421B622FFF7BAFD1E20F5F717FF0398F8
:10D3A0000299012208ABFFF7E7FC9DF820000F2847
:10D3B00004D0FFE703208DF84700DEE0039810213A
:10D3C0000222FFF7A3FD039890F82C220F21FFF70C
:10D3D0009DFD03983C210122FFF798FDFFE79DF892
:10D3E0001F0028B3FFE703983C21012208ABFFF799
:10D3F000C3FC9DF820008007002804D5FFE700202B
:10D400008DF81F00FFE79DF81E0001308DF81E000B
:10D410009DF81E00282807DBFFE7039800F0D0F8EE
:10D4200005208DF84700A8E00A20F5F7CFFED6E7E3
:10D4300001200090F5F7CAFE0398009A3C2108AB42
:10D44000FFF79AFC9DF820004007002804D5FFE76D
:10D4500005208DF8470090E0039890F82D0240B920
:10D46000FFE7039944F2E710C3F66B20C1F83402DA
:10D470002CE0039890F82D02012808D1FFE70399CA
:10D4800043F23330C3F6EB20C1F834021DE00398B9
:10D4900090F82D02022808D1FFE7039943F23330B8
:10D4A000C3F66B30C1F834020EE0039890F82D02F9
:10D4B000032808D1FFE7039943F23330C3F6EB307A
:10D4C000C1F83402FFE7FFE7FFE7FFE7039890F8B2
:10D4D0002C0240B9FFE7039941F26F20C4F2831098
:10D4E000C1F830023BE0039890F82C02012808D1E3
:10D4F000FFE7039941F26F20C4F20320C1F8300224
:10D500002CE0039890F82C02022808D1FFE7039939
:10D5100041F26F20C4F28320C1F830021DE003986D
:10D5200090F82C02032808D1FFE7039941F26F20FD
:10D53000C4F20330C1F830020EE0039890F82C02D8
:10D54000042808D1FFE7039941F26F20C4F2833029
:10D55000C1F83002FFE7FFE7FFE7FFE7FFE70398C7
:10D5600000F02EF803984068F7F738FD0398FFF7AE
:10D570006BFE00208DF84700FFE79DF8470012B0D2
:10D5800080BD000080B582B0019001980090D0F875
:10D59000BC11C0F8C811D0F8C411C0F8D011D0F82F
:10D5A000C011C0F8CC11FFF74BFC0098FFF7C4FC8A
:10D5B0000098FFF797FD0098FFF736FA02B080BD9C
:10D5C00080B5B4B033903398009003A80190C02187
:10D5D0000291F2F7D0FF00980199029A1C30F2F7FD
:10D5E00076FF34B080BD000080B586B00590059808
:10D5F000039040F6F860C2F20000007890B3FFE7B5
:10D60000039890ED070A90ED451A30EE410A80ED3F
:10D61000480A90ED080A90ED461A30EE410A80ED76
:10D62000490A90ED090A90ED471A30EE410A80ED63
:10D630004A0A90ED130A90ED5D1A30EE410A80ED32
:10D64000600A90ED140A90ED5E1A30EE410A80ED0A
:10D65000610A90ED150A90ED5F1A30EE410A80EDF7
:10D66000620A13E00399C869C1F82001086AC1F889
:10D670002401486AC1F82801C86CC1F88001086D0E
:10D68000C1F88401486DC1F88801FFE70398B0F83C
:10D69000500140F6B731884200F36281FFE70398FA
:10D6A000B0F85001A0BBFFE7039900200290C861C9
:10D6B00008624862C86408654865C1F84401C1F859
:10D6C0004801C1F84C01C1F8B001C1F8B401C1F87A
:10D6D000B8014FF04742C1F8FC20C1F80021C1F861
:10D6E00004214FF60060C4F2FF60C1F80801C1F8E0
:10D6F0000C01C1F81001C1F85C21C1F86021C1F82A
:10D700006421C1F86801C1F86C01C1F87001FFE73C
:10D71000039890ED070A90ED3F1AB4EE410AF1EE3E
:10D7200010FA05DDFFE70399C869C1F8FC00FFE7BF
:10D73000039890ED080A90ED401AB4EE410AF1EE1C
:10D7400010FA05DDFFE70399086AC1F80001FFE759
:10D75000039890ED090A90ED411AB4EE410AF1EEFA
:10D7600010FA05DDFFE70399486AC1F80401FFE7F5
:10D77000039890ED070A90ED421AB4EE410AF1EEDB
:10D7800010FA05DAFFE70399C869C1F80801FFE755
:10D79000039890ED080A90ED431AB4EE410AF1EEB9
:10D7A00010FA05DAFFE70399086AC1F80C01FFE7F0
:10D7B000039890ED090A90ED441AB4EE410AF1EE97
:10D7C00010FA05DAFFE70399486AC1F81001FFE78C
:10D7D000039890ED130A90ED571AB4EE410AF1EE5A
:10D7E00010FA05DDFFE70399C86CC1F85C01FFE79B
:10D7F000039890ED140A90ED581AB4EE410AF1EE38
:10D8000010FA05DDFFE70399086DC1F86001FFE735
:10D81000039890ED150A90ED591AB4EE410AF1EE15
:10D8200010FA05DDFFE70399486DC1F86401FFE7D1
:10D83000039890ED130A90ED5A1AB4EE410AF1EEF6
:10D8400010FA05DAFFE70399C86CC1F86801FFE731
:10D85000039890ED140A90ED5B1AB4EE410AF1EED4
:10D8600010FA05DAFFE70399086DC1F86C01FFE7CC
:10D87000039890ED150A90ED5C1AB4EE410AF1EEB2
:10D8800010FA05DAFFE70399486DC1F87001FFE768
:10D89000039890ED071A90ED510A30EE010A80EDE1
:10D8A000510A90ED081A90ED520A30EE010A80ED0F
:10D8B000520A90ED091A90ED530A30EE010A80EDFC
:10D8C000530A90ED131A90ED6C0A30EE010A80EDC8
:10D8D0006C0A90ED141A90ED6D0A30EE010A80ED9D
:10D8E0006D0A90ED151A90ED6E0A30EE010A80ED8A
:10D8F0006E0AB0F850110131A0F8501190ED570A9E
:10D9000090ED5A1A30EE410A9FED751AB4EE410AB5
:10D91000F1EE10FA1EDCFFE7039890ED580A90ED47
:10D920005B1A30EE410A9FED6E1AB4EE410AF1EE39
:10D9300010FA0FDCFFE7039890ED590A90ED5C1A9E
:10D9400030EE410A9FED661AB4EE410AF1EE10FA8C
:10D9500005DDFFE703990020A1F85001FFE74FE044
:10D96000039840F6F862C2F200020121117090EDB6
:10D97000510AB0F8501101EE101AB8EEC11A80EE3B
:10D98000010A80ED450A90ED520AB0F8501101EEFF
:10D99000101AB8EEC11A80EE010A80ED460A90ED29
:10D9A000530AB0F8501101EE101AB8EEC11A80EE09
:10D9B000010A80ED470A90ED6C0AB0F8501101EEB3
:10D9C000101AB8EEC11A80EE010A80ED5D0A90EDE2
:10D9D0006D0AB0F8501101EE101AB8EEC11A80EEBF
:10D9E000010A80ED5E0A90ED6E0AB0F8501101EE6A
:10D9F000101AB8EEC11A80EE010A80ED5F0AFFE747
:10DA00000398C06903F0CAFB41EC100B51EC100BFA
:10DA10009FED310B53EC102B0193009202F0ACFF01
:10DA200041EC100B51EC100B02F0C0FE01460398C4
:10DA3000C0F8DC10006A03F0B1FB009A019B41ECD6
:10DA4000100B51EC100B02F097FF41EC100B51EC56
:10DA5000100B02F0ABFE01460398C0F8E010406ADC
:10DA600003F09CFB009A019B41EC100B51EC100B56
:10DA700002F082FF41EC100B51EC100B02F096FE0D
:10DA800001460398C0F8E41090ED600A9FED153A46
:10DA900020EE030A9FED142A80EE020A9FED131A6E
:10DAA00080EE010A80ED3A0A90ED610A20EE030A49
:10DAB00080EE020A80EE010A80ED3B0A90ED620AD8
:10DAC00020EE030A80EE020A80EE010A80ED3C0A95
:10DAD00006B080BD00BF00BF000000000000A040F5
:10DAE00000009642DB0F494000003443333383414A
:10DAF00070B588B09E4614460D460646119810999A
:10DB00000F9A0E9BDDF834C0DDF830C007960695FD
:10DB10000594CDF810E0ADF80EC0ADF80C30ADF8BE
:10DB20000A208DED010A8DF803108DF80200079888
:10DB30000699016005994160049981600D99C16061
:10DB4000BDF80E100182BDF80C1041824FF07E51DD
:10DB5000C0F81C120021C0F82012C0F82412C0F82E
:10DB600028129DF8032080F82C229DF8022080F8CE
:10DB70002D22C0F83812C0F83C12019AC0F8402299
:10DB8000BDF80A20A0F84622A0F84C1280F84E12E8
:10DB900080F84F1208B070BD80B590B009AA01920C
:10DBA0000A4601990092024600980F92ADF83A0099
:10DBB00081ED040AC1ED030A81ED021AC1ED011ADB
:10DBC00081ED002A0F98039091ED040AD0ED120A1E
:10DBD00090ED131A1020FBF733FC019902460398CD
:10DBE000ADF8222091ED030AD0ED140A90ED151A3C
:10DBF0000C200290FBF724FC019A0399034602983B
:10DC0000ADF8203092ED020AD1ED160A91ED171A07
:10DC1000FBF716FC019A039903460298ADF81E30F3
:10DC200092ED010AD1ED180A91ED191AFBF708FCE3
:10DC3000019A039903460298ADF81C3092ED000A50
:10DC4000D1ED1A0A91ED1B1AFBF7FAFB0146039876
:10DC5000ADF81A109DF823108DF812109DF82210BF
:10DC60008DF81310BDF8201009098DF81410BDF8B7
:10DC700020209DF81F1041EA02118DF815109DF823
:10DC80001E108DF81610BDF81C1009098DF817101C
:10DC9000BDF81C209DF81B1041EA02118DF81810E8
:10DCA0009DF81A108DF819104068BDF83A100DF162
:10DCB000120200F0D7F90146039880F8441090F85A
:10DCC000440028B1FFE70399086C01300864FFE7BE
:10DCD000039890F8440010B080BD000080B586B075
:10DCE0000590ADF8121005980190FF218DF80A10EB
:10DCF0008DF80B108DF80C108DF80D108DF80E109E
:10DD00008DF80F108DF81010FC218DF8111040685F
:10DD1000BDF812100DF10A0200F0A4F901460198B5
:10DD200080F8441090F8440028B1FFE70199086C8E
:10DD300001300864FFE7019890F8440006B080BD08
:10DD400080B584B00290029901914868C069098841
:10DD5000884204D0FFE701208DF80F005CE00199B4
:10DD6000486890F8380000F00F000881486890F883
:10DD70003800000948814868B0F83900000400BA4A
:10DD8000C8604A6892F83B0092F83C20000140EAE3
:10DD900012100861486890F83C2090F83D0002F0AD
:10DDA0000F0240EA02204861C86891ED120AD1EDE5
:10DDB000130A1021FBF78CFB019981ED060A086913
:10DDC00091ED140AD1ED150A0C210091FBF780FBAF
:10DDD0000099019A82ED070A506992ED1A0AD2ED74
:10DDE0001B0AFBF775FB019880ED080A416891F862
:10DDF0003E1000EE101AB8EE400A80ED090A4168A4
:10DE000091F83F1000EE101AB8EE400A80ED0A0AB1
:10DE100000208DF80F00FFE79DF80F0004B080BDD3
:10DE200083B00290ADF8061000920298BDF806107B
:10DE3000018000994160002180F8341001640322C0
:10DE400080F8442040F6DC72CCF24902826440F64D
:10DE5000DC72C4F24902C2640022CCF2F012026504
:10DE60000022C4F2F012426581650022C4F2FA3247
:10DE7000C26501660021C4F2A00141660021CCF216
:10DE8000401181660021C4F24011C16603B07047A1
:10DE900082B0019001980090007E38B9FFE70099A8
:10DEA00001200876B1F90800C861FFE70099B1F9CF
:10DEB0000800C969401A4EF67741CFF6FF718842D3
:10DEC0000ADCFFE70099086941F6FF721044086117
:10DED00048690130486114E00099B1F90800C96946
:10DEE000401A41F2893188420ADBFFE7009908694C
:10DEF00041F6FF72801A0861486901384861FFE7FE
:10DF0000FFE700990869CA69801A0861B1F9082019
:10DF1000086910440861B1F90800C86102B070478F
:10DF200080B584B00290029901914868C06909885F
:10DF3000884223D1FFE70198416891F8382091F891
:10DF4000391041EA02210181416891F83A2091F8A3
:10DF50003B1041EA02214181416891F83C2091F84F
:10DF60003D1041EA02218181416891F83E108173A0
:10DF7000FFF78EFF00208DF80F0003E001208DF8E1
:10DF80000F00FFE79DF80F0004B080BD83B0029042
:10DF9000ADF8061000920298BDF8061001800099B5
:10DFA000416003B07047000080B58EB00D90ADF8B1
:10DFB0003210ADF830200D98019002A82821F2F718
:10DFC000DAFA0198002180F8501008224261BDF869
:10DFD0003220079208910122099202910391049143
:10DFE000059190F84800C00718B9FFE70020069097
:10DFF00002E001200690FFE7019801210A91BDF897
:10E0000030100B91006802A9F3F7CCFE18B1FFE7BE
:10E01000F3F7A4FDFFE701980068F4F733FD18B1AA
:10E02000FFE7F3F79BFDFFE7019890F84800C00772
:10E0300058B9FFE7019800680221F3F7DDFD18B138
:10E04000FFE7F3F78BFDFFE70AE001980068102176
:10E05000F3F7D2FD18B1FFE7F3F780FDFFE7FFE725
:10E060000EB080BD80B586B00590ADF81210039259
:10E0700005980190BDF81220014641F8042F029145
:10E080000068F4F76DF8019B029983F85000186856
:10E09000039A4C33F3F7DAFD06B080BD80B584B047
:10E0A000029001910298009090F84800C00760B972
:10E0B000FFE700990B4653F8380B01F11C020021D1
:10E0C000F3F744FF8DF80F000BE000990B4653F86F
:10E0D000380B01F11C020121F3F738FF8DF80F0016
:10E0E000FFE79DF80F0004B080BD000010B586B0BA
:10E0F0008C46864609980899CDF814E0ADF812C010
:10E10000ADF81020ADF80E30ADF80C10ADF80A00E7
:10E1100005989DF811108DF802109DF810108DF8DB
:10E1200003109DF80F108DF804109DF80E108DF857
:10E1300005109DF80D108DF806109DF80C108DF847
:10E1400007109DF80B108DF808109DF80A108DF837
:10E150000910BDF812100DF10202FFF783FF06B09F
:10E1600010BD000083B0029001918DF80320029849
:10E17000019901609DF8031001F0010180F8481039
:10E1800003B0704780B590B00D908DED0C0ACDEDC9
:10E190000B0A8DED0A1A0D9809909DED0C0A9DED64
:10E1A0000B1A30EE410A80ED000A90ED001A90ED56
:10E1B000010A20EE010A80ED0C0A90ED041A90EDA0
:10E1C0000C0AB1EE411AB4EE410AF1EE10FA08DA87
:10E1D000FFE7099890ED040AB1EE400A8DED080AB8
:10E1E0001BE0099890ED041A90ED0C0AB4EE410A78
:10E1F000F1EE10FA06DDFFE7099890ED040A8DEDC7
:10E20000070A05E0099890ED0C0A8DED070AFFE773
:10E210009DED070A8DED080AFFE709989DED080AB4
:10E2200080ED0C0A01680E919DED0E0AB0EEC00A59
:10E2300090ED0A1AB4EE410AF1EE10FA04DAFFE7A3
:10E24000099900200860FFE7099801680F919DED8A
:10E250000F0AB0EEC00A90ED0B1AB4EE410AF1EECF
:10E2600010FA43DAFFE7099890ED002A90ED021AC0
:10E2700090ED0D0A21EE021A30EE010A80ED0D0A32
:10E2800090ED051A90ED0D0AB1EE411AB4EE410A77
:10E29000F1EE10FA08DAFFE7099890ED050AB1EE01
:10E2A000400A8DED060A1BE0099890ED051A90EDE5
:10E2B0000D0AB4EE410AF1EE10FA06DDFFE7099807
:10E2C00090ED050A8DED050A05E0099890ED0D0A1F
:10E2D0008DED050AFFE79DED050A8DED060AFFE7C6
:10E2E00009989DED060A80ED0D0A11E0099890ED60
:10E2F000000A90ED0D1A20EE010AB5EE400AF1EE8B
:10E3000010FA04DAFFE7099900204863FFE7FFE706
:10E31000099890ED000A90ED031A8DED041A90ED26
:10E32000191A30EE410ADDED0A0A00F04DF909989C
:10E33000B0EE401A9DED040A20EE010A80ED0E0AAF
:10E3400090ED061A90ED0E0AB1EE411AB4EE410AB4
:10E35000F1EE10FA08DAFFE7099890ED060AB1EE3F
:10E36000400A8DED030A1BE0099890ED061A90ED26
:10E370000E0AB4EE410AF1EE10FA06DDFFE7099845
:10E3800090ED060A8DED020A05E0099890ED0E0A5F
:10E390008DED020AFFE79DED020A8DED030AFFE70E
:10E3A00009989DED030A80ED0E0A90ED0C0A90EDA0
:10E3B0000D2A90ED0E1A30EE020A30EE010A80EDC1
:10E3C000100A90ED071A90ED100AB1EE411AB4EE62
:10E3D000410AF1EE10FA08DAFFE7099890ED070A12
:10E3E000B1EE400A8DED010A1BE0099890ED071A85
:10E3F00090ED100AB4EE410AF1EE10FA06DDFFE7E7
:10E40000099890ED070A8DED000A05E0099890ED56
:10E41000100A8DED000AFFE79DED000A8DED010A5F
:10E42000FFE709999DED010A81ED100A0868486629
:10E4300010B080BD8AB007908DED060ACDED050ABB
:10E44000079804909DED060A9DED051A30EE410AED
:10E4500080ED000A016808919DED080AB0EEC00A3F
:10E4600090ED0A1AB4EE410AF1EE10FA04DAFFE771
:10E47000049900200860FFE70498016809919DED68
:10E48000090AB0EEC00A90ED0B1AB4EE410AF1EEA3
:10E4900010FA3FDAFFE7049890ED001A90ED080AB1
:10E4A00030EE010A80ED080A90ED051A90ED080A99
:10E4B000B1EE411AB4EE410AF1EE10FA08DAFFE7C4
:10E4C000049890ED050AB1EE400A8DED030A1BE0B9
:10E4D000049890ED051A90ED080AB4EE410AF1EEA9
:10E4E00010FA06DDFFE7049890ED050A8DED020AAB
:10E4F00005E0049890ED080A8DED020AFFE79DED16
:10E50000020A8DED030AFFE704989DED030A80EDF2
:10E51000080A03E0049900204863FFE7049890ED9F
:10E52000001A90ED010A20EE010A80ED0C0A90ED30
:10E53000020A90ED081A20EE010A80ED0D0A90ED16
:10E540000C0A90ED0D2A90ED0E1A30EE020A30EE14
:10E55000010A80ED100A90ED071A90ED100AB1EE55
:10E56000411AB4EE410AF1EE10FA08DAFFE7049816
:10E5700090ED070AB1EE400A8DED010A1BE0049808
:10E5800090ED071A90ED100AB4EE410AF1EE10FA80
:10E5900006DDFFE7049890ED070A8DED000A05E01F
:10E5A000049890ED100A8DED000AFFE79DED000A3A
:10E5B0008DED010AFFE704999DED010A81ED100A36
:10E5C000086888660AB0704780B586B005908DED02
:10E5D000040ACDED030A059800909DED030A30EE84
:10E5E000000A10EE100A02F0D9FD41EC100B9FED6D
:10E5F000201B53EC112B51EC100B02F0E3FB41EC10
:10E60000100B51EC100B9FED1C0B53EC102B02F078
:10E61000D9FB41EC100B51EC100B02F0C7F8019044
:10E6200040F20C00C2F20000006801280AD1FFE7A6
:10E63000009940F20C02C2F200020020106004981F
:10E640004862FFE7009991ED090A9DED031A9DEDDF
:10E65000042A32EE402A21EE021A30EE010A8DED34
:10E66000020A029848629DED020A06B080BD00BF12
:10E670004AD8124DFB210940FCA9F1D24D62503F0E
:10E680008AB009908DED080ACDED070A8DED061AC6
:10E69000CDED051A8DED042ACDED032A8DED023A5C
:10E6A000CDED013A8DED004A09980899416007992E
:10E6B00081600699C16005990161049941610399DE
:10E6C00081610299C161019981620099C162002151
:10E6D0008164C16401654165A0F85810A0F85A1022
:10E6E000A0F85C10A0F85E104FF07C5101660AB0F3
:10E6F000704740F6F060C2F200000068704700000A
:10E7000010B50446002808BF012400BF2046F1F7D9
:10E71000BBFF002818BF10BDFFF7EBFF08B1804713
:10E72000F4E7002010BD000081B08DF803009DF9D2
:10E73000030000280ED4FFE79DF9031001F01F022B
:10E74000012090404A094EF20011CEF2000141F83A
:10E750002200FFE701B070474EF60C50CEF20000E9
:10E760000068C0F30220704782B08DF80700009166
:10E770009DF9070000280AD4FFE7009800019DF9E1
:10E7800007104EF20042CEF2000288540BE00098CF
:10E7900000019DF8071001F00F014EF61452CEF261
:10E7A00000028854FFE702B07047000083B0029077
:10E7B000029800F0070000904EF60C51CEF20001D6
:10E7C0000868019001984FF6FF02104001900198EF
:10E7D000009A40EA02200022C0F2FA52104301904F
:10E7E0000198086003B0704780B540F2D040C2F293
:10E7F0000000FCF713FF80BD80B540F2E040C2F29C
:10E800000000FCF71FFF80BD80B540F2F040C2F26F
:10E810000000FCF72BFF80BD80B540F20050C2F233
:10E820000000FCF737FF80BD80B540F21050C2F207
:10E830000000FCF743FF80BD80B540F22050C2F2DB
:10E840000000FCF74FFF80BD80B540F23050C2F2AF
:10E850000000FCF75BFF80BD80B540F24050C2F283
:10E860000000FCF767FF80BD80B540F25050C2F257
:10E870000000FCF773FF80BD80B540F26050C2F22B
:10E880000000FCF77FFF80BD80B540F27050C2F2FF
:10E890000000FCF78BFF80BD80B540F2A000C2F203
:10E8A000000040F61071C2F200010022FFF75AFC8E
:10E8B00080BD000080B540F6F000C2F200009FED80
:10E8C0000A0AB1EE043A9FED094AF0EE440AB0EEAE
:10E8D000441AF0EE431AB0EE442AF0EE442AF0EE69
:10E8E000443AFFF7CDFE80BD0AD7A33C00000000EC
:10E8F00080B540F28070C2F20000B3EE040A9FEDD2
:10E90000093A9FED094AF0EE440AB0EE441AF0EEDF
:10E91000431AB0EE442AF0EE442AF0EE443AFFF7F0
:10E92000AFFE80BD00803B460000000080B540F691
:10E93000D630C2F200000021FBF7E0FA80BD0000F3
:10E9400080B540F6DC30C2F20000B3EE0E0ADFED17
:10E95000030A9FED031AFBF78DFA80BD6F12833A0D
:10E96000DA0F494080B540F6C930C2F200000021FC
:10E97000FBF7C4FA80BD000080B540F6F830C2F263
:10E980000000B3EE0E0ADFED030A9FED031AFBF75A
:10E9900071FA80BD6F12833ADA0F494080B540F6B4
:10E9A000D230C2F200000021FBF7A8FA80BD0000BF
:10E9B00080B540F67460C2F20000B3EE040ADFEDE9
:10E9C000030A9FED031AFBF755FA80BD6F12833AD5
:10E9D000DA0F494080B582B02420FFF791FE019004
:10E9E000FDF700F9019841F68C41C2F20001086080
:10E9F00002B080BD80B540F68430C2F20000B3EEB4
:10EA0000040ADFED030A9FED031AFBF733FA80BD1A
:10EA10006F12833ADA0F494080B582B07820FFF751
:10EA20006FFE0190FCF70CF9019840F6F461C2F218
:10EA30000001086002B080BD80B540F2B440C2F26F
:10EA40000000B3EE0E0ADFED030A9FED031AFBF799
:10EA500011FA80BD6F12833ADA0F494080B540F653
:10EA60006830C2F20000B2EE040ADFED030A9FED47
:10EA7000031AFBF7FFF980BD6F12833ADA0F4940A2
:10EA800080B540F61840C2F2000041F67411C2F29F
:10EA9000000141F65402C2F20002FCF7AFFD80BD56
:10EAA00080B540F6CE30C2F200000021FBF726FA16
:10EAB00080BD000080B540F6D430C2F200000021D5
:10EAC000FBF71CFA80BD000080B540F6D330C2F2DF
:10EAD00000000021FBF712FA80BD000080B540F273
:10EAE000F400C2F2000040F63871C2F200010122C7
:10EAF000FFF738FB80BD000080B540F68000C2F211
:10EB00000000B3EE020ADFED091AF2EE042A9FEDCF
:10EB1000083A9FED084AF0EE440AB0EE621AB0EEF1
:10EB2000442AF0EE443AFFF7ABFD80BD0000AF434E
:10EB30000000C8430000000080B540F61000C2F29B
:10EB40000000B3EE040A9FED093A9FED094AF0EE8A
:10EB5000440AB0EE441AF0EE431AB0EE442AF0EE46
:10EB6000442AF0EE443AFFF78BFD80BD00803B461F
:10EB70000000000080B540F6DC50C2F20000B3EEA9
:10EB80000E0ADFED080A9FED081ADFED081A9FED67
:10EB9000082ADFED082AB6EE003AF7EE003AFDF754
:10EBA00041F980BD0000B442000000006F12833ABA
:10EBB00000007A46CDCC4C3F80B540F6CD30C2F255
:10EBC00000000021FBF79AF980BD000080B540F6F7
:10EBD000D530C2F200000021FBF790F980BD0000A3
:10EBE00080B540F6CC30C2F200000021FBF786F978
:10EBF00080BD000080B540F6CF30C2F20000002199
:10EC0000FBF77CF980BD000080B540F6D830C2F239
:10EC100000000021FBF772F980BD000080B540F6CE
:10EC2000D730C2F200000021FBF768F980BD000078
:10EC300080B540F6D130C2F200000021FBF75EF94A
:10EC400080BD000080B540F6D030C2F20000002147
:10EC5000FBF754F980BD000080B540F6D050C2F2F9
:10EC600000000021FBF7D2F980BD000080B540F61E
:10EC7000D250C2F200000021FBF7C8F980BD0000AD
:10EC800080B540F66010C2F2000040F2F402C2F219
:10EC900000024FF40271FFF779F980BD80B540F6AC
:10ECA000F420C2F200009FED0A0AB1EE003A9FED97
:10ECB000094AF0EE440AB0EE441AF0EE431AB0EE00
:10ECC000442AF0EE442AF0EE443AFFF7D9FC80BD26
:10ECD0000AD7A33C0000000080B540F2F060C2F209
:10ECE0000000B2EE0A0A9FED093A9FED094AF0EEE4
:10ECF000440AB0EE441AF0EE431AB0EE442AF0EEA5
:10ED0000442AF0EE443AFFF7BBFC80BD00007A468F
:10ED10000000000080B540F69460C2F200009FED54
:10ED2000090ADFED090A9FED091ADFED091A9FEDC7
:10ED3000092AF7EE003AF0EE632AB0EE633AFDF7E7
:10ED400071F880BD00007042000002430000000026
:10ED5000CDCCCC3D00007A4680B540F6D450C2F20E
:10ED600000000021FBF752F980BD000080B540F69D
:10ED7000D650C2F200000021FBF748F980BD000028
:10ED800080B540F2F070C2F2000040F2A002C2F280
:10ED9000000240F20221FFF7F9F880BD80B540F68D
:10EDA0008420C2F200009FED0A0ADFED0A1ADFEDAF
:10EDB0000A2A9FED0A3A9FED0A4AF0EE440AB0EEA5
:10EDC000621AB0EE442AF0EE443AFFF759FC80BDD7
:10EDD00000000C420000AF43000048430000C8435D
:10EDE0000000000080B540F2A050C2F200009FED8C
:10EDF0000A0ADFED0A2A9FED0A3A9FED0A4AF0EE71
:10EE0000440AB0EE441AF0EE431AB0EE442AF0EE93
:10EE1000443AFFF735FC80BDCDCCCC3E00401C46CB
:10EE200000007A460000000080B540F62860C2F27B
:10EE30000000B2EE0E0ADFED080A9FED081ADFEDC2
:10EE4000081A9FED082ADFED082AB6EE003AF7EE21
:10EE5000003AFCF7E7FF80BD00000243000000001D
:10EE600017B7D13800007A46CDCC4C3F80B540F280
:10EE70006070C2F2000040F2A002C2F2000240F252
:10EE80000121FFF783F880BD80B582B01C20FFF719
:10EE900037FC0190FDF7A0FB019841F69441C2F2C6
:10EEA0000001086002B080BD80B540F28060C2F20F
:10EEB0000000B2EE0A0A9FED093A9FED094AF0EE12
:10EEC000440AB0EE441AF0EE431AB0EE442AF0EED3
:10EED000442AF0EE443AFFF7D3FB80BD00007A46A7
:10EEE0000000000080B541F6D040C2F20000B3EE51
:10EEF000020ADFED091AF2EE042A9FED083A9FEDAF
:10EF0000084AF0EE440AB0EE621AB0EE442AF0EE7F
:10EF1000443AFFF7B5FB80BD0000AF430000C84393
:10EF20000000000080B540F28050C2F2000040F2C4
:10EF3000F402C2F200024FF40171FFF727F880BD1E
:10EF400080B540F21060C2F200009FED0A0A9FED0A
:10EF50000A3A9FED0A4AF0EE440AB0EE441AF0EE87
:10EF6000431AB0EE442AF0EE442AF0EE443AFFF79A
:10EF700087FB80BD6666E63E00007A460000000022
:10EF800080B541F62060C2F200009FED0A0AB1EEA2
:10EF9000043A9FED094AF0EE440AB0EE441AF0EE4E
:10EFA000431AB0EE442AF0EE442AF0EE443AFFF75A
:10EFB00067FB80BD0AD7A33C0000000080B540F28B
:10EFC0004C10C2F2000040F2A002C2F20002112175
:10EFD000FEF726FF80BD000080B540F6CA30C2F2C1
:10EFE00000000021FAF78AFF80BD000080B541F6DD
:10EFF0004050C2F20000B3EE020AB2EE0E1ADFED8C
:10F00000081AF2EE042A9FED073A9FED074AF0EE48
:10F01000440AB0EE442AF0EE443AFFF731FB80BDDB
:10F020000000AF430000C8430000000080B540F27C
:10F03000BC10C2F2000040F2F402C2F2000212213F
:10F04000FEF7EEFE80BD000080B540F6C830C2F28B
:10F0500000000021FAF752FF80BD000080B541F6A4
:10F06000B050C2F200009FED0A0AB1EE043A9FEDE3
:10F07000094AF0EE440AB0EE441AF0EE431AB0EE3C
:10F08000442AF0EE442AF0EE443AFFF7F9FA80BD44
:10F090005839B43C0000000080B586B069460320B2
:10F0A00048610020086140F6B830C86010208860D0
:10F0B00040F60002C4F202024A60086040F23020CA
:10F0C000C2F2000041F20461C2F2000141F2C472D6
:10F0D000C2F200020023C4F202039FED030AFEF70E
:10F0E00007FD06B080BD00BF9A99D93F80B540F6B4
:10F0F000CB30C2F200000021FAF700FF80BD000013
:10F1000080B582B01820FFF7FBFA0190FDF798F860
:10F11000019841F6CC41C2F20001086002B080BD06
:10F1200080B586B004900020ADF80E00049800F180
:10F1300008010DF10E000190042200F01FF8019863
:10F14000049A02F10E01526800F018F8BDF80E00A2
:10F15000029004980C30F8F7C9FF014602988842E3
:10F1600004D0FFE74FF0FF30059004E0049800F072
:10F1700051F90590FFE7059806B080BD88B007906B
:10F180000691059207980088049000200390FFE7FD
:10F190000398059988422BD2FFE706980399405CB3
:10F1A00001900199049880EA0120049000200290C7
:10F1B000FFE70298072816D8FFE704984000009060
:10F1C0009DF811000006002806D5FFE7009841F2DF
:10F1D000210148400090FFE700980490FFE7029863
:10F1E00001300290E5E7FFE7039801300390CFE795
:10F1F00004980799088008B07047000080B584B073
:10F2000002908DF807100298006888B9FFE702980D
:10F2100008309DF8071000F061FC18B9FFE70020E6
:10F2200003903BE00299022008600020039035E043
:10F230009DF80700029B1A68991801321A6008723B
:10F2400002980068062812D1FFE702980A30F8F702
:10F250004DFF02994860B0F5FD7F07DDFFE7029999
:10F26000002008604FF0FF30039017E0FFE702989E
:10F270000068062807DBFFE702990868496806313D
:10F28000884203DAFFE70020039007E0029900209C
:10F2900008600298FFF744FF0390FFE7039804B06B
:10F2A00080BD000010B590B000200F90F4F7B8F9C1
:10F2B000FAF738F9F7F7E6FDF7F774FDF7F722FDEF
:10F2C000F7F748FDF7F79AFEF8F7B4F8F8F7D2F831
:10F2D000F8F7F0F8F8F70EF9F7F7B8FEF7F7A8FF28
:10F2E000F7F7E8FFF8F714F8F8F740F8F8F782F8BE
:10F2F000F7F7F0FEF7F72EFF4FF4FA70F3F766FF1B
:10F30000F7F7CCFCF9F732FE41F6C241C2F2000138
:10F31000087041F2EC60C2F200000821F6F7E0F953
:10F32000FFE740F20040C4F2020020210122F4F77E
:10F330004BF9FAF78BFA41F68C40C2F200000790C5
:10F34000006840F6D851C2F200010978FCF742FA91
:10F3500040F6F460C2F200000068FAF7BBFFF9F76C
:10F36000A3FE41F6CC40C2F20000006890ED010A15
:10F37000FCF77EFD079840F2F071C2F20001B1F98E
:10F380000A10099140F26071C2F20001B1F90A104D
:10F390000A910068007A0C9041F6C440C2F2000065
:10F3A0000078089041F6C640C2F2000000780B9049
:10F3B00040F24C10C2F20000806901F0EFFEDDF86F
:10F3C00020C0099A0A9BDDF82CE004460C980D94A5
:10F3D0000C460D9944EC101B694681ED040BC1F8F5
:10F3E00008E0C1F804C0086041F60840C2F200001D
:10F3F0000E9041F21C61C0F60101F1F709F80E9977
:10F4000082B241F6E400C2F200004FF6FF73F7F754
:10F41000A3FA86E780B594B0139000201290139958
:10F420000E311191139981F80802139981F8540251
:10F43000139981F8BC02FFE7129813994968884232
:10F4400080F24883FFE711981299405C01460191D0
:10F45000812816D0FFE7019883281FD0FFE7019885
:10F46000912840F03283FFE7139800F5027011995C
:10F47000129A11444C22F0F7E5FF12984C3012908A
:10F4800027E3139800F515701199129A1144682218
:10F49000F0F7D8FF1298683012901AE3139983207E
:10F4A00081F8BC021198129908440130F8F71EFE49
:10F4B0001399A1F8BD02119912980844C0781399C4
:10F4C00081F8BF021198129908440430F8F718FE29
:10F4D0001399C1F8C0021298083010901398D0F810
:10F4E000C0020F909DF83C00C007F0B1FFE71198F3
:10F4F00010990844F8F7E4F8139880EDB10A1198D0
:10F50000109908440430F8F7DBF8139880EDB20A3C
:10F510001198109908440830F8F7D2F8139880ED44
:10F52000B30A10980C301090FFE79DF83C0080075C
:10F5300000281ED5FFE7119810990844F8F7C0F885
:10F54000139880EDB40A1198109908440430F8F724
:10F55000B7F8139880EDB50A11981099084408304F
:10F56000F8F7AEF8139880EDB60A10980C301090AA
:10F57000FFE79DF83C00400700281ED5FFE71198E3
:10F5800010990844F8F79CF8139880EDB70A119881
:10F59000109908440430F8F793F8139880EDB80AEE
:10F5A0001198109908440830F8F78AF8139880EDFC
:10F5B000B90A10980C301090FFE79DF83C00000746
:10F5C00000281ED5FFE7119810990844F8F778F83D
:10F5D000139880EDBA0A1198109908440430F8F78E
:10F5E0006FF8139880EDBB0A119810990844083001
:10F5F000F8F766F8139880EDBC0A10980C3010905C
:10F60000FFE79DF83C00C006002827D5FFE71198CA
:10F6100010990844F8F754F8139880EDBD0A119832
:10F62000109908440430F8F74BF8139880EDBE0A9F
:10F630001198109908440830F8F742F8139880EDB3
:10F64000BF0A1198109908440C30F8F739F813984C
:10F6500080EDC00A109810301090FFE79DF83C0034
:10F66000800600280CD5FFE7119810990844F8F798
:10F6700047FD1399C1F80403109804301090FFE778
:10F680009DF83C004006002836D5FFE711981099F8
:10F69000405C139981F80803119910980844407848
:10F6A000139981F8090311991098084480781399E7
:10F6B00081F80A03119910980844C078139981F8C9
:10F6C0000B031199109808440079139981F80C03E1
:10F6D0001198109908440530F8F708FD1399A1F81E
:10F6E0000D03119910980844C079139981F80F03FC
:10F6F000109808301090FFE79DF83C0000060028A5
:10F700000CD5FFE7119810990844F7F7D9FF139823
:10F7100080EDC40A109804301090FFE79DF83D007A
:10F72000C00760B1FFE7119810990844F7F7C8FFC8
:10F73000139880EDC50A109804301090FFE79DF8EB
:10F740003D00800700281ED5FFE711981099084456
:10F75000F7F7B6FF139880EDC60A11981099084480
:10F760000430F7F7ADFF139880EDC70A1198109990
:10F7700008440830F7F7A4FF139880EDC80A1098E2
:10F780000C301090FFE79DF83D00400700281ED583
:10F79000FFE7119810990844F7F792FF139880ED4E
:10F7A000C90A1198109908440430F7F789FF139893
:10F7B00080EDCA0A1198109908440830F7F780FFC5
:10F7C000139880EDCB0A10980C301090FFE79DF84D
:10F7D0003D00000700281ED5FFE711981099084446
:10F7E000F7F76EFF139880EDCC0A11981099084432
:10F7F0000430F7F765FF139880EDCD0A1198109942
:10F8000008440830F7F75CFF139880EDCE0A109893
:10F810000C301090FFE79DF83D00C00600281ED573
:10F82000FFE7119810990844F7F74AFF139880ED05
:10F83000CF0A1198109908440430F7F741FF139844
:10F8400080EDD00A1198109908440830F7F738FF76
:10F85000139880EDD10A10980C301090FFE79DF8B6
:10F860003D00800600281ED5FFE711981099084436
:10F87000F7F726FF139880EDD20A119810990844E3
:10F880000430F7F71DFF139880EDD30A11981099F3
:10F8900008440830F7F714FF139880EDD40A109845
:10F8A0000C301090FFE79DF83D004006002830D551
:10F8B000FFE7119810990844F2F736F813998DED87
:10F8C000080B0898099AC1F85823C1F854031198F5
:10F8D000109908440830F2F727F813998DED0A0BB8
:10F8E0000A980B9AC1F86023C1F85C03119810992B
:10F8F00008441030F2F718F813998DED0C0B0C98A2
:10F900000D9AC1F86823C1F864031098183010905C
:10F91000FFE79DF83D00000600281FD5FFE711987E
:10F920001099405C139981F86C0311991098084460
:10F930004078139981F86D031199109808448078E4
:10F94000139981F86E03119910980844C07813999F
:10F9500081F86F03109804301090FFE79DF83E0087
:10F96000C00760B1FFE7119810990844F7F7A8FEA7
:10F97000139880EDDC0A109804301090FFE79DF892
:10F980003E00800700280CD5FFE711981099084425
:10F99000F7F796FE139880EDDD0A1098043010906A
:10F9A000FFE79DF83E00400700280CD5FFE71198BF
:10F9B00010990844F7F784FE139880EDDE0A10983A
:10F9C00004301090FFE79DF83E00000700281FD587
:10F9D000FFE711981099405C139981F87C03119905
:10F9E000109808444078139981F87D031199109874
:10F9F00008448078139981F87E031199109808447F
:10FA0000C078139981F87F03109804301090FFE7B5
:10FA10009DF83F004006002830D5FFE71198109967
:10FA20000844F1F781FF13998DED020B0298039AB8
:10FA3000C1F88423C1F88003119810990844083054
:10FA4000F1F772FF13998DED040B0498059AC1F834
:10FA50008C23C1F888031198109908441030F1F7ED
:10FA600063FF13998DED060B0698079AC1F894234E
:10FA7000C1F89003109818301090FFE79DF83F00F0
:10FA8000000600281ED5FFE7119810990844F7F7E3
:10FA900017FE139880EDE60A119810990844043077
:10FAA000F7F70EFE139880EDE70A119810990844B5
:10FAB0000830F7F705FE139880EDE80A10980C302F
:10FAC0001090FFE71098129003E012980130129006
:10FAD000FFE7B1E4012014B080BD000083B00290C4
:10FAE0008DF807100299487808709DF80700029970
:10FAF00048700298017800205A29009008D1FFE749
:10FB000002984078A538B0FA80F040090090FFE7ED
:10FB1000009800F0010003B070475FEA400C08BF96
:10FB200091F0000F4FEA8C234FEAC12243EA515172
:10FB30004FEA1C5018BF00F5F0404FEA300018BFE4
:10FB400041F000415FEA6C5C00F02980BCF1FF3FAE
:10FB500008BF40F080407047130C06BF12044FF0FE
:10FB6000100C4FF0000C130E04BF12020CF1080C25
:10FB7000130F04BF12010CF1040C930F04BF920089
:10FB80000CF1020CD30F04BF52000CF1010C114612
:10FB90004FF00002A0F11F00A0EB0C00704711F025
:10FBA000004F08BF704731F000413FF4D5AF0B0C58
:10FBB00006BF09044FF0100C4FF0000C0B0E04BFF1
:10FBC00009020CF1080C0B0F04BF09010CF1040C25
:10FBD0008B0F04BF89000CF1020CCB0F04BF49004E
:10FBE0000CF1010CCCF1200322FA03F341EA0301EA
:10FBF00002FA0CF2A0EB0C0000F1010070470000CB
:10FC000023F07F4720F07F4C80EA030000F00040A3
:10FC1000ACEB070303F57C5303F1FF032DE98049A7
:10FC200009B44FEA144324EA03484FEA154B25EA86
:10FC30000B4E0FF2042606EB13273E7803FB0667F4
:10FC4000C7F5000707FB06F64FEAD64606F102069F
:10FC50004FEA543707FB066CCCF1005C4FEA1C47B7
:10FC60002CEA074C0CFB06F507FB06F404EB1546E3
:10FC70004FEA961649085FEA320234BF00204FF07F
:10FC800000404FEAD13706FB07FC4FEA1C4C0CFB47
:10FC90000BF7D21B03FB0CF761EB07010CFB0EF714
:10FCA000B0EB074072EB17420CFB08F734BFA2EB36
:10FCB0000742B2EB074261EB17414FEA0C444FEAAF
:10FCC000910706FB07FC4FEA1C4C0CFB0BF7B0EB53
:10FCD000C74072EB573203FB0CF734BFA2EBC742AD
:10FCE000B2EBC74261EB57310CFB0EF7B0EBC7002C
:10FCF00072EB57720CFB08F734BFA2EBC702B2EBF2
:10FD0000C70261EB57714FEA816141EA92114FEAF4
:10FD1000826242EA90124FEA806004EBCC04039FB7
:10FD20004FEAD13706FB07FC4FEA1C4C0CFB0BF7E4
:10FD3000D21B03FB0CF761EB07010CFB0EF7B0EBDA
:10FD4000074072EB17420CFB08F734BFA2EB0742E7
:10FD5000B2EB074261EB17414FEA8C5504EB9C2450
:10FD60004FEA910706FB07FC4FEA1C4C0CFB0BF714
:10FD7000B0EBC74072EB573203FB0CF734BFA2EB7A
:10FD8000C742B2EBC74261EB57310CFB0EF7B0EB49
:10FD9000C70072EB57720CFB08F734BFA2EBC70227
:10FDA000B2EBC70261EB57714FEA816141EA9211F0
:10FDB0004FEA826242EA90124FEA806015EB4C25CE
:10FDC00044F100044FEAD13706FB07FC4FEA1C4C14
:10FDD0000CFB0BF7D21B03FB0CF761EB07010CFBD1
:10FDE0000EF7B0EB074072EB17420CFB08F734BF7D
:10FDF000A2EB0742B2EB074261EB17414FEA8131B8
:10FE000041EA92414FEA823242EA90424FEA803020
:10FE10004FEA0C7615EB1C1544F1000448EA034345
:10FE20004EEA0B484FF0000EB2EB080C71EB0307E3
:10FE300024BF624639464EEB0E0E4FF0000B001801
:10FE4000524149414BEB0B0BB2EB080C71EB030732
:10FE50007BF1000B24BF624639464EEB0E0E4FF08D
:10FE6000000B0018524149414BEB0B0BB2EB080C55
:10FE700071EB03077BF1000B24BF624639464EEB62
:10FE80000E0E51EA020718BF46F0010616EB0E7679
:10FE900055F1000254F1000103D5BDE88901BDE828
:10FEA0000088BDE88901BDE80048B619524141EB20
:10FEB0000101A3F10103704780807F7E7D7C7B7A06
:10FEC0007978777676757473727171706F6E6E6D06
:10FED0006C6C6B6A6A6968686766666564646363AC
:10FEE00062616160605F5F5E5E5D5D5C5C5B5B5A32
:10FEF0005A5959585857575656555555545453539F
:10FF000052525251515050504F4F4F4E4E4D4D4DF9
:10FF10004C4C4C4B4B4B4A4A4A4949494848484744
:10FF20004747474646464545454444444443434382
:10FF300043424242424141419C46002B30D477002B
:10FF40002BD04FEA37071CB503B44FF010004FF029
:10FF50001001BAF1000F06D0BCF1000FDCBF40F079
:10FF6000080040F008014FF000000FBCBDE8104051
:10FF70000BF1010BBBF1010F08BF5FEA170722BFAE
:10FF800012F1010211F101014FF0004143F10003B0
:10FF900000F0004043EA00007047F9D35708D0E76B
:10FFA00046EA06464FEA164613F1400F1FDD13F1ED
:10FFB000200FDFBF16430A46002120335B42BED02C
:10FFC000C3F1200746EA06464FEA164602FA07F74B
:10FFD00046EA070622FA03F2C3F1200701FA07F7FF
:10FFE00042EA070221FA03F14FF00003A7E746EACD
:10FFF000020646EA06464FEA164646EA0106BCBF36
:020000040801F1
:1000000046EA0646360C4FF000034FF000024FF070
:10001000000194E72DE9804C70B49A46934691E82C
:10002000380007C831EA400C48BF34EA430C03D516
:10003000FFF7E6FDFFF780FFF0BCBDE8008C2DE97F
:10004000804C70B49A46934691E8380007C810F087
:10005000804F08BF13F0804F03D100F005F8FFF781
:100060006BFFF0BCBDE8008C20F07F4723F07F4C95
:1000700080EA030000F0004007EB0C03A3F57C537B
:10008000A3F1FE0392F0000F00F0B38095F0000F93
:1000900000F077802DE901494FEA114021EA00483C
:1000A0004FEA144624EA064700FB06FC08FB06F666
:1000B00007FB08F818EB06484CEB164C00FB07F75B
:1000C00018EB07484CEB17404FEA124B22EA0B4E55
:1000D0004FEA154625EA06470BFB06FC0EFB06F623
:1000E00007FB0EFE1EEB064E4CEB164C0BFB07F708
:1000F0001EEB074E4CEB174B18EB0B0840F10000C2
:1001000018EB0E0B58EB000840F100008F1A4FF06F
:1001100000014FF000063CBFC943661B14BFB5EB9E
:10012000040C00213CBFC943F61B4FEA174427EAE1
:1001300004454FEA1C472CEA074C04FB076205FB09
:1001400007F70CFB05F616EB074642EB174204FBDC
:100150000CFC16EB0C4642EB1C421BEB060658EB64
:10016000020241414EEA8E0E46EA9E0601D5BDE8E6
:100170000189B619524141EB0101A3F10103BDE828
:1001800001894FEA144524EA05464FEA114721EA5E
:10019000074C05FB07F406FB07F70CFB06F111EB18
:1001A000074144EB174405FB0CFC11EB0C4144EBFD
:1001B0001C444FEA124722EA074C05FB07F206FBF4
:1001C00007F70CFB06F616EB074642EB174205FB5A
:1001D0000CFC16EB0C4642EB1C456A1854F100016E
:1001E00048BF7047B619524141EB0101A3F1010329
:1001F000704795F0000F37D04FEA114221EA0246CE
:100200004FEA144724EA074C02FB07F106FB07F705
:100210000CFB06F414EB074441EB174102FB0CFC0A
:1002200014EB0C4441EB1C414FEA154725EA074CFF
:1002300002FB07F506FB07F70CFB06F616EB074675
:1002400045EB174502FB0CFC16EB0C4645EB1C423C
:10025000121951F1000148BF7047B619524141EBE4
:100260000101A3F1010370474FEA144524EA054652
:100270004FEA114721EA074C05FB07F106FB07F798
:100280000CFB06F212EB074241EB174105FB0CFC9D
:1002900012EB0C4251EB1C414FF0000648BF704777
:1002A000921841EB0101A3F10103704703B40198D7
:1002B0004100009850EAC12018BF04204A0D18BF21
:1002C00040F0010040F2FF72B2EB515F08BF40F016
:1002D0000200012808BF052002B070474100080253
:1002E00018BF04200A0E18BF40F001004FF07F42F3
:1002F00032EA010108BF40F00200012808BF0520D2
:100300007047000010B54FF00E402DED028BB0EE9F
:10031000408A18EE104A00EB4400B0F1506F4AD802
:100320004FF0FC40B0EB440F22D2B0EEC80AF7EE1B
:10033000000A30EEC00AF6EE000A60EE208A18EEDF
:10034000900A00F0E8F901EE100A14F0004F1DBF0A
:10035000DFED2D0A9FED2D0AB1EE411ADFED2C0ADB
:1003600008BF9FED2C0AF8EE001A21EE218A05E065
:10037000DFED290A68EE088AB0EE600A9FED271AC1
:10038000DFED271A30EE080A48EE811A9FED251A94
:1003900008EEA11ADFED241A48EE811A9FED231A08
:1003A00008EEA11A68EE281ABDEC028B01EE810A54
:1003B00030EE200A10BD4FF0E440B0EB440F0CD9F2
:1003C00018EE100AFFF78AFF042808BF00F094F91E
:1003D000B0EE480ABDEC028B10BD4FF07F40B0EB91
:1003E000440F07D2B0EE480ABDEC028BBDE81040C6
:1003F00000F074B90120F0F7A2F9BDEC028BBDE862
:10040000104000F071B900000000C9BF22AAFDB978
:100410000000C93F22AAFD390000000024FE1C3D57
:10042000C78AD83C1E67383D1B93993DAFAA2A3E28
:1004300070B54FF068422DED048BF0EE408A18EE57
:10044000900AB0EE608A18EE101A02EB4003B3F186
:10045000654F3CBF02EB4102B2F1654F7DD200BF58
:10046000C0F3C753C1F3C7529A1A1B2A09DD10F013
:10047000004F14BF9FED830A9FED830ABDEC048BF0
:1004800070BD12F11A0F36DA11F0004F09D010F0DA
:10049000004F0CBF9FED7D0A9FED7D0ABDEC048BE4
:1004A00070BD88EE889A19EE100AFFF717FF04282E
:1004B00008BF00F021F918EE900AFFF70FFF05467C
:1004C00018EE100AFFF70AFF044619EE100AFFF7AC
:1004D00005FF042D18BF052D08D1042C18BF052CCD
:1004E00004D1002804BF0220F0F729F9B0EE490A30
:1004F000BDEC048B70BD4200B2EB410F3AD910F055
:10050000004F19BFDFED630A9FED630ADFED630A59
:100510009FED630AB0EE481A0A46B1EE688A80F091
:100520000041F0EE418A10460A1A5200B2F1807F73
:1005300034D2484010F0004FDFED5A1A9FED5A2A8E
:100540001DBFBEEE001A70EEE10A30EE420AB6EEB2
:10055000001A08BF70EEA10A00E040E008BF30EECC
:10056000020AB0EE682A01EE482A08EE818AC2EE3D
:10057000081A15E011F0004F04BF9FED4C0AF0EE91
:10058000400AD1D010F0004F19BFDFED490A9FEDAE
:10059000490ADFED490A9FED490AC5E7C8EE881A06
:1005A00021EEA11A9FED462ADFED462A41EE022AEE
:1005B0009FED452A01EE222ADFED442A41EE022A70
:1005C0009FED432ABDEC048B01EE222A21EE811A15
:1005D00001EE020A30EE210A30EE200A70BD4FF023
:1005E0007F42B2EB400F28BFB2EB410F09D2F0EED1
:1005F000480AB0EE680ABDEC048BBDE8704000F01C
:1006000070B840EA01035B0008BF41F0FF410BD026
:10061000B2EB400F08BFB2EB410F08D120F0804091
:1006200008EE900A21F0804108EE101A18E7B2EBAC
:10063000400F12BF5FEA410340F0FF4001F000416C
:100640003FF40EAFB2EB410F12BF5FEA400200F081
:10065000004041F0FF413FF403AF4A0092EA4003FB
:100660003FF5FEAE002AACBF9FED1A0A9FED1A0AB5
:1006700068EE808A28EE008A18EE900A18EE101AAA
:10068000EEE60000DB0FC9BFDB0FC93FDB0F4940BF
:10069000DB0F49C00000C9BF22AAFDB90000C93F55
:1006A00022AAFD390060ED3EC30ACE3700000000EB
:1006B000000049C022AA7DBA0000494022AA7D3A22
:1006C0002DAD65BD8FB8D53D0FB511BE61C84C3E8F
:1006D000A8AAAABE0000804F0000802F30EE000ABA
:1006E000704730EE200A7047DFED020A80EEA00A64
:1006F00070470000000000009FED020A20EE000A93
:10070000704700000000001030380A2801D2012094
:1007100070470020704710B500EE100A2DED028BD7
:10072000B1EEC08A18EE100A20F00040C0F1FF4080
:10073000C00F0AD010EE100A20F00040C0F1FF40B8
:10074000C00F04BF0120EFF7FAFF18EE100ABDEC4E
:10075000028B10BD10B500290AD00878002807D0F8
:1007600005487844EFF730FF002801D0002010BD85
:100770000248784410BD00000A0F0000020F00007C
:1007800010B500290AD00878002807D00548784419
:10079000EFF71AFF002801D0002010BD024878446E
:1007A00010BD0000EE0F0000E60F000021F0004237
:1007B00001F00043A2F16052B2F5801F28BFD2F1D0
:1007C0007F6C0BD95FEA001C43EAC20242EB507017
:1007D00018BF704728BF20F001007047B2F5801F96
:1007E000BCBF184670474FEA410C1CF5001F02D2EF
:1007F000084600F07BBD70B500F08EFB000000895C
:10080000FFF7F6BF4FF00040A0F5800070470000F2
:1008100010B591EA030F48BF83F0004300F1D8837D
:10082000841A71EB030C05D2121943EB0C03001B65
:1008300061EB0C014FEA1154A4EB135CDFF81CE1EF
:100840001EEA430F18BF9EEA445F00F0748021EA5D
:10085000045123EA0E0343F48013DCF1200E32D35B
:1008600022FA0CFE10EB0E0023FA0CFE41EB0E01F7
:10087000CCF1200E03FA0EFE10EB0E00CCF1200E90
:1008800051F10001B1F5801F32D201EB045112FA8F
:100890000EF2BDE8104058BF7047401C38BF5FEAF9
:1008A000420218BF7047002814BF20F0010041F138
:1008B00000014FEA410313F5001F38BF7047A1F153
:1008C000C04100F077BB012A43EB0302ACF1200CDE
:1008D000DCF11F0E32BF4FF0000E23FA0CF310EBC9
:1008E000030041EB0451B4EB115FD0D0A1EB0451F4
:1008F00001F58011490801EB04515FEA30000ED385
:1009000050F1000038BF12FA0EFE08D1BDE81040C9
:10091000C9E7401C38BF5FEA4202CAD1C3E7BDE85D
:1009200010404FEA410313F5001F38BF7047A1F193
:10093000C04100F03FBB9EEA445F08D011EA5E0F61
:10094000BDE8104004BF01F0004100207047BDE841
:10095000104070B500F0E0FA64FBBE3E0000E0FF1E
:10096000491058BFC1F140415B1058BFC3F140432B
:100970008B42EFF3008070472DE9C04130B4DFF8BF
:10098000A4C23CEA111418BF3CEA131400F0ED8035
:100990001CEA111481EA030544EAD57418BF1CEA65
:1009A000131500F0C880A4EB050404F17F7404F56E
:1009B00000344FF0004545EAC12145EAC32341EA2E
:1009C000505143EA52534FEAC0204FEAC2229942A3
:1009D00008BF904200F09D804FEA13650FF2441665
:1009E000765D4FEA134506FB05F7C7F1807706FBF6
:1009F00007F74FEAD737A7FB03687642A7FB06CE77
:100A0000C8F5803838BFA8F1010807FB08E6A6FB47
:100A1000028C4FF0000EE6FB03CEDCF1000CCEF1B1
:100A2000004E38BFAEF1010EA6FB0C584FF0000788
:100A3000E6FB0E87A1FB08C6A0FB07CE16EB0E0651
:100A40004FF0000545F10005E1FB076515F1E04EAB
:100A50007EBFA4F580345FEA46066D4116F180073B
:100A600045F100054FEA172747EA05674FEA1525C4
:100A70004FEA0666A6F1DE46B6F1805F20D9384619
:100A800005EBC47124F0010C01EB0C11BCF1FE6FFD
:100A900002D8F0BCBDE8008124425CBF01F5801E95
:100AA0009EEAC47F02D4F0BCBDE80081244200F17C
:100AB0003980A1F1C041F0BCBDE8004100F07ABA34
:100AC0004FEAD02040EA41504FEAD1214FEAD222EA
:100AD00042EA43524FEAD323A7FB028607FB036691
:100AE00005FB02661EEA0E0F58BFA6EB0056B6EBDA
:100AF00000564FEA520E4EEAC37E18EB0E0E56EB2E
:100B0000530EBCD518EB02085E417F1C55F1000561
:100B1000B5E74FF480154FF000074FF000064FF097
:100B20000008ACE701F1C04101F000414FF00000C6
:100B3000F0BCBDE800810CEA131511EA0C1F00D0CF
:100B40000CE013EA0C1F00F026804FF0000081EA51
:100B5000030101F00041F0BCBDE80081F0BCBDE83C
:100B6000004181EA030100F025BAF0BCBDE8004174
:100B700070B500F0D1F900BF097EFC3E00F007B867
:100B80004FF0000081EA030101F00041704781EA63
:100B9000030100F00FBAF0BCBDE8004122494FF05C
:100BA00000007047FFFDFBF9F7F5F4F2F0EEEDEB16
:100BB000E9E8E6E4E3E1E0DEDDDBDAD8D7D5D4D35B
:100BC000D1D0CFCDCCCBCAC8C7C6C5C4C2C1C0BFA7
:100BD000BEBDBCBBBAB9B8B7B6B5B4B3B2B1B0AFAD
:100BE000AEADACABAAA9A8A8A7A6A5A4A3A3A2A191
:100BF000A09F9F9E9D9C9C9B9A999998979796954C
:100C000095949393929191908F8F8E8E8D8C8C8BE7
:100C10008B8A89898888878786858584848383826F
:100C2000828181800000FF070000F87F51EA030CF9
:100C300017D41CF5801F58BFBCF5801F00F106803B
:100C4000994218BF704708BF9042704707D711F507
:100C5000801F58BF13F5801F19D4994270478942ED
:100C600070471CF5801F08D5BCF5801FF7D58B4257
:100C700018BF704708BF824270474FF4001C1CEB3E
:100C8000410F38BF1CEB430F01D28B42704770B548
:100C900000F042F9922449004FF000514FF0805388
:100CA000FFF75EBE10F0004248BF4042B0FA80F34A
:100CB00010FA03F10AD0C3F11D0303F5806302EBC0
:100CC00003524FEA415002EBD12170474FF0000030
:100CD0007047000051EA030C17D41CF5801F58BF61
:100CE000BCF5801F00F10680994218BF704708BF0D
:100CF0009042704707D711F5801F58BF13F5801F2A
:100D000019D499427047894270471CF5801F08D555
:100D1000BCF5801FF7D58B4218BF704708BF8242D1
:100D200070474FF4001C1CEB410F38BF1CEB430F06
:100D300001D28B42704770B500F0EEF89224490062
:100D40004FF080514FF00053FFF70ABE51EA030CF9
:100D500017D41CF5801F58BFBCF5801F00F106801A
:100D6000994218BF704708BF9042704707D711F5E6
:100D7000801F58BF13F5801F19D4994270478942CC
:100D800070471CF5801F08D5BCF5801FF7D58B4236
:100D900018BF704708BF824270474FF4001C1CEB1D
:100DA000410F38BF1CEB430F01D28B42704770B527
:100DB00000F0B2F8922449004FF000514FF08053F8
:100DC000FFF7CEBD70B5DFF848C11CEA111E1EBF8B
:100DD0001CEA13159EEA0C0F95EA0C0F00F06F80C9
:100DE00081EA03044EEAD47EAE4421EA4C1123EAA0
:100DF0004C1341F4801143F48013AEF17F7EA1FBCC
:100E0000024CA0FB0365361955EB0C05A1FB034C06
:100E10004CF10003A0FB021C16EB0C06654153F1DC
:100E20000003094218BF46F0010613F4007F0BD1FE
:100E30004FEA03314FEA053041EA155140EA1650B6
:100E400034036FF003020AE04FEAC3214FEAC520E2
:100E500041EA555140EA5650F4026FF0020202EBAB
:100E60002E4201EB025585EACE710AD05FEA440CAE
:100E700018BF24F0004450F1000041F1000120EAC5
:100E8000D47040F2FE7C624500D270BDA84214BF0F
:100E90004FF080444FF04044002E08BF0024BEF1C4
:100EA000806FA8BFA1F1C041BDE8704080F2828090
:100EB00001F1C04101F000414FF0000070470CEA21
:100EC00013159EEA0C0F18BF95EA0C0F06D081EAA5
:100ED000030E4FF000000EF0004170BD00F01CF852
:100EE0008900013E00F007B800F009B84FEA430C52
:100EF0005FEA5C5C08D081EA030100F05BB84FEA6E
:100F0000410C5FEA5C5CF6D102494FF0000070478B
:100F10000000FF070000F87F0EF1020E2EF0030E16
:100F20005EF8046B364205D4012A43EB030515F540
:100F3000001F12D8012841EB010C1CF5001F0CD832
:100F40000ED14FEAD17C0CEB4C0C0CF1020C15F5D8
:100F5000001F08BF4CEBD37C04E04FF0080C01E00D
:100F60004FEAD37C0CEB4C0526FA05F606F0070693
:100F7000B6F1040C06D20EEB860CBDE870404CF0C6
:100F8000010C6047DFE80CF0090B02024FF0004152
:100F9000A1F500214FF0000070BD19461046012850
:100FA00051EB010418BFD4F5001484BF002001F0F8
:100FB000004170BD0808A0F500114FEA31017047EB
:100FC00010B591EA030F48BF83F000433FF528AC0A
:100FD000841A71EB030C07D28CF0004C121943EB0E
:100FE0000C03001B61EB0C014FEA1154A4EB135CE2
:100FF000DFF8A4E11EEA430F18BF9EEA445F00F049
:10100000B48021EA045123EA6E035242C3EB6E031B
:1010100038BF5B1EDCF1200E25D322FA0CFE10EB4C
:101020000E0043FA0CFE41EB0E01CCF1200E03FA48
:101030000EFE10EB0E00CCF1200E51F1000129D470
:1010400001EB045112FA0EF2BDE8104058BF704790
:10105000401C1CBFB2F1004F704700280CBF491C58
:1010600020F00100704712EB020E43EB030218BFA1
:101070004FF0010E4EEA4202ACF1200CDCF11E0EE4
:1010800056D943FA0CFE10EB0E00CCF11E0E51F1B6
:10109000FF31D5D50EF1010E12FA0EFE404141EBA3
:1010A000010101EB445C5FEA5C5C10D901EB045187
:1010B00010EBDE7038BFBEF1004FBDE8104018BF26
:1010C000704700280CBF491C20F00100704734D243
:1010D0004FEAD42C24F4006411F500111BD0B1FAAE
:1010E00081F20B3AA41AA41ED2F12003914030FAE7
:1010F00003F31943904001EBCC7101EB0451002C38
:10110000BDE81040A8BF704701F1C04101F00041A7
:101110004FF000007047B0FA80F310FA03F102D1EB
:10112000BDE810407047E41A173C4805C90AE2E7D9
:1011300001EB0451BDE81040704749104FEA300000
:1011400001EB0451BDE8104002E04FF00001704790
:101150004A0008BF0042F8D0B2F5001F28BF704710
:1011600001F000414FF0000070479EEA445F07D055
:1011700011EA5E0FBDE8104004BF00210020704757
:10118000BDE8104070B5FFF7C7FE00BF40DFF63E78
:10119000104683F0004170470000E0FF43004FEA33
:1011A000D30C4FEA3C0C43401FBF40070CF1605189
:1011B00013F0FE4F70471CF0006F03D10CF000419C
:1011C000002070470CF0004343EA507040EACC0026
:1011D00010B500F038F800BF000000924FEA00019F
:1011E000FFF7E8BE4FF00041A1F500214FF00000ED
:1011F000704710B5FFF71AFD0CBF0120002010BD8D
:1012000010B5FFF713FD14BF0120002010BD10B56D
:10121000FFF760FD8CBF0120002010BD10B5FFF767
:1012200059FD2CBF0120002010BD10B5FFF78EFD29
:1012300094BF0120002010BD10B5FFF787FD34BF1B
:101240000120002010BD0EF1020E2EF0030E5EF8FC
:10125000044B244204D44FEA4102B2F17F4F11D82B
:101260004FEA4003B3F17F4F0CD80ED14FEAD07C48
:101270000CEB4C0C0CF1020CB2F17F4F08BF4CEBA5
:10128000D17C04E04FF0080C01E04FEAD17C0CEB7C
:101290004C0324FA03F404F00704B4F1040C06D25E
:1012A0000EEB840CBDE810404CF0010C6047DFE809
:1012B0000CF0070802024FF00040A0F5800010BDBE
:1012C0000846420018BFD2F1807288BF00F000408B
:1012D00010BDF1EE100A4FF6FF71C0F2C03120EAE6
:1012E000010040F04070E1EE100A7047FF2141EA32
:1012F000D050C0057047EFF7B1BEEFF7E5BF000073
:101300000000000000000000303132333435363741
:101310003839414243444546403058003031323339
:101320003435363738396162636465664030780039
:10133000040000080000000000000002000100009E
:101340001030313233343536373839616263646591
:1013500066787000303132333435363738394142AF
:10136000434445465850000002400000000000A0E1
:101370000000000005400000000000C80000000060
:101380000C4000000000409C0000000019400000DC
:101390000020BCBE0000000034400000BFC91B8E0E
:1013A00000000004B5400000504BCFD06607E2CFEC
:1013B000010000006C4100003E8251AADFEEA7341C
:1013C00001000000D9420000DCB5A0E23A301F97CE
:1013D000FFFFFFFFB4450000FD25A0C8E9A3C14FF2
:1013E000FFFFFFFFFF3F0000000000800000000043
:1013F000FF3F00000000008000000000000000002F
:1014000000000000010203040607080900000000B4
:1014100001020304000610160006101600008911D0
:1014200012239B322446AD573665BF74488CC19D4C
:101430005AAFD3BE6CCAE5DB7EE9F7F8811008012C
:1014400093331A22A5562C47B7753E64C99C408D2C
:10145000DBBF52AEEDDA64CBFFF976E802218B30C8
:10146000100299132667AF763444BD554AADC3BC0C
:10147000588ED19F6EEBE7FA7CC8F5D983310A20EC
:1014800091121803A7772E66B5543C45CBBD42ACEC
:10149000D99E508FEFFB66EAFDD874C904428D5384
:1014A00016619F702004A9153227BB364CCEC5DFCC
:1014B0005EEDD7FC6888E1997AABF3BA85520C43AC
:1014C00097711E60A1142805B3373A26CDDE44CFAC
:1014D000DFFD56ECE9986089FBBB72AA06638F7248
:1014E00014409D512225AB343006B9174EEFC7FE8C
:1014F0005CCCD5DD6AA9E3B8788AF19B87730E626C
:1015000095501C41A3352A24B1163807CFFF46EE6B
:10151000DDDC54CDEBB962A8F99A708B0884819513
:101520001AA793B62CC2A5D33EE1B7F04008C9195B
:10153000522BDB3A644EED5F766DFF7C899400851B
:101540009BB712A6ADD224C3BFF136E0C11848093B
:10155000D33B5A2AE55E6C4FF77D7E6C0AA583B4B7
:10156000188691972EE3A7F23CC0B5D14229CB381B
:10157000500AD91B666FEF7E744CFD5D8BB502A4DB
:1015800099961087AFF326E2BDD034C1C3394A28FB
:10159000D11A580BE77F6E6EF55C7C4D0CC685D773
:1015A0001EE597F42880A1913AA3B3B2444ACD5BDB
:1015B0005669DF78600CE91D722FFB3E8DD604C79B
:1015C0009FF516E4A9902081BBB332A2C55A4C4BBB
:1015D000D7795E68E11C680DF33F7A2E0EE787F637
:1015E0001CC495D52AA1A3B03882B193466BCF7A9B
:1015F0005448DD59622DEB3C700EF91F8FF706E65B
:101600009DD414C5ABB122A0B9923083C77B4E6A7A
:10161000D5585C49E33D6A2CF11E780F25642C25D2
:10162000642C25642C25642C25642C25660A004432
:101630004542555320496E6974204572726F720A93
:10164000005245424F4F540D0A000000C8170108D0
:101650000000002020000000C4010008E817010875
:101660002000002070460000E0010008100100008A
:1016700043000000F8FFFFFF004040404040404072
:101680004040414141414140404040404040404055
:1016900040404040404040404005020202020202F9
:1016A0000202020202020202022020202020202048
:1016B000202020020202020202029090909090905C
:1016C000101010101010101010101010101010101A
:1016D000101010100202020202028888888888888E
:1016E000080808080808080808080808080808087A
:1016F0000808080802020202400000000000000082
:1017000000000000000000000000000000000000D9
:1017100000000000000000000000000000000000C9
:1017200000000000000000000000000000000000B9
:1017300000000000000000000000000000000000A9
:101740000000000000000000000000000000000099
:101750000000000000000000000000000000000089
:101760000000000000000000000000000000000079
:101770000000000000000000000000001C0000004D
:1017800043000000F8FFFFFF0C0000000E00000007
:101790000F0000002E0000004977FFFFC977FFFF10
:1017A0003977FFFFC576FFFF8576FFFFAD76FFFF38
:1017B000B176FFFF8176FFFF8576FFFFB576FFFFED
:1017C000ED76FFFF00000000040000000024F4009C
:1017D00001000000010000007B142E3E010000000B
:0817E0001000000000000000F1
:040000050800018965
:00000001FF
